Timestamp,Age,Gender,District,Occupation,Network,Years_Used,Monthly_Spend,MoMo_Transactions,Call_Minutes_Week,SMS_Week,Primary_Service,Recharge_Frequency,Changed_Network,Reason_Changed,Satisfaction,Heard_AI,AI_for_Telecom,Agree_Personalized,Age_Num,Spend_Num,MoMo_Num,Call_Num,SMS_Num,Tenure_Num,Recharge_Num,RFM_Recency,RFM_Frequency,RFM_Monetary,Engagement_Score,Loyalty_Score
2026/07/05 1:24:07 pm GMT+3,18–24,Male,Ubungo,Business owner,Vodacom,More than 5 years,"5,000–10,000",11–30,121–300,More than 30,Voice Calls,Daily,Yes,Better internet,2.0,Yes,Yes,Strongly Agree,1,2,2,4,3,4,4,4,3.0,2,2.8,3.2
2026/07/05 1:52:36 pm GMT+3,18–24,Prefer not to say,Ubungo,Employed,Vodacom,1–2 years,"5,000–10,000",1–10,30–60,More than 30,SMS,Weekly,No,Other,3.0,Yes,Yes,Strongly Agree,1,2,1,2,3,2,3,3,2.0,2,2.0,2.4000000000000004
2026/07/05 1:58:31 pm GMT+3,Under 18,Female,Kigamboni,Self-employed,TTCL,3–5 years,"5,000–10,000",11–30,Less than 30,1–10,Internet,Occasionally,No,N/A,1.0,Yes,Yes,Neutral,0,2,2,1,1,3,1,1,1.3333333333333333,2,1.5500000000000003,2.1999999999999997
2026/07/05 2:01:45 pm GMT+3,25–34,Male,Kigamboni,Unemployed,Airtel,3–5 years,"10,001–20,000",31–60,More than 300,More than 30,Internet,Weekly,No,N/A,5.0,Yes,No,Neutral,2,3,3,5,3,3,3,3,3.6666666666666665,3,3.5,3.8
2026/07/05 2:23:42 pm GMT+3,18–24,Male,Ilala,Student,Vodacom,3–5 years,"20,001–50,000",31–60,30–60,None,Mobile Money,Daily,No,Lower prices,3.0,Yes,Yes,Agree,1,4,3,2,0,3,4,4,1.6666666666666667,4,2.9,3.0
2026/07/05 2:25:48 pm GMT+3,18–24,Male,Kinondoni,Student,Vodacom,3–5 years,"More than 50,000",More than 60,More than 300,More than 30,Mixed Usage,Occasionally,Yes,Better internet,5.0,Yes,Yes,Strongly Agree,1,5,4,5,3,3,1,1,4.0,5,4.2,3.8
2026/07/05 3:34:13 pm GMT+3,25–34,Male,Ubungo,Student,Airtel,3–5 years,"More than 50,000",More than 60,More than 300,More than 30,Internet,Monthly,Yes,Better network coverage,5.0,Yes,Yes,Agree,2,5,4,5,3,3,2,2,4.0,5,4.3,3.8
2026/07/05 4:52:15 pm GMT+3,18–24,Male,Ubungo,Student,Tigo,More than 5 years,"10,001–20,000",11–30,61–120,11–30,Voice Calls,Weekly,Yes,Other,4.0,Yes,Yes,Agree,1,3,2,3,2,4,3,3,2.3333333333333335,3,2.7,4.0
2026/07/05 4:53:28 pm GMT+3,18–24,Male,Ubungo,Student,Airtel,3–5 years,"20,001–50,000",11–30,121–300,More than 30,Internet,Weekly,Yes,Other,4.0,Yes,Yes,Agree,1,4,2,4,3,3,3,3,3.0,4,3.3999999999999995,3.4
2026/07/05 4:56:06 pm GMT+3,18–24,Male,Ubungo,Student,Halotel,1–2 years,"5,000–10,000",1–10,Less than 30,More than 30,Internet,Monthly,Yes,Better network coverage,5.0,Yes,Yes,Strongly Agree,1,2,1,1,3,2,2,2,1.6666666666666667,2,1.65,3.2
2026/07/05 6:52:29 pm GMT+3,25–34,Female,Temeke,Self-employed,Halotel,1–2 years,"5,000–10,000",1–10,30–60,More than 30,SMS,Monthly,Yes,Better network coverage,3.0,Yes,Yes,Strongly Agree,2,2,1,2,3,2,2,2,2.0,2,1.9,2.4000000000000004
2026/07/05 6:56:32 pm GMT+3,18–24,Female,Ubungo,Student,Halotel,More than 5 years,"20,001–50,000",1–10,121–300,More than 30,Internet,Monthly,No,N/A,5.0,Yes,Yes,Neutral,1,4,1,4,3,4,2,2,2.6666666666666665,4,3.1000000000000005,4.4
2026/07/05 6:57:10 pm GMT+3,18–24,Male,Kinondoni,Student,Halotel,3–5 years,"10,001–20,000",1–10,30–60,More than 30,Internet,Daily,Yes,Promotions,3.0,Yes,Yes,Agree,1,3,1,2,3,3,4,4,2.0,3,2.45,3.0
2026/07/05 6:59:55 pm GMT+3,18–24,Female,Kinondoni,Student,Vodacom,Less than 1 year,"20,001–50,000",31–60,30–60,11–30,Mixed Usage,Daily,No,Other,4.0,Yes,Yes,Strongly Agree,1,4,3,2,2,1,4,4,2.3333333333333335,4,3.1,2.2
2026/07/05 7:00:00 pm GMT+3,18–24,Male,Ubungo,Student,Halotel,3–5 years,"10,001–20,000",None,Less than 30,11–30,Internet,Monthly,Yes,Lower prices,1.0,Yes,Yes,Agree,1,3,0,1,2,3,2,2,1.0,3,1.6999999999999997,2.1999999999999997
2026/07/05 7:03:16 pm GMT+3,18–24,Male,Ilala,Student,Airtel,3–5 years,"5,000–10,000",1–10,Less than 30,11–30,Internet,Weekly,Yes,Lower prices,5.0,Yes,Yes,Strongly Agree,1,2,1,1,2,3,3,3,1.3333333333333333,2,1.65,3.8
2026/07/05 7:05:20 pm GMT+3,18–24,Male,Temeke,Student,Airtel,3–5 years,"5,000–10,000",11–30,121–300,More than 30,Mixed Usage,Weekly,No,Better customer service,3.0,Yes,No,Neutral,1,2,2,4,3,3,3,3,3.0,2,2.7,3.0
2026/07/05 7:06:05 pm GMT+3,18–24,Male,Ubungo,Student,Halotel,3–5 years,"More than 50,000",More than 60,61–120,More than 30,Mixed Usage,Weekly,Yes,Better internet,1.0,Yes,Yes,Strongly Agree,1,5,4,3,3,3,3,3,3.3333333333333335,5,3.8999999999999995,2.1999999999999997
2026/07/05 7:11:58 pm GMT+3,18–24,Male,Ubungo,Student,Halotel,More than 5 years,"10,001–20,000",1–10,30–60,11–30,Internet,Weekly,Yes,Lower prices,4.0,Yes,Yes,Agree,1,3,1,2,2,4,3,3,1.6666666666666667,3,2.25,4.0
2026/07/05 7:21:16 pm GMT+3,18–24,Male,Ubungo,Student,Tigo,3–5 years,"Less than TZS 5,000",1–10,121–300,More than 30,SMS,Daily,Yes,Lower prices,2.0,Yes,Yes,Agree,1,1,1,4,3,3,4,4,2.6666666666666665,1,2.25,2.5999999999999996
2026/07/05 7:23:30 pm GMT+3,18–24,Male,Temeke,Student,Vodacom,3–5 years,"5,000–10,000",None,Less than 30,More than 30,Internet,Weekly,No,N/A,3.0,Yes,Yes,Neutral,1,2,0,1,3,3,3,3,1.3333333333333333,2,1.55,3.0
2026/07/05 7:24:39 pm GMT+3,35–44,Male,Ilala,Student,Airtel,1–2 years,"More than 50,000",11–30,30–60,11–30,Internet,Weekly,Yes,Promotions,3.0,Yes,Yes,Agree,3,5,2,2,2,2,3,3,2.0,5,3.1500000000000004,2.4000000000000004
2026/07/05 7:29:13 pm GMT+3,18–24,Male,Ubungo,Student,Airtel,1–2 years,"10,001–20,000",1–10,30–60,11–30,Internet,Daily,Yes,Other,5.0,Yes,Yes,Neutral,1,3,1,2,2,2,4,4,1.6666666666666667,3,2.35,3.2
2026/07/05 7:32:03 pm GMT+3,25–34,Male,Ilala,Business owner,Vodacom,More than 5 years,"Less than TZS 5,000",31–60,30–60,More than 30,Internet,Daily,Yes,Better internet,1.0,Yes,Yes,Strongly Agree,2,1,3,2,3,4,4,4,2.6666666666666665,1,2.1500000000000004,2.8
2026/07/05 8:09:06 pm GMT+3,18–24,Male,Ilala,Student,Halotel,3–5 years,"5,000–10,000",11–30,Less than 30,11–30,Mixed Usage,Weekly,No,Better customer service,5.0,Yes,Yes,Strongly Agree,1,2,2,1,2,3,3,3,1.6666666666666667,2,1.85,3.8
2026/07/05 8:38:00 pm GMT+3,18–24,Female,Ubungo,Student,Tigo,Less than 1 year,"5,000–10,000",1–10,30–60,More than 30,SMS,Monthly,Yes,Promotions,4.0,Yes,Yes,Strongly Agree,1,2,1,2,3,1,2,2,2.0,2,1.9,2.2
2026/07/05 8:53:41 pm GMT+3,18–24,Female,Ilala,Student,Halotel,3–5 years,"5,000–10,000",More than 60,Less than 30,More than 30,SMS,Daily,Yes,Better customer service,2.0,Yes,Yes,Agree,1,2,4,1,3,3,4,4,2.6666666666666665,2,2.45,2.5999999999999996
2026/07/05 9:50:43 pm GMT+3,18–24,Male,Kigamboni,Student,Halotel,3–5 years,"10,001–20,000",11–30,121–300,More than 30,Internet,Weekly,No,Better internet,5.0,Yes,Yes,Neutral,1,3,2,4,3,3,3,3,3.0,3,3.05,3.8
2026/07/05 9:51:18 pm GMT+3,18–24,Male,Ubungo,Student,Airtel,More than 5 years,"10,001–20,000",11–30,121–300,1–10,Internet,Weekly,Yes,Better network coverage,3.0,Yes,Yes,Strongly Agree,1,3,2,4,1,4,3,3,2.3333333333333335,3,2.85,3.6
2026/07/05 9:52:05 pm GMT+3,25–34,Male,Ubungo,Student,Vodacom,More than 5 years,"10,001–20,000",1–10,61–120,More than 30,Mixed Usage,Weekly,Yes,Promotions,5.0,Yes,Yes,Strongly Agree,2,3,1,3,3,4,3,3,2.3333333333333335,3,2.5999999999999996,4.4
2026/07/05 9:52:12 pm GMT+3,18–24,Female,Kinondoni,Student,Airtel,1–2 years,"10,001–20,000",11–30,30–60,More than 30,Internet,Daily,Yes,Better internet,4.0,Yes,Yes,Agree,1,3,2,2,3,2,4,4,2.3333333333333335,3,2.6499999999999995,2.8
2026/07/05 9:54:02 pm GMT+3,18–24,Male,Kinondoni,Student,Vodacom,1–2 years,"10,001–20,000",1–10,30–60,11–30,Internet,Weekly,Yes,Other,1.0,Yes,Yes,Strongly Agree,1,3,1,2,2,2,3,3,1.6666666666666667,3,2.25,1.6
2026/07/05 9:54:07 pm GMT+3,18–24,Female,Ubungo,Student,Halotel,3–5 years,"5,000–10,000",1–10,Less than 30,More than 30,Internet,Weekly,Yes,Promotions,3.0,Yes,Yes,Agree,1,2,1,1,3,3,3,3,1.6666666666666667,2,1.75,3.0
2026/07/05 9:58:51 pm GMT+3,18–24,Male,Temeke,Student,Tigo,3–5 years,"5,000–10,000",1–10,30–60,More than 30,Internet,Monthly,Yes,Better internet,1.0,Yes,Yes,Strongly Agree,1,2,1,2,3,3,2,2,2.0,2,1.9,2.1999999999999997
2026/07/05 10:02:02 pm GMT+3,18–24,Male,Ubungo,Student,Halotel,More than 5 years,"Less than TZS 5,000",11–30,More than 300,More than 30,Voice Calls,Monthly,Yes,Better customer service,3.0,Yes,Yes,Strongly Agree,1,1,2,5,3,4,2,2,3.3333333333333335,1,2.5,3.6
2026/07/05 10:07:39 pm GMT+3,18–24,Male,Ubungo,Student,Vodacom,3–5 years,"More than 50,000",More than 60,30–60,More than 30,Internet,Monthly,Yes,Better customer service,4.0,Yes,Yes,Neutral,1,5,4,2,3,3,2,2,3.0,5,3.55,3.4
2026/07/05 10:08:46 pm GMT+3,18–24,Male,Ilala,Self-employed,Airtel,3–5 years,"20,001–50,000",11–30,30–60,More than 30,Mixed Usage,Weekly,Yes,Better internet,4.0,Yes,Yes,Agree,1,4,2,2,3,3,3,3,2.3333333333333335,4,2.8999999999999995,3.4
2026/07/05 10:11:04 pm GMT+3,18–24,Male,Kinondoni,Student,Vodacom,1–2 years,"10,001–20,000",11–30,61–120,More than 30,Mixed Usage,Occasionally,No,N/A,4.0,Yes,Yes,Strongly Agree,1,3,2,3,3,2,1,1,2.6666666666666665,3,2.5999999999999996,2.8
2026/07/05 10:13:21 pm GMT+3,18–24,Male,Ubungo,Student,Halotel,3–5 years,"5,000–10,000",31–60,121–300,More than 30,Mixed Usage,Weekly,Yes,Better internet,5.0,Yes,Yes,Agree,1,2,3,4,3,3,3,3,3.3333333333333335,2,2.8999999999999995,3.8
2026/07/05 10:15:39 pm GMT+3,18–24,Male,Kinondoni,Student,Vodacom,3–5 years,"Less than TZS 5,000",1–10,30–60,11–30,SMS,Weekly,Yes,Promotions,1.0,Yes,Yes,Strongly Agree,1,1,1,2,2,3,3,3,1.6666666666666667,1,1.55,2.1999999999999997
2026/07/05 10:39:33 pm GMT+3,18–24,Female,Temeke,Self-employed,Halotel,More than 5 years,"10,001–20,000",1–10,30–60,More than 30,SMS,Weekly,Yes,Better internet,3.0,Yes,Yes,Strongly Agree,1,3,1,2,3,4,3,3,2.0,3,2.3499999999999996,3.6
2026/07/05 10:57:53 pm GMT+3,18–24,Male,Temeke,Student,Tigo,1–2 years,"More than 50,000",11–30,61–120,1–10,Internet,Daily,Yes,Lower prices,4.0,Yes,No,Agree,1,5,2,3,1,2,4,4,2.0,5,3.4,2.8
2026/07/05 10:58:17 pm GMT+3,18–24,Female,Ubungo,Student,Vodacom,1–2 years,"More than 50,000",11–30,61–120,11–30,Internet,Weekly,Yes,Lower prices,3.0,Yes,Yes,Agree,1,5,2,3,2,2,3,3,2.3333333333333335,5,3.4000000000000004,2.4000000000000004
2026/07/05 11:05:26 pm GMT+3,18–24,Male,Ubungo,Student,Airtel,1–2 years,"20,001–50,000",31–60,Less than 30,More than 30,Internet,Occasionally,Yes,Promotions,1.0,Yes,Yes,Strongly Agree,1,4,3,1,3,2,1,1,2.3333333333333335,4,2.6500000000000004,1.6
2026/07/05 11:06:44 pm GMT+3,18–24,Female,Ubungo,Student,Halotel,More than 5 years,"10,001–20,000",11–30,121–300,More than 30,Internet,Weekly,No,N/A,4.0,Yes,Yes,Agree,1,3,2,4,3,4,3,3,3.0,3,3.05,4.0
2026/07/05 11:53:12 pm GMT+3,18–24,Female,Ubungo,Student,Vodacom,3–5 years,"More than 50,000",1–10,61–120,11–30,Internet,Weekly,No,Lower prices,3.0,Yes,Yes,Strongly Agree,1,5,1,3,2,3,3,3,2.0,5,3.2,3.0
2026/07/06 1:37:45 am GMT+3,18–24,Male,Ilala,Student,Vodacom,More than 5 years,"More than 50,000",11–30,30–60,More than 30,Internet,Weekly,Yes,Promotions,3.0,Yes,Yes,Agree,1,5,2,2,3,4,3,3,2.3333333333333335,5,3.25,3.6
2026/07/06 1:57:04 am GMT+3,18–24,Female,Ubungo,Student,Halotel,3–5 years,"5,000–10,000",11–30,Less than 30,11–30,Internet,Weekly,Yes,Better internet,3.0,Yes,Yes,Agree,1,2,2,1,2,3,3,3,1.6666666666666667,2,1.85,3.0
2026/07/06 7:16:52 am GMT+3,18–24,Male,Kinondoni,Student,Vodacom,More than 5 years,"5,000–10,000",1–10,61–120,More than 30,Voice Calls,Weekly,No,N/A,5.0,Yes,Yes,Strongly Agree,1,2,1,3,3,4,3,3,2.3333333333333335,2,2.25,4.4
2026/07/06 8:34:16 am GMT+3,18–24,Male,Kinondoni,Student,Halotel,3–5 years,"10,001–20,000",11–30,121–300,More than 30,Voice Calls,Weekly,Yes,Promotions,4.0,Yes,Yes,Neutral,1,3,2,4,3,3,3,3,3.0,3,3.05,3.4
2026/07/06 10:55:35 am GMT+3,18–24,Female,Ubungo,Student,Tigo,More than 5 years,"More than 50,000",1–10,30–60,More than 30,Internet,Monthly,No,Other,3.0,Yes,Yes,Agree,1,5,1,2,3,4,2,2,2.0,5,2.95,3.6
2026/07/06 12:09:05 pm GMT+3,18–24,Male,Kigamboni,Student,Halotel,More than 5 years,"20,001–50,000",31–60,More than 300,11–30,Voice Calls,Weekly,No,N/A,1.0,Yes,Yes,Agree,1,4,3,5,2,4,3,3,3.3333333333333335,4,3.75,2.8
2026/07/06 12:12:04 pm GMT+3,18–24,Male,Ubungo,Student,Vodacom,More than 5 years,"10,001–20,000",11–30,More than 300,More than 30,Internet,Weekly,Yes,Better internet,5.0,Yes,Yes,Strongly Disagree,1,3,2,5,3,4,3,3,3.3333333333333335,3,3.3,4.4
2026/07/06 12:23:53 pm GMT+3,25–34,Female,Ilala,Self-employed,Halotel,Less than 1 year,"10,001–20,000",11–30,61–120,More than 30,Internet,Weekly,Yes,Other,5.0,Yes,Yes,Agree,2,3,2,3,3,1,3,3,2.6666666666666665,3,2.8,2.6
2026/07/06 12:38:14 pm GMT+3,18–24,Female,Ilala,Student,Vodacom,More than 5 years,"More than 50,000",31–60,30–60,More than 30,SMS,Weekly,No,N/A,5.0,Yes,Yes,Agree,1,5,3,2,3,4,3,3,2.6666666666666665,5,3.45,4.4
2026/07/06 12:44:02 pm GMT+3,18–24,Male,Ilala,Student,Halotel,Less than 1 year,"10,001–20,000",1–10,30–60,11–30,Internet,Weekly,Yes,Lower prices,3.0,Yes,Yes,Agree,1,3,1,2,2,1,3,3,1.6666666666666667,3,2.25,1.8000000000000003
2026/07/06 1:20:44 pm GMT+3,18–24,Female,Ilala,Student,Airtel,1–2 years,"5,000–10,000",1–10,Less than 30,None,Internet,Daily,Yes,Better internet,1.0,Yes,No,Strongly Agree,1,2,1,1,0,2,4,4,0.6666666666666666,2,1.5499999999999998,1.6
2026/07/06 1:46:28 pm GMT+3,18–24,Female,Ilala,Student,Vodacom,3–5 years,"20,001–50,000",11–30,30–60,More than 30,Internet,Daily,No,N/A,4.0,Yes,Yes,Strongly Agree,1,4,2,2,3,3,4,4,2.3333333333333335,4,3.0,3.4
2026/07/06 2:27:29 pm GMT+3,18–24,Male,Ilala,Student,Halotel,More than 5 years,"More than 50,000",More than 60,More than 300,More than 30,Mixed Usage,Daily,No,N/A,3.0,Yes,Yes,Neutral,1,5,4,5,3,4,4,4,4.0,5,4.5,3.6
2026/07/06 5:11:21 pm GMT+3,25–34,Female,Ilala,Unemployed,TTCL,3–5 years,"20,001–50,000",1–10,Less than 30,More than 30,Internet,Daily,Yes,Better internet,3.0,Yes,Yes,Agree,2,4,1,1,3,3,4,4,1.6666666666666667,4,2.55,3.0
2026/07/06 5:12:26 pm GMT+3,25–34,Male,Temeke,Employed,Vodacom,More than 5 years,"Less than TZS 5,000",1–10,Less than 30,1–10,Internet,Occasionally,Yes,Better internet,5.0,Yes,Yes,Strongly Agree,2,1,1,1,1,4,1,1,1.0,1,1.0,4.4
2026/07/06 5:56:16 pm GMT+3,18–24,Female,Kinondoni,Student,Halotel,3–5 years,"More than 50,000",31–60,30–60,11–30,Internet,Weekly,No,Better internet,1.0,Yes,Yes,Agree,1,5,3,2,2,3,3,3,2.3333333333333335,5,3.3500000000000005,2.1999999999999997
2026/07/06 9:15:28 pm GMT+3,18–24,Male,Ubungo,Student,Airtel,3–5 years,"5,000–10,000",1–10,121–300,More than 30,Voice Calls,Weekly,Yes,Promotions,2.0,Yes,No,Strongly Agree,1,2,1,4,3,3,3,3,2.6666666666666665,2,2.5,2.5999999999999996
2026/07/06 11:48:47 pm GMT+3,18–24,Female,Temeke,Student,Halotel,1–2 years,"5,000–10,000",None,More than 300,More than 30,Internet,Daily,Yes,Better internet,2.0,Yes,No,Agree,1,2,0,5,3,2,4,4,2.6666666666666665,2,2.6500000000000004,2.0
2026/07/07 4:59:57 am GMT+3,25–34,Female,Ilala,Self-employed,Halotel,More than 5 years,"5,000–10,000",1–10,30–60,1–10,Internet,Occasionally,Yes,Better internet,1.0,No,No,Agree,2,2,1,2,1,4,1,1,1.3333333333333333,2,1.6,2.8
2026/07/07 5:02:58 am GMT+3,25–34,Female,Ilala,Self-employed,Halotel,More than 5 years,"5,000–10,000",1–10,30–60,1–10,Internet,Occasionally,Yes,Better internet,2.0,Yes,No,Agree,2,2,1,2,1,4,1,1,1.3333333333333333,2,1.6,3.2
2026/07/07 8:40:05 am GMT+3,25–34,Male,Ilala,Employed,Tigo,More than 5 years,"5,000–10,000",None,61–120,More than 30,Internet,Weekly,No,Better network coverage,3.0,No,Yes,Agree,2,2,0,3,3,4,3,3,2.0,2,2.05,3.6
2026/07/07 8:57:59 am GMT+3,18–24,Female,Ilala,Student,Airtel,1–2 years,"10,001–20,000",1–10,Less than 30,More than 30,Internet,Daily,Yes,Better internet,2.0,Yes,Yes,Agree,1,3,1,1,3,2,4,4,1.6666666666666667,3,2.2,2.0
2026/07/07 8:59:21 am GMT+3,18–24,Male,Ilala,Student,Airtel,1–2 years,"5,000–10,000",1–10,Less than 30,More than 30,Internet,Daily,Yes,Better internet,2.0,Yes,Yes,Agree,1,2,1,1,3,2,4,4,1.6666666666666667,2,1.8499999999999999,2.0
2026/07/07 10:52:52 am GMT+3,18–24,Female,Ilala,Self-employed,Tigo,3–5 years,"5,000–10,000",1–10,30–60,11–30,SMS,Daily,No,N/A,3.0,Yes,Yes,Agree,1,2,1,2,2,3,4,4,1.6666666666666667,2,1.9999999999999998,3.0
2026/07/08 9:34:29 am GMT+3,18–24,Female,Ubungo,Student,Airtel,More than 5 years,"5,000–10,000",More than 60,30–60,11–30,Internet,Occasionally,No,N/A,3.0,Yes,Yes,Agree,1,2,4,2,2,4,1,1,2.6666666666666665,2,2.3000000000000003,3.6
2026/07/08 1:26:22 pm GMT+3,18–24,Female,Temeke,Student,Tigo,More than 5 years,"20,001–50,000",31–60,More than 300,More than 30,Mixed Usage,Monthly,No,N/A,4.0,Yes,Yes,Neutral,1,4,3,5,3,4,2,2,3.6666666666666665,4,3.75,4.0
2026/07/08 10:15:17 pm GMT+3,25–34,Male,Kinondoni,Employed,Halotel,3–5 years,"20,001–50,000",31–60,121–300,More than 30,Voice Calls,Weekly,No,Better customer service,1.0,Yes,Yes,Neutral,2,4,3,4,3,3,3,3,3.3333333333333335,4,3.5999999999999996,2.1999999999999997
2026/07/08 10:53:42 pm GMT+3,18–24,Male,Ilala,Student,Airtel,3–5 years,"5,000–10,000",11–30,121–300,11–30,Internet,Weekly,Yes,Promotions,2.0,Yes,Yes,Strongly Agree,1,2,2,4,2,3,3,3,2.6666666666666665,2,2.6000000000000005,2.5999999999999996
2026/07/08 10:54:17 pm GMT+3,25–34,Male,Temeke,Employed,Tigo,3–5 years,"20,001–50,000",1–10,Less than 30,1–10,SMS,Weekly,Yes,Lower prices,1.0,Yes,Yes,Strongly Agree,2,4,1,1,1,3,3,3,1.0,4,2.25,2.1999999999999997
2026/07/08 10:54:58 pm GMT+3,35–44,Female,Ubungo,Employed,Halotel,More than 5 years,"20,001–50,000",11–30,30–60,11–30,Mobile Money,Monthly,Yes,Better internet,1.0,Yes,Yes,Strongly Agree,3,4,2,2,2,4,2,2,2.0,4,2.7,2.8
2026/07/08 10:57:42 pm GMT+3,55+,Male,Ilala,Business owner,Vodacom,More than 5 years,"20,001–50,000",11–30,121–300,11–30,Voice Calls,Monthly,Yes,Lower prices,2.0,Yes,Yes,Agree,5,4,2,4,2,4,2,2,2.6666666666666665,4,3.2,3.2
2026/07/08 10:58:23 pm GMT+3,18–24,Male,Temeke,Student,Vodacom,1–2 years,"5,000–10,000",1–10,61–120,1–10,Mobile Money,Daily,Yes,Promotions,1.0,Yes,Yes,Agree,1,2,1,3,1,2,4,4,1.6666666666666667,2,2.15,1.6
2026/07/08 10:59:03 pm GMT+3,25–34,Female,Kigamboni,Employed,Airtel,3–5 years,"10,001–20,000",11–30,61–120,11–30,Mobile Money,Weekly,No,Better internet,1.0,Yes,Yes,Neutral,2,3,2,3,2,3,3,3,2.3333333333333335,3,2.7,2.1999999999999997
2026/07/09 12:26:54 am GMT+3,18–24,Female,Ubungo,Student,Vodacom,3–5 years,"5,000–10,000",11–30,61–120,11–30,Voice Calls,Weekly,Yes,Lower prices,3.0,Yes,Yes,Strongly Agree,1,2,2,3,2,3,3,3,2.3333333333333335,2,2.3500000000000005,3.0
2026/07/10 11:21:00 AM GMT+3,45–54,Female,Temeke,Employed,Vodacom,3–5 years,"20,001–50,000",None,More than 300,11–30,Mobile Money,Occasionally,Yes,Lower prices,1.0,No,Yes,Agree,4,4,0,5,2,3,1,1,2.3333333333333335,4,2.95,2.1999999999999997
2026/07/10 01:20:00 PM GMT+3,55+,Female,Ilala,Business owner,Tigo,More than 5 years,"Less than TZS 5,000",1–10,30–60,11–30,Mobile Money,Daily,Yes,Promotions,4.0,No,No,Strongly Disagree,5,1,1,2,2,4,4,4,1.6666666666666667,1,1.6500000000000001,4.0
2026/07/10 02:19:00 PM GMT+3,18–24,Female,Ubungo,Self-employed,Halotel,More than 5 years,"5,000–10,000",31–60,61–120,More than 30,Mixed Usage,Occasionally,Yes,Better internet,5.0,Yes,Yes,Agree,1,2,3,3,3,4,1,1,3.0,2,2.45,4.4
2026/07/10 03:22:00 PM GMT+3,35–44,Female,Ubungo,Unemployed,Tigo,More than 5 years,"More than 50,000",More than 60,61–120,11–30,Voice Calls,Monthly,No,N/A,2.0,Yes,Yes,Neutral,3,5,4,3,2,4,2,2,3.0,5,3.7,3.2
2026/07/10 05:01:00 PM GMT+3,55+,Female,Kinondoni,Student,Halotel,Less than 1 year,"Less than TZS 5,000",More than 60,30–60,None,Mixed Usage,Weekly,No,Better customer service,2.0,Yes,Yes,Strongly Agree,5,1,4,2,0,1,3,3,2.0,1,1.95,1.4
2026/07/10 06:53:00 PM GMT+3,45–54,Prefer not to say,Kigamboni,Self-employed,Vodacom,Less than 1 year,"10,001–20,000",1–10,More than 300,1–10,Internet,Daily,Yes,Better internet,4.0,No,Yes,Strongly Agree,4,3,1,5,1,1,4,4,2.3333333333333335,3,3.0,2.2
2026/07/10 07:07:00 PM GMT+3,25–34,Female,Kinondoni,Student,Airtel,3–5 years,"Less than TZS 5,000",11–30,121–300,None,Mixed Usage,Daily,Yes,Better network coverage,4.0,No,No,Neutral,2,1,2,4,0,3,4,4,2.0,1,2.15,3.4
2026/07/10 08:16:00 PM GMT+3,55+,Male,Kigamboni,Student,Tigo,Less than 1 year,"20,001–50,000",None,More than 300,11–30,Internet,Daily,No,Lower prices,2.0,Yes,No,Neutral,5,4,0,5,2,1,4,4,2.3333333333333335,4,3.25,1.4
2026/07/10 08:50:00 PM GMT+3,18–24,Female,Ubungo,Employed,TTCL,3–5 years,"10,001–20,000",31–60,More than 300,None,Internet,Daily,No,Better customer service,4.0,No,Yes,Neutral,1,3,3,5,0,3,4,4,2.6666666666666665,3,3.3,3.4
2026/07/10 10:29:00 PM GMT+3,25–34,Female,Ilala,Employed,Vodacom,1–2 years,"20,001–50,000",More than 60,More than 300,1–10,Mixed Usage,Daily,No,Promotions,4.0,Yes,Yes,Neutral,2,4,4,5,1,2,4,4,3.3333333333333335,4,3.95,2.8
2026/07/10 11:26:00 PM GMT+3,18–24,Male,Kinondoni,Business owner,Tigo,3–5 years,"More than 50,000",None,Less than 30,1–10,Mixed Usage,Monthly,Yes,Other,1.0,No,No,Neutral,1,5,0,1,1,3,2,2,0.6666666666666666,5,2.3000000000000003,2.1999999999999997
2026/07/11 01:03:00 AM GMT+3,Under 18,Female,Kigamboni,Student,Vodacom,Less than 1 year,"More than 50,000",31–60,30–60,1–10,Mobile Money,Daily,Yes,Better customer service,5.0,No,No,Strongly Agree,0,5,3,2,1,1,4,4,2.0,5,3.35,2.6
2026/07/11 01:46:00 AM GMT+3,25–34,Prefer not to say,Ubungo,Business owner,Airtel,3–5 years,"5,000–10,000",None,More than 300,11–30,Mobile Money,Occasionally,No,N/A,2.0,No,No,Strongly Disagree,2,2,0,5,2,3,1,1,2.3333333333333335,2,2.25,2.5999999999999996
2026/07/11 02:32:00 AM GMT+3,18–24,Male,Ubungo,Unemployed,Airtel,More than 5 years,"Less than TZS 5,000",31–60,30–60,11–30,Voice Calls,Occasionally,Yes,Better network coverage,3.0,No,Yes,Neutral,1,1,3,2,2,4,1,1,2.3333333333333335,1,1.7500000000000002,3.6
2026/07/11 04:32:00 AM GMT+3,55+,Female,Kinondoni,Student,Tigo,1–2 years,"20,001–50,000",31–60,61–120,11–30,SMS,Occasionally,No,N/A,2.0,Yes,Yes,Neutral,5,4,3,3,2,2,1,1,2.6666666666666665,4,3.0500000000000003,2.0
2026/07/11 06:23:00 AM GMT+3,18–24,Female,Temeke,Student,Tigo,Less than 1 year,"More than 50,000",11–30,30–60,1–10,Mobile Money,Occasionally,No,N/A,2.0,No,No,Agree,1,5,2,2,1,1,1,1,1.6666666666666667,5,2.85,1.4
2026/07/11 06:48:00 AM GMT+3,Under 18,Male,Ubungo,Student,TTCL,Less than 1 year,"More than 50,000",More than 60,61–120,None,Voice Calls,Weekly,No,Lower prices,2.0,Yes,No,Strongly Agree,0,5,4,3,0,1,3,3,2.3333333333333335,5,3.5999999999999996,1.4
2026/07/11 07:13:00 AM GMT+3,18–24,Female,Ilala,Business owner,Vodacom,1–2 years,"Less than TZS 5,000",31–60,30–60,None,Internet,Daily,Yes,N/A,3.0,Yes,Yes,Strongly Disagree,1,1,3,2,0,2,4,4,1.6666666666666667,1,1.85,2.4000000000000004
2026/07/11 07:52:00 AM GMT+3,Under 18,Male,Temeke,Self-employed,Tigo,3–5 years,"5,000–10,000",31–60,Less than 30,More than 30,Internet,Daily,Yes,Better internet,1.0,Yes,Yes,Agree,0,2,3,1,3,3,4,4,2.3333333333333335,2,2.25,2.1999999999999997
2026/07/11 08:51:00 AM GMT+3,18–24,Female,Ilala,Employed,TTCL,Less than 1 year,"5,000–10,000",More than 60,Less than 30,11–30,Voice Calls,Occasionally,Yes,Lower prices,3.0,Yes,No,Agree,1,2,4,1,2,1,1,1,2.3333333333333335,2,2.0500000000000003,1.8000000000000003
2026/07/11 09:23:00 AM GMT+3,35–44,Male,Ilala,Self-employed,Halotel,Less than 1 year,"Less than TZS 5,000",11–30,More than 300,11–30,Internet,Weekly,Yes,N/A,3.0,Yes,Yes,Agree,3,1,2,5,2,1,3,3,3.0,1,2.5,1.8000000000000003
2026/07/11 11:02:00 AM GMT+3,45–54,Female,Kigamboni,Self-employed,Halotel,3–5 years,"10,001–20,000",11–30,121–300,11–30,Mobile Money,Daily,No,Lower prices,1.0,No,No,Agree,4,3,2,4,2,3,4,4,2.6666666666666665,3,3.05,2.1999999999999997
2026/07/11 11:21:00 AM GMT+3,25–34,Male,Ubungo,Unemployed,TTCL,1–2 years,"More than 50,000",None,Less than 30,11–30,SMS,Weekly,No,Better internet,2.0,Yes,No,Strongly Agree,2,5,0,1,2,2,3,3,1.0,5,2.5,2.0
2026/07/11 11:34:00 AM GMT+3,55+,Prefer not to say,Ilala,Self-employed,TTCL,Less than 1 year,"10,001–20,000",None,30–60,11–30,Mobile Money,Daily,Yes,Better internet,5.0,Yes,No,Neutral,5,3,0,2,2,1,4,4,1.3333333333333333,3,2.15,2.6
2026/07/11 12:42:00 PM GMT+3,18–24,Female,Ubungo,Unemployed,Tigo,Less than 1 year,"5,000–10,000",11–30,Less than 30,None,SMS,Weekly,No,N/A,3.0,Yes,No,Strongly Agree,1,2,2,1,0,1,3,3,1.0,2,1.6500000000000001,1.8000000000000003
2026/07/11 01:55:00 PM GMT+3,45–54,Female,Temeke,Business owner,Vodacom,Less than 1 year,"10,001–20,000",11–30,121–300,More than 30,Voice Calls,Daily,No,Lower prices,4.0,No,Yes,Agree,4,3,2,4,3,1,4,4,3.0,3,3.1499999999999995,2.2
2026/07/11 03:18:00 PM GMT+3,25–34,Female,Kinondoni,Employed,TTCL,Less than 1 year,"20,001–50,000",More than 60,Less than 30,None,Internet,Occasionally,No,Better network coverage,2.0,No,No,Strongly Agree,2,4,4,1,0,1,1,1,1.6666666666666667,4,2.5500000000000003,1.4
2026/07/11 04:17:00 PM GMT+3,55+,Female,Ilala,Business owner,TTCL,3–5 years,"10,001–20,000",None,More than 300,1–10,SMS,Daily,No,Lower prices,4.0,No,Yes,Strongly Disagree,5,3,0,5,1,3,4,4,2.0,3,2.8,3.4
2026/07/11 04:55:00 PM GMT+3,55+,Prefer not to say,Kinondoni,Self-employed,Tigo,3–5 years,"Less than TZS 5,000",More than 60,More than 300,11–30,Voice Calls,Weekly,Yes,Promotions,5.0,No,No,Neutral,5,1,4,5,2,3,3,3,3.6666666666666665,1,2.9000000000000004,3.8
2026/07/11 06:17:00 PM GMT+3,18–24,Female,Kinondoni,Employed,Tigo,3–5 years,"10,001–20,000",11–30,More than 300,None,Voice Calls,Weekly,No,N/A,3.0,Yes,Yes,Strongly Disagree,1,3,2,5,0,3,3,3,2.3333333333333335,3,3.0,3.0
2026/07/11 06:41:00 PM GMT+3,55+,Female,Kinondoni,Business owner,Halotel,1–2 years,"Less than TZS 5,000",1–10,Less than 30,More than 30,Voice Calls,Occasionally,No,N/A,1.0,Yes,No,Strongly Disagree,5,1,1,1,3,2,1,1,1.6666666666666667,1,1.2000000000000002,1.6
2026/07/11 07:16:00 PM GMT+3,18–24,Male,Kinondoni,Self-employed,Airtel,Less than 1 year,"Less than TZS 5,000",More than 60,61–120,None,SMS,Weekly,Yes,N/A,5.0,No,Yes,Agree,1,1,4,3,0,1,3,3,2.3333333333333335,1,2.2,2.6
2026/07/11 07:58:00 PM GMT+3,35–44,Prefer not to say,Ubungo,Unemployed,Vodacom,Less than 1 year,"More than 50,000",11–30,Less than 30,11–30,Mobile Money,Weekly,No,N/A,4.0,No,No,Strongly Disagree,3,5,2,1,2,1,3,3,1.6666666666666667,5,2.9000000000000004,2.2
2026/07/11 08:24:00 PM GMT+3,18–24,Male,Kinondoni,Self-employed,Airtel,Less than 1 year,"5,000–10,000",11–30,Less than 30,11–30,Internet,Weekly,No,Better network coverage,2.0,Yes,Yes,Agree,1,2,2,1,2,1,3,3,1.6666666666666667,2,1.85,1.4
2026/07/11 10:15:00 PM GMT+3,35–44,Male,Temeke,Business owner,TTCL,More than 5 years,"20,001–50,000",1–10,30–60,More than 30,Mixed Usage,Daily,Yes,Lower prices,4.0,No,No,Agree,3,4,1,2,3,4,4,4,2.0,4,2.8,4.0
2026/07/11 11:15:00 PM GMT+3,35–44,Prefer not to say,Kinondoni,Unemployed,Airtel,1–2 years,"Less than TZS 5,000",None,More than 300,None,SMS,Daily,No,Better internet,5.0,No,No,Strongly Disagree,3,1,0,5,0,2,4,4,1.6666666666666667,1,2.0,3.2
2026/07/11 11:51:00 PM GMT+3,Under 18,Female,Ubungo,Employed,Vodacom,More than 5 years,"More than 50,000",11–30,Less than 30,11–30,Internet,Monthly,No,Promotions,3.0,No,Yes,Strongly Agree,0,5,2,1,2,4,2,2,1.6666666666666667,5,2.8000000000000003,3.6
2026/07/12 12:58:00 AM GMT+3,18–24,Male,Ilala,Student,TTCL,1–2 years,"5,000–10,000",1–10,121–300,None,Mixed Usage,Daily,Yes,N/A,1.0,No,No,Strongly Agree,1,2,1,4,0,2,4,4,1.6666666666666667,2,2.3,1.6
2026/07/12 01:49:00 AM GMT+3,Under 18,Male,Ubungo,Unemployed,Airtel,Less than 1 year,"More than 50,000",11–30,121–300,More than 30,Internet,Monthly,No,N/A,4.0,No,Yes,Strongly Disagree,0,5,2,4,3,1,2,2,3.0,5,3.6500000000000004,2.2
2026/07/12 03:35:00 AM GMT+3,35–44,Male,Kigamboni,Business owner,Airtel,More than 5 years,"Less than TZS 5,000",31–60,121–300,11–30,Mobile Money,Weekly,No,Better network coverage,3.0,Yes,No,Neutral,3,1,3,4,2,4,3,3,3.0,1,2.45,3.6
2026/07/12 03:59:00 AM GMT+3,25–34,Male,Kinondoni,Self-employed,TTCL,More than 5 years,"5,000–10,000",11–30,Less than 30,More than 30,Voice Calls,Daily,No,N/A,4.0,Yes,No,Strongly Disagree,2,2,2,1,3,4,4,4,2.0,2,2.05,4.0
2026/07/12 04:56:00 AM GMT+3,Under 18,Prefer not to say,Ilala,Self-employed,TTCL,Less than 1 year,"More than 50,000",More than 60,Less than 30,1–10,Voice Calls,Occasionally,Yes,N/A,5.0,Yes,Yes,Neutral,0,5,4,1,1,1,1,1,2.0,5,3.0,2.6
2026/07/12 06:11:00 AM GMT+3,55+,Male,Ubungo,Employed,Tigo,More than 5 years,"20,001–50,000",None,More than 300,More than 30,Internet,Monthly,Yes,Better network coverage,5.0,No,No,Strongly Disagree,5,4,0,5,3,4,2,2,2.6666666666666665,4,3.1500000000000004,4.4
2026/07/12 07:06:00 AM GMT+3,Under 18,Female,Kigamboni,Unemployed,Vodacom,1–2 years,"More than 50,000",1–10,30–60,1–10,Mobile Money,Daily,Yes,N/A,1.0,No,Yes,Agree,0,5,1,2,1,2,4,4,1.3333333333333333,5,2.95,1.6
2026/07/12 08:06:00 AM GMT+3,55+,Female,Ilala,Employed,Halotel,3–5 years,"5,000–10,000",1–10,121–300,More than 30,Mixed Usage,Daily,Yes,N/A,4.0,No,Yes,Neutral,5,2,1,4,3,3,4,4,2.6666666666666665,2,2.5999999999999996,3.4
2026/07/12 08:13:00 AM GMT+3,18–24,Male,Kigamboni,Self-employed,Airtel,3–5 years,"10,001–20,000",1–10,30–60,1–10,Voice Calls,Daily,Yes,Better customer service,1.0,Yes,No,Strongly Disagree,1,3,1,2,1,3,4,4,1.3333333333333333,3,2.25,2.1999999999999997
2026/07/12 10:07:00 AM GMT+3,45–54,Male,Kinondoni,Self-employed,Tigo,1–2 years,"Less than TZS 5,000",11–30,61–120,1–10,SMS,Daily,No,N/A,1.0,No,Yes,Neutral,4,1,2,3,1,2,4,4,2.0,1,2.0,1.6
2026/07/12 10:17:00 AM GMT+3,25–34,Male,Ilala,Student,Tigo,More than 5 years,"5,000–10,000",None,121–300,None,Mobile Money,Daily,No,Better internet,2.0,No,No,Neutral,2,2,0,4,0,4,4,4,1.3333333333333333,2,2.1,3.2
2026/07/12 11:51:00 AM GMT+3,18–24,Female,Temeke,Unemployed,Airtel,Less than 1 year,"Less than TZS 5,000",11–30,121–300,None,Mixed Usage,Weekly,Yes,Better customer service,3.0,No,Yes,Strongly Agree,1,1,2,4,0,1,3,3,2.0,1,2.05,1.8000000000000003
2026/07/12 12:05:00 PM GMT+3,55+,Male,Temeke,Employed,Halotel,1–2 years,"More than 50,000",More than 60,121–300,More than 30,Mobile Money,Occasionally,Yes,N/A,3.0,Yes,No,Strongly Disagree,5,5,4,4,3,2,1,1,3.6666666666666665,5,3.95,2.4000000000000004
2026/07/12 12:56:00 PM GMT+3,18–24,Male,Temeke,Business owner,Vodacom,Less than 1 year,"Less than TZS 5,000",11–30,121–300,None,Voice Calls,Daily,No,N/A,3.0,Yes,No,Strongly Disagree,1,1,2,4,0,1,4,4,2.0,1,2.15,1.8000000000000003
2026/07/12 01:21:00 PM GMT+3,55+,Female,Kinondoni,Unemployed,TTCL,Less than 1 year,"10,001–20,000",None,Less than 30,None,Internet,Daily,No,Promotions,5.0,Yes,Yes,Agree,5,3,0,1,0,1,4,4,0.3333333333333333,3,1.6999999999999997,2.6
2026/07/12 02:28:00 PM GMT+3,45–54,Prefer not to say,Ilala,Unemployed,Vodacom,1–2 years,"Less than TZS 5,000",None,More than 300,More than 30,SMS,Occasionally,Yes,Better customer service,5.0,No,No,Strongly Agree,4,1,0,5,3,2,1,1,2.6666666666666665,1,2.0,3.2
2026/07/12 04:22:00 PM GMT+3,45–54,Male,Ubungo,Employed,Airtel,Less than 1 year,"5,000–10,000",31–60,121–300,11–30,Internet,Daily,Yes,N/A,5.0,Yes,No,Agree,4,2,3,4,2,1,4,4,3.0,2,2.9,2.6
2026/07/12 06:22:00 PM GMT+3,45–54,Male,Kinondoni,Self-employed,TTCL,3–5 years,"More than 50,000",31–60,121–300,More than 30,Voice Calls,Monthly,Yes,N/A,4.0,Yes,Yes,Neutral,4,5,3,4,3,3,2,2,3.3333333333333335,5,3.8500000000000005,3.4
2026/07/12 06:53:00 PM GMT+3,45–54,Prefer not to say,Ilala,Business owner,Airtel,Less than 1 year,"5,000–10,000",1–10,Less than 30,More than 30,Internet,Weekly,Yes,Better internet,2.0,Yes,No,Strongly Agree,4,2,1,1,3,1,3,3,1.6666666666666667,2,1.75,1.4
2026/07/12 07:48:00 PM GMT+3,35–44,Male,Kinondoni,Student,Halotel,3–5 years,"10,001–20,000",More than 60,30–60,1–10,Voice Calls,Monthly,Yes,Better customer service,4.0,Yes,No,Strongly Disagree,3,3,4,2,1,3,2,2,2.3333333333333335,3,2.65,3.4
2026/07/12 09:08:00 PM GMT+3,Under 18,Male,Ubungo,Self-employed,Airtel,Less than 1 year,"Less than TZS 5,000",None,Less than 30,More than 30,Internet,Weekly,Yes,N/A,3.0,Yes,No,Agree,0,1,0,1,3,1,3,3,1.3333333333333333,1,1.2000000000000002,1.8000000000000003
2026/07/12 11:04:00 PM GMT+3,25–34,Prefer not to say,Ubungo,Self-employed,Halotel,1–2 years,"20,001–50,000",None,121–300,1–10,Mobile Money,Weekly,No,N/A,5.0,No,No,Agree,2,4,0,4,1,2,3,3,1.6666666666666667,4,2.8000000000000003,3.2
2026/07/12 11:48:00 PM GMT+3,45–54,Female,Kigamboni,Unemployed,Halotel,Less than 1 year,"5,000–10,000",More than 60,61–120,More than 30,Mobile Money,Occasionally,No,N/A,5.0,Yes,No,Strongly Agree,4,2,4,3,3,1,1,1,3.3333333333333335,2,2.6500000000000004,2.6
2026/07/13 12:17:00 AM GMT+3,Under 18,Male,Temeke,Business owner,Vodacom,Less than 1 year,"20,001–50,000",31–60,61–120,1–10,SMS,Occasionally,Yes,Lower prices,1.0,Yes,Yes,Agree,0,4,3,3,1,1,1,1,2.3333333333333335,4,2.95,1.0
2026/07/13 01:18:00 AM GMT+3,55+,Prefer not to say,Ubungo,Self-employed,Halotel,3–5 years,"20,001–50,000",More than 60,More than 300,11–30,Voice Calls,Daily,No,Better network coverage,2.0,Yes,Yes,Neutral,5,4,4,5,2,3,4,4,3.6666666666666665,4,4.05,2.5999999999999996
2026/07/13 02:02:00 AM GMT+3,25–34,Male,Kinondoni,Employed,Vodacom,3–5 years,"5,000–10,000",None,More than 300,None,Voice Calls,Monthly,Yes,Other,4.0,No,Yes,Strongly Disagree,2,2,0,5,0,3,2,2,1.6666666666666667,2,2.15,3.4
2026/07/13 02:07:00 AM GMT+3,45–54,Prefer not to say,Kigamboni,Employed,Vodacom,More than 5 years,"10,001–20,000",31–60,More than 300,1–10,Mobile Money,Occasionally,Yes,N/A,4.0,No,Yes,Strongly Disagree,4,3,3,5,1,4,1,1,3.0,3,3.1,4.0
2026/07/13 02:34:00 AM GMT+3,45–54,Male,Ilala,Self-employed,Vodacom,1–2 years,"20,001–50,000",1–10,More than 300,None,Mobile Money,Daily,Yes,Promotions,5.0,Yes,No,Strongly Agree,4,4,1,5,0,2,4,4,2.0,4,3.25,3.2
2026/07/13 03:21:00 AM GMT+3,18–24,Female,Temeke,Self-employed,Tigo,1–2 years,"Less than TZS 5,000",None,30–60,1–10,Internet,Weekly,No,Better network coverage,1.0,Yes,Yes,Agree,1,1,0,2,1,2,3,3,1.0,1,1.25,1.6
2026/07/13 03:38:00 AM GMT+3,45–54,Female,Temeke,Self-employed,Halotel,3–5 years,"10,001–20,000",31–60,61–120,1–10,Mixed Usage,Daily,No,Lower prices,4.0,Yes,Yes,Strongly Agree,4,3,3,3,1,3,4,4,2.3333333333333335,3,2.9,3.4
2026/07/13 05:29:00 AM GMT+3,Under 18,Female,Kinondoni,Self-employed,Halotel,More than 5 years,"10,001–20,000",1–10,More than 300,More than 30,Internet,Monthly,Yes,N/A,4.0,Yes,No,Agree,0,3,1,5,3,4,2,2,3.0,3,3.0,4.0
2026/07/13 06:34:00 AM GMT+3,25–34,Prefer not to say,Kigamboni,Business owner,Halotel,1–2 years,"Less than TZS 5,000",None,More than 300,More than 30,Internet,Monthly,No,N/A,3.0,Yes,No,Neutral,2,1,0,5,3,2,2,2,2.6666666666666665,1,2.1,2.4000000000000004
2026/07/13 06:48:00 AM GMT+3,Under 18,Prefer not to say,Ilala,Student,Vodacom,1–2 years,"10,001–20,000",11–30,More than 300,11–30,SMS,Weekly,No,N/A,4.0,Yes,Yes,Strongly Agree,0,3,2,5,2,2,3,3,3.0,3,3.2,2.8
2026/07/13 08:33:00 AM GMT+3,18–24,Prefer not to say,Kinondoni,Self-employed,TTCL,More than 5 years,"10,001–20,000",More than 60,Less than 30,More than 30,SMS,Weekly,Yes,Better customer service,2.0,No,Yes,Agree,1,3,4,1,3,4,3,3,2.6666666666666665,3,2.6999999999999993,3.2
2026/07/13 09:21:00 AM GMT+3,35–44,Female,Ubungo,Unemployed,Vodacom,3–5 years,"20,001–50,000",More than 60,121–300,11–30,SMS,Occasionally,Yes,Better customer service,4.0,No,No,Agree,3,4,4,4,2,3,1,1,3.3333333333333335,4,3.5000000000000004,3.4
2026/07/13 09:37:00 AM GMT+3,35–44,Female,Ubungo,Self-employed,Airtel,1–2 years,"5,000–10,000",None,More than 300,More than 30,Mobile Money,Occasionally,No,N/A,5.0,Yes,No,Neutral,3,2,0,5,3,2,1,1,2.6666666666666665,2,2.3499999999999996,3.2
2026/07/13 10:45:00 AM GMT+3,55+,Male,Kigamboni,Self-employed,Airtel,More than 5 years,"More than 50,000",None,61–120,11–30,SMS,Weekly,No,N/A,2.0,No,Yes,Strongly Disagree,5,5,0,3,2,4,3,3,1.6666666666666667,5,3.0,3.2
2026/07/13 11:51:00 AM GMT+3,55+,Female,Kigamboni,Employed,Halotel,Less than 1 year,"5,000–10,000",11–30,121–300,None,Internet,Monthly,No,Better network coverage,4.0,Yes,Yes,Neutral,5,2,2,4,0,1,2,2,2.0,2,2.3000000000000003,2.2
2026/07/13 01:38:00 PM GMT+3,35–44,Prefer not to say,Ubungo,Unemployed,Halotel,1–2 years,"10,001–20,000",31–60,61–120,None,Internet,Weekly,No,Better network coverage,3.0,Yes,No,Neutral,3,3,3,3,0,2,3,3,2.0,3,2.7,2.4000000000000004
2026/07/13 02:46:00 PM GMT+3,35–44,Male,Kinondoni,Unemployed,Vodacom,3–5 years,"20,001–50,000",11–30,Less than 30,11–30,Mobile Money,Occasionally,Yes,Better network coverage,2.0,Yes,Yes,Neutral,3,4,2,1,2,3,1,1,1.6666666666666667,4,2.35,2.5999999999999996
2026/07/13 03:47:00 PM GMT+3,55+,Male,Ilala,Unemployed,Airtel,3–5 years,"10,001–20,000",None,30–60,11–30,Voice Calls,Occasionally,Yes,N/A,4.0,Yes,Yes,Neutral,5,3,0,2,2,3,1,1,1.3333333333333333,3,1.8499999999999999,3.4
2026/07/13 05:41:00 PM GMT+3,45–54,Male,Ubungo,Employed,TTCL,More than 5 years,"More than 50,000",31–60,61–120,1–10,Voice Calls,Weekly,No,N/A,5.0,No,Yes,Strongly Agree,4,5,3,3,1,4,3,3,2.3333333333333335,5,3.5000000000000004,4.4
2026/07/13 06:29:00 PM GMT+3,45–54,Female,Ubungo,Self-employed,Tigo,3–5 years,"Less than TZS 5,000",11–30,30–60,None,Mobile Money,Monthly,Yes,Better internet,4.0,Yes,Yes,Strongly Agree,4,1,2,2,0,3,2,2,1.3333333333333333,1,1.45,3.4
2026/07/13 07:52:00 PM GMT+3,35–44,Female,Ubungo,Self-employed,Vodacom,1–2 years,"More than 50,000",More than 60,121–300,None,Voice Calls,Monthly,Yes,N/A,3.0,Yes,Yes,Strongly Disagree,3,5,4,4,0,2,2,2,2.6666666666666665,5,3.75,2.4000000000000004
2026/07/13 08:44:00 PM GMT+3,35–44,Prefer not to say,Kigamboni,Business owner,Airtel,1–2 years,"Less than TZS 5,000",None,121–300,1–10,Mixed Usage,Occasionally,Yes,Better customer service,3.0,Yes,No,Strongly Agree,3,1,0,4,1,2,1,1,1.6666666666666667,1,1.5500000000000003,2.4000000000000004
2026/07/13 09:00:00 PM GMT+3,Under 18,Male,Ilala,Employed,Airtel,Less than 1 year,"20,001–50,000",None,More than 300,None,SMS,Monthly,No,Promotions,1.0,No,No,Neutral,0,4,0,5,0,1,2,2,1.6666666666666667,4,2.85,1.0
2026/07/13 10:39:00 PM GMT+3,25–34,Female,Ilala,Business owner,Vodacom,1–2 years,"20,001–50,000",1–10,61–120,More than 30,SMS,Monthly,No,N/A,1.0,No,No,Strongly Disagree,2,4,1,3,3,2,2,2,2.3333333333333335,4,2.8500000000000005,1.6
2026/07/14 12:37:00 AM GMT+3,45–54,Prefer not to say,Ubungo,Employed,Airtel,Less than 1 year,"Less than TZS 5,000",More than 60,30–60,1–10,Voice Calls,Occasionally,No,Lower prices,3.0,Yes,No,Strongly Disagree,4,1,4,2,1,1,1,1,2.3333333333333335,1,1.85,1.8000000000000003
2026/07/14 02:15:00 AM GMT+3,55+,Prefer not to say,Kigamboni,Student,Halotel,More than 5 years,"20,001–50,000",11–30,30–60,None,SMS,Daily,No,Better customer service,5.0,Yes,No,Strongly Disagree,5,4,2,2,0,4,4,4,1.3333333333333333,4,2.6999999999999997,4.4
2026/07/14 04:10:00 AM GMT+3,25–34,Prefer not to say,Kigamboni,Student,Vodacom,Less than 1 year,"10,001–20,000",1–10,61–120,More than 30,Internet,Daily,Yes,Lower prices,1.0,Yes,No,Neutral,2,3,1,3,3,1,4,4,2.3333333333333335,3,2.7,1.0
2026/07/14 05:32:00 AM GMT+3,25–34,Prefer not to say,Ilala,Employed,Airtel,More than 5 years,"Less than TZS 5,000",11–30,61–120,More than 30,Mixed Usage,Monthly,No,Promotions,5.0,Yes,Yes,Strongly Agree,2,1,2,3,3,4,2,2,2.6666666666666665,1,2.0,4.4
2026/07/14 06:30:00 AM GMT+3,25–34,Female,Ilala,Employed,Airtel,More than 5 years,"20,001–50,000",11–30,30–60,11–30,Mixed Usage,Occasionally,Yes,Promotions,1.0,No,Yes,Agree,2,4,2,2,2,4,1,1,2.0,4,2.6,2.8
2026/07/14 08:05:00 AM GMT+3,45–54,Male,Temeke,Self-employed,Tigo,More than 5 years,"10,001–20,000",11–30,121–300,More than 30,SMS,Occasionally,No,Better network coverage,5.0,Yes,Yes,Strongly Agree,4,3,2,4,3,4,1,1,3.0,3,2.8499999999999996,4.4
2026/07/14 09:45:00 AM GMT+3,Under 18,Female,Ilala,Business owner,Halotel,1–2 years,"20,001–50,000",11–30,121–300,11–30,Mixed Usage,Monthly,Yes,N/A,5.0,No,Yes,Strongly Agree,0,4,2,4,2,2,2,2,2.6666666666666665,4,3.2,3.2
2026/07/14 10:09:00 AM GMT+3,18–24,Prefer not to say,Kigamboni,Self-employed,Tigo,3–5 years,"10,001–20,000",1–10,More than 300,1–10,Voice Calls,Weekly,No,Promotions,4.0,Yes,Yes,Agree,1,3,1,5,1,3,3,3,2.3333333333333335,3,2.9,3.4
2026/07/14 10:32:00 AM GMT+3,Under 18,Male,Kigamboni,Business owner,Vodacom,3–5 years,"10,001–20,000",11–30,30–60,11–30,Voice Calls,Daily,No,Promotions,2.0,Yes,Yes,Strongly Disagree,0,3,2,2,2,3,4,4,2.0,3,2.55,2.5999999999999996
2026/07/14 12:08:00 PM GMT+3,Under 18,Male,Ilala,Employed,Airtel,1–2 years,"Less than TZS 5,000",11–30,Less than 30,11–30,Internet,Weekly,No,N/A,5.0,Yes,Yes,Agree,0,1,2,1,2,2,3,3,1.6666666666666667,1,1.5,3.2
2026/07/14 12:53:00 PM GMT+3,55+,Male,Ubungo,Employed,Halotel,3–5 years,"More than 50,000",11–30,121–300,None,Voice Calls,Weekly,Yes,Other,3.0,Yes,Yes,Strongly Agree,5,5,2,4,0,3,3,3,2.0,5,3.45,3.0
2026/07/14 01:31:00 PM GMT+3,45–54,Female,Kigamboni,Student,Airtel,1–2 years,"Less than TZS 5,000",11–30,61–120,More than 30,SMS,Occasionally,No,Better network coverage,3.0,No,No,Strongly Agree,4,1,2,3,3,2,1,1,2.6666666666666665,1,1.9000000000000001,2.4000000000000004
2026/07/14 02:03:00 PM GMT+3,35–44,Prefer not to say,Kinondoni,Unemployed,Halotel,1–2 years,"10,001–20,000",More than 60,61–120,None,Voice Calls,Daily,No,Better internet,5.0,No,Yes,Neutral,3,3,4,3,0,2,4,4,2.3333333333333335,3,2.9999999999999996,3.2
2026/07/14 02:28:00 PM GMT+3,55+,Prefer not to say,Temeke,Student,Halotel,1–2 years,"More than 50,000",More than 60,Less than 30,11–30,Voice Calls,Occasionally,No,N/A,3.0,Yes,Yes,Strongly Disagree,5,5,4,1,2,2,1,1,2.3333333333333335,5,3.1,2.4000000000000004
2026/07/14 03:05:00 PM GMT+3,18–24,Prefer not to say,Kigamboni,Self-employed,Tigo,1–2 years,"Less than TZS 5,000",More than 60,Less than 30,More than 30,Voice Calls,Weekly,No,Better customer service,1.0,Yes,No,Agree,1,1,4,1,3,2,3,3,2.6666666666666665,1,2.0,1.6
2026/07/14 04:16:00 PM GMT+3,18–24,Female,Kigamboni,Business owner,Airtel,More than 5 years,"5,000–10,000",More than 60,61–120,None,Internet,Occasionally,Yes,Better network coverage,5.0,No,Yes,Agree,1,2,4,3,0,4,1,1,2.3333333333333335,2,2.35,4.4
2026/07/14 06:15:00 PM GMT+3,35–44,Male,Kinondoni,Student,TTCL,More than 5 years,"10,001–20,000",31–60,More than 300,More than 30,Mixed Usage,Monthly,No,Better customer service,4.0,Yes,Yes,Neutral,3,3,3,5,3,4,2,2,3.6666666666666665,3,3.4000000000000004,4.0
2026/07/14 08:08:00 PM GMT+3,55+,Female,Ilala,Unemployed,Tigo,3–5 years,"20,001–50,000",None,61–120,None,Mobile Money,Daily,Yes,Better internet,1.0,Yes,Yes,Strongly Disagree,5,4,0,3,0,3,4,4,1.0,4,2.55,2.1999999999999997
2026/07/14 09:04:00 PM GMT+3,18–24,Female,Kinondoni,Employed,Tigo,3–5 years,"More than 50,000",31–60,More than 300,More than 30,Mixed Usage,Monthly,Yes,N/A,1.0,Yes,No,Agree,1,5,3,5,3,3,2,2,3.6666666666666665,5,4.1000000000000005,2.1999999999999997
2026/07/14 10:05:00 PM GMT+3,55+,Female,Kinondoni,Student,Airtel,3–5 years,"10,001–20,000",11–30,Less than 30,More than 30,Mixed Usage,Monthly,No,Lower prices,2.0,No,No,Strongly Agree,5,3,2,1,3,3,2,2,2.0,3,2.1999999999999997,2.5999999999999996
2026/07/14 11:25:00 PM GMT+3,35–44,Prefer not to say,Temeke,Student,Airtel,Less than 1 year,"10,001–20,000",1–10,More than 300,More than 30,Mobile Money,Occasionally,Yes,Promotions,4.0,No,No,Strongly Disagree,3,3,1,5,3,1,1,1,3.0,3,2.9000000000000004,2.2
2026/07/15 12:52:00 AM GMT+3,Under 18,Male,Ilala,Business owner,Halotel,3–5 years,"5,000–10,000",More than 60,121–300,None,Mixed Usage,Occasionally,Yes,Better network coverage,2.0,No,Yes,Agree,0,2,4,4,0,3,1,1,2.6666666666666665,2,2.6,2.5999999999999996
2026/07/15 02:44:00 AM GMT+3,18–24,Male,Ubungo,Unemployed,Halotel,1–2 years,"5,000–10,000",None,61–120,None,Voice Calls,Occasionally,Yes,Promotions,5.0,Yes,Yes,Strongly Agree,1,2,0,3,0,2,1,1,1.0,2,1.55,3.2
2026/07/15 03:03:00 AM GMT+3,55+,Female,Ilala,Unemployed,TTCL,1–2 years,"More than 50,000",None,30–60,None,Voice Calls,Weekly,No,Better customer service,1.0,Yes,No,Strongly Disagree,5,5,0,2,0,2,3,3,0.6666666666666666,5,2.55,1.6
2026/07/15 03:22:00 AM GMT+3,Under 18,Prefer not to say,Kigamboni,Business owner,Airtel,1–2 years,"More than 50,000",11–30,121–300,None,Internet,Weekly,No,Better customer service,5.0,No,No,Strongly Agree,0,5,2,4,0,2,3,3,2.0,5,3.45,3.2
2026/07/15 03:29:00 AM GMT+3,35–44,Male,Ilala,Self-employed,Airtel,3–5 years,"Less than TZS 5,000",1–10,61–120,1–10,SMS,Occasionally,Yes,N/A,2.0,Yes,No,Strongly Disagree,3,1,1,3,1,3,1,1,1.6666666666666667,1,1.5000000000000002,2.5999999999999996
2026/07/15 05:17:00 AM GMT+3,Under 18,Male,Temeke,Business owner,TTCL,3–5 years,"10,001–20,000",31–60,30–60,More than 30,Internet,Weekly,Yes,N/A,4.0,Yes,No,Neutral,0,3,3,2,3,3,3,3,2.6666666666666665,3,2.75,3.4
2026/07/15 07:13:00 AM GMT+3,Under 18,Male,Temeke,Student,Tigo,3–5 years,"5,000–10,000",More than 60,61–120,None,Voice Calls,Weekly,No,Promotions,4.0,No,Yes,Strongly Agree,0,2,4,3,0,3,3,3,2.3333333333333335,2,2.55,3.4
2026/07/15 08:23:00 AM GMT+3,Under 18,Female,Ilala,Student,TTCL,1–2 years,"More than 50,000",1–10,121–300,1–10,SMS,Daily,Yes,N/A,5.0,No,No,Agree,0,5,1,4,1,2,4,4,2.0,5,3.45,3.2
2026/07/15 09:48:00 AM GMT+3,25–34,Male,Kigamboni,Student,TTCL,3–5 years,"More than 50,000",More than 60,30–60,None,Mixed Usage,Occasionally,No,Lower prices,3.0,No,Yes,Neutral,2,5,4,2,0,3,1,1,2.0,5,3.15,3.0
2026/07/15 11:06:00 AM GMT+3,25–34,Male,Kigamboni,Student,TTCL,Less than 1 year,"More than 50,000",11–30,30–60,None,Mixed Usage,Weekly,No,N/A,3.0,No,Yes,Strongly Disagree,2,5,2,2,0,1,3,3,1.3333333333333333,5,2.95,1.8000000000000003
2026/07/15 12:20:00 PM GMT+3,45–54,Male,Kigamboni,Unemployed,Tigo,Less than 1 year,"10,001–20,000",More than 60,61–120,1–10,Internet,Weekly,No,Other,5.0,Yes,Yes,Neutral,4,3,4,3,1,1,3,3,2.6666666666666665,3,2.9999999999999996,2.6
2026/07/15 01:26:00 PM GMT+3,25–34,Female,Kigamboni,Unemployed,Tigo,3–5 years,"10,001–20,000",11–30,Less than 30,More than 30,Mixed Usage,Daily,No,N/A,4.0,Yes,Yes,Strongly Agree,2,3,2,1,3,3,4,4,2.0,3,2.3999999999999995,3.4
2026/07/15 02:51:00 PM GMT+3,25–34,Female,Kinondoni,Unemployed,Airtel,1–2 years,"Less than TZS 5,000",11–30,Less than 30,11–30,Voice Calls,Daily,No,Better internet,4.0,No,Yes,Strongly Agree,2,1,2,1,2,2,4,4,1.6666666666666667,1,1.5999999999999999,2.8
2026/07/15 04:12:00 PM GMT+3,Under 18,Prefer not to say,Ubungo,Student,Halotel,More than 5 years,"10,001–20,000",None,More than 300,None,Mixed Usage,Occasionally,No,Other,3.0,Yes,Yes,Strongly Agree,0,3,0,5,0,4,1,1,1.6666666666666667,3,2.4,3.6
2026/07/15 05:45:00 PM GMT+3,45–54,Prefer not to say,Kinondoni,Unemployed,Tigo,3–5 years,"5,000–10,000",11–30,61–120,1–10,Voice Calls,Weekly,Yes,Other,4.0,No,Yes,Agree,4,2,2,3,1,3,3,3,2.0,2,2.2500000000000004,3.4
2026/07/15 07:44:00 PM GMT+3,35–44,Female,Kigamboni,Student,Halotel,Less than 1 year,"5,000–10,000",31–60,30–60,None,Mixed Usage,Weekly,Yes,Lower prices,5.0,No,No,Neutral,3,2,3,2,0,1,3,3,1.6666666666666667,2,2.1,2.6
2026/07/15 09:10:00 PM GMT+3,Under 18,Male,Temeke,Employed,Airtel,1–2 years,"20,001–50,000",31–60,61–120,11–30,Internet,Weekly,No,Lower prices,4.0,No,Yes,Strongly Agree,0,4,3,3,2,2,3,3,2.6666666666666665,4,3.25,2.8
2026/07/15 10:50:00 PM GMT+3,25–34,Prefer not to say,Ubungo,Unemployed,TTCL,Less than 1 year,"20,001–50,000",More than 60,30–60,More than 30,Mobile Money,Monthly,Yes,Better customer service,3.0,No,Yes,Strongly Disagree,2,4,4,2,3,1,2,2,3.0,4,3.2,1.8000000000000003
2026/07/15 11:29:00 PM GMT+3,45–54,Prefer not to say,Ubungo,Unemployed,Tigo,1–2 years,"More than 50,000",1–10,61–120,11–30,Internet,Weekly,Yes,Lower prices,4.0,No,No,Neutral,4,5,1,3,2,2,3,3,2.0,5,3.2,2.8
2026/07/15 11:50:00 PM GMT+3,18–24,Male,Kinondoni,Student,Airtel,Less than 1 year,"10,001–20,000",More than 60,30–60,1–10,Internet,Occasionally,No,N/A,5.0,Yes,No,Agree,1,3,4,2,1,1,1,1,2.3333333333333335,3,2.55,2.6
2026/07/16 01:40:00 AM GMT+3,18–24,Prefer not to say,Temeke,Unemployed,TTCL,Less than 1 year,"Less than TZS 5,000",1–10,121–300,None,Mixed Usage,Daily,No,Lower prices,2.0,No,Yes,Strongly Agree,1,1,1,4,0,1,4,4,1.6666666666666667,1,1.9500000000000002,1.4
2026/07/16 03:22:00 AM GMT+3,45–54,Prefer not to say,Ubungo,Student,Vodacom,More than 5 years,"Less than TZS 5,000",31–60,30–60,1–10,Mixed Usage,Occasionally,Yes,Better customer service,4.0,No,No,Strongly Agree,4,1,3,2,1,4,1,1,2.0,1,1.6500000000000004,4.0
2026/07/16 03:31:00 AM GMT+3,35–44,Female,Temeke,Business owner,Vodacom,Less than 1 year,"More than 50,000",More than 60,121–300,1–10,Mobile Money,Monthly,No,N/A,1.0,Yes,No,Agree,3,5,4,4,1,1,2,2,3.0,5,3.85,1.0
2026/07/16 04:40:00 AM GMT+3,Under 18,Male,Kigamboni,Business owner,TTCL,1–2 years,"5,000–10,000",11–30,More than 300,1–10,Mixed Usage,Weekly,Yes,N/A,2.0,No,No,Agree,0,2,2,5,1,2,3,3,2.6666666666666665,2,2.7500000000000004,2.0
2026/07/16 04:53:00 AM GMT+3,55+,Male,Kinondoni,Student,TTCL,1–2 years,"5,000–10,000",1–10,61–120,1–10,SMS,Daily,Yes,N/A,5.0,Yes,Yes,Agree,5,2,1,3,1,2,4,4,1.6666666666666667,2,2.15,3.2
2026/07/16 05:55:00 AM GMT+3,55+,Prefer not to say,Kinondoni,Unemployed,Vodacom,1–2 years,"10,001–20,000",31–60,121–300,More than 30,Mobile Money,Monthly,Yes,Better network coverage,1.0,No,No,Strongly Disagree,5,3,3,4,3,2,2,2,3.3333333333333335,3,3.1500000000000004,1.6
2026/07/16 06:12:00 AM GMT+3,55+,Prefer not to say,Ubungo,Self-employed,Halotel,Less than 1 year,"Less than TZS 5,000",More than 60,30–60,11–30,SMS,Weekly,No,Promotions,3.0,No,No,Strongly Agree,5,1,4,2,2,1,3,3,2.6666666666666665,1,2.15,1.8000000000000003
2026/07/16 07:05:00 AM GMT+3,25–34,Female,Kinondoni,Self-employed,Airtel,Less than 1 year,"20,001–50,000",11–30,More than 300,1–10,Mobile Money,Monthly,No,Lower prices,2.0,No,No,Agree,2,4,2,5,1,1,2,2,2.6666666666666665,4,3.35,1.4
2026/07/16 07:53:00 AM GMT+3,45–54,Prefer not to say,Ubungo,Business owner,TTCL,3–5 years,"10,001–20,000",11–30,Less than 30,More than 30,SMS,Daily,No,Other,4.0,No,No,Agree,4,3,2,1,3,3,4,4,2.0,3,2.3999999999999995,3.4
2026/07/16 08:15:00 AM GMT+3,25–34,Prefer not to say,Temeke,Business owner,TTCL,3–5 years,"20,001–50,000",More than 60,Less than 30,11–30,Mobile Money,Daily,No,Other,5.0,Yes,No,Strongly Agree,2,4,4,1,2,3,4,4,2.3333333333333335,4,3.0500000000000003,3.8
2026/07/16 09:34:00 AM GMT+3,45–54,Male,Temeke,Employed,Vodacom,Less than 1 year,"Less than TZS 5,000",1–10,30–60,None,SMS,Daily,No,Better customer service,3.0,Yes,No,Agree,4,1,1,2,0,1,4,4,1.0,1,1.4500000000000002,1.8000000000000003
2026/07/16 09:44:00 AM GMT+3,Under 18,Prefer not to say,Temeke,Business owner,TTCL,1–2 years,"5,000–10,000",More than 60,Less than 30,More than 30,Mixed Usage,Weekly,No,N/A,1.0,No,Yes,Strongly Agree,0,2,4,1,3,2,3,3,2.6666666666666665,2,2.3499999999999996,1.6
2026/07/16 09:46:00 AM GMT+3,35–44,Prefer not to say,Ubungo,Employed,Tigo,1–2 years,"Less than TZS 5,000",None,121–300,1–10,Voice Calls,Daily,Yes,Lower prices,2.0,Yes,Yes,Neutral,3,1,0,4,1,2,4,4,1.6666666666666667,1,1.85,2.0
2026/07/16 09:52:00 AM GMT+3,25–34,Male,Kigamboni,Business owner,Airtel,More than 5 years,"5,000–10,000",More than 60,61–120,More than 30,SMS,Daily,No,N/A,2.0,No,No,Neutral,2,2,4,3,3,4,4,4,3.3333333333333335,2,2.95,3.2
2026/07/16 10:28:00 AM GMT+3,45–54,Prefer not to say,Kigamboni,Self-employed,TTCL,3–5 years,"20,001–50,000",31–60,More than 300,11–30,SMS,Weekly,No,Better internet,1.0,No,Yes,Strongly Agree,4,4,3,5,2,3,3,3,3.3333333333333335,4,3.75,2.1999999999999997
2026/07/16 11:28:00 AM GMT+3,35–44,Female,Kinondoni,Student,Halotel,3–5 years,"10,001–20,000",None,Less than 30,None,Mixed Usage,Weekly,No,Promotions,2.0,No,Yes,Agree,3,3,0,1,0,3,3,3,0.3333333333333333,3,1.5999999999999999,2.5999999999999996
2026/07/16 12:49:00 PM GMT+3,Under 18,Prefer not to say,Ubungo,Self-employed,Vodacom,1–2 years,"10,001–20,000",31–60,61–120,None,Mixed Usage,Daily,Yes,Lower prices,4.0,No,No,Agree,0,3,3,3,0,2,4,4,2.0,3,2.8,2.8
2026/07/16 01:12:00 PM GMT+3,45–54,Male,Kigamboni,Business owner,TTCL,More than 5 years,"10,001–20,000",More than 60,Less than 30,None,Voice Calls,Occasionally,No,Promotions,5.0,No,No,Agree,4,3,4,1,0,4,1,1,1.6666666666666667,3,2.1999999999999997,4.4
2026/07/16 02:56:00 PM GMT+3,18–24,Male,Kigamboni,Employed,Airtel,1–2 years,"5,000–10,000",More than 60,More than 300,None,Internet,Monthly,No,Other,5.0,Yes,Yes,Neutral,1,2,4,5,0,2,2,2,3.0,2,2.95,3.2
2026/07/16 03:14:00 PM GMT+3,25–34,Prefer not to say,Temeke,Self-employed,Tigo,More than 5 years,"5,000–10,000",None,61–120,More than 30,Mixed Usage,Daily,No,Better customer service,1.0,No,Yes,Agree,2,2,0,3,3,4,4,4,2.0,2,2.1500000000000004,2.8
2026/07/16 04:47:00 PM GMT+3,55+,Male,Kigamboni,Unemployed,Vodacom,3–5 years,"Less than TZS 5,000",None,30–60,1–10,Voice Calls,Monthly,Yes,N/A,2.0,No,Yes,Agree,5,1,0,2,1,3,2,2,1.0,1,1.1500000000000001,2.5999999999999996
2026/07/16 05:10:00 PM GMT+3,18–24,Prefer not to say,Ilala,Unemployed,Airtel,Less than 1 year,"20,001–50,000",None,Less than 30,More than 30,SMS,Occasionally,No,N/A,4.0,No,Yes,Neutral,1,4,0,1,3,1,1,1,1.3333333333333333,4,2.05,2.2
2026/07/16 06:03:00 PM GMT+3,18–24,Prefer not to say,Kigamboni,Self-employed,Airtel,3–5 years,"5,000–10,000",1–10,121–300,More than 30,Voice Calls,Occasionally,No,N/A,1.0,Yes,Yes,Strongly Agree,1,2,1,4,3,3,1,1,2.6666666666666665,2,2.3,2.1999999999999997
2026/07/16 06:35:00 PM GMT+3,18–24,Prefer not to say,Kigamboni,Unemployed,Airtel,Less than 1 year,"5,000–10,000",31–60,Less than 30,None,Mixed Usage,Daily,No,Better internet,4.0,No,No,Strongly Agree,1,2,3,1,0,1,4,4,1.3333333333333333,2,1.9500000000000002,2.2
2026/07/16 08:31:00 PM GMT+3,Under 18,Male,Temeke,Student,Tigo,1–2 years,"More than 50,000",1–10,61–120,11–30,SMS,Monthly,Yes,N/A,2.0,No,Yes,Agree,0,5,1,3,2,2,2,2,2.0,5,3.1000000000000005,2.0
2026/07/16 08:53:00 PM GMT+3,45–54,Female,Kinondoni,Student,TTCL,1–2 years,"Less than TZS 5,000",None,30–60,More than 30,Mixed Usage,Weekly,Yes,Lower prices,3.0,Yes,No,Strongly Disagree,4,1,0,2,3,2,3,3,1.6666666666666667,1,1.45,2.4000000000000004
2026/07/16 09:24:00 PM GMT+3,55+,Female,Ubungo,Student,Halotel,More than 5 years,"5,000–10,000",More than 60,30–60,1–10,Mixed Usage,Daily,Yes,Lower prices,4.0,No,No,Neutral,5,2,4,2,1,4,4,4,2.3333333333333335,2,2.5,4.0
2026/07/16 10:48:00 PM GMT+3,35–44,Prefer not to say,Kinondoni,Student,Vodacom,More than 5 years,"Less than TZS 5,000",31–60,More than 300,None,Mobile Money,Weekly,No,N/A,5.0,Yes,No,Agree,3,1,3,5,0,4,3,3,2.6666666666666665,1,2.5,4.4
2026/07/16 11:30:00 PM GMT+3,45–54,Female,Ubungo,Student,Vodacom,3–5 years,"20,001–50,000",More than 60,61–120,11–30,Mobile Money,Monthly,Yes,N/A,5.0,No,Yes,Neutral,4,4,4,3,2,3,2,2,3.0,4,3.3500000000000005,3.8
2026/07/17 12:43:00 AM GMT+3,18–24,Male,Temeke,Unemployed,Tigo,1–2 years,"10,001–20,000",31–60,121–300,11–30,Voice Calls,Occasionally,No,Promotions,2.0,No,Yes,Agree,1,3,3,4,2,2,1,1,3.0,3,2.95,2.0
2026/07/17 01:47:00 AM GMT+3,35–44,Male,Kinondoni,Business owner,Vodacom,More than 5 years,"Less than TZS 5,000",1–10,30–60,1–10,Mixed Usage,Occasionally,Yes,N/A,1.0,No,Yes,Neutral,3,1,1,2,1,4,1,1,1.3333333333333333,1,1.2500000000000002,2.8
2026/07/17 02:18:00 AM GMT+3,35–44,Female,Ilala,Student,Halotel,Less than 1 year,"More than 50,000",None,30–60,None,Internet,Occasionally,Yes,Lower prices,4.0,Yes,No,Strongly Agree,3,5,0,2,0,1,1,1,0.6666666666666666,5,2.35,2.2
2026/07/17 03:06:00 AM GMT+3,45–54,Male,Kinondoni,Business owner,Airtel,Less than 1 year,"More than 50,000",31–60,30–60,1–10,Internet,Weekly,Yes,Lower prices,4.0,Yes,No,Neutral,4,5,3,2,1,1,3,3,2.0,5,3.2500000000000004,2.2
2026/07/17 03:14:00 AM GMT+3,25–34,Female,Kinondoni,Self-employed,TTCL,3–5 years,"20,001–50,000",None,61–120,1–10,Mobile Money,Daily,No,Better internet,5.0,No,No,Neutral,2,4,0,3,1,3,4,4,1.3333333333333333,4,2.65,3.8
2026/07/17 03:41:00 AM GMT+3,35–44,Male,Temeke,Student,Airtel,1–2 years,"More than 50,000",More than 60,61–120,11–30,SMS,Weekly,Yes,N/A,4.0,No,Yes,Neutral,3,5,4,3,2,2,3,3,3.0,5,3.8,2.8
2026/07/17 05:01:00 AM GMT+3,45–54,Prefer not to say,Ilala,Student,Airtel,Less than 1 year,"20,001–50,000",More than 60,61–120,11–30,SMS,Monthly,No,N/A,4.0,No,Yes,Agree,4,4,4,3,2,1,2,2,3.0,4,3.3500000000000005,2.2
2026/07/17 05:40:00 AM GMT+3,35–44,Male,Kigamboni,Business owner,TTCL,Less than 1 year,"Less than TZS 5,000",1–10,30–60,11–30,Voice Calls,Daily,Yes,N/A,2.0,Yes,Yes,Strongly Agree,3,1,1,2,2,1,4,4,1.6666666666666667,1,1.6500000000000001,1.4
2026/07/17 05:56:00 AM GMT+3,Under 18,Female,Kinondoni,Self-employed,TTCL,1–2 years,"10,001–20,000",More than 60,Less than 30,More than 30,Mobile Money,Monthly,No,N/A,5.0,Yes,No,Agree,0,3,4,1,3,2,2,2,2.6666666666666665,3,2.5999999999999996,3.2
2026/07/17 06:53:00 AM GMT+3,18–24,Prefer not to say,Temeke,Employed,Tigo,More than 5 years,"More than 50,000",More than 60,Less than 30,More than 30,Mixed Usage,Daily,Yes,Promotions,5.0,Yes,Yes,Strongly Agree,1,5,4,1,3,4,4,4,2.6666666666666665,5,3.5,4.4
2026/07/17 08:48:00 AM GMT+3,Under 18,Female,Ubungo,Unemployed,Airtel,1–2 years,"More than 50,000",31–60,30–60,More than 30,Voice Calls,Monthly,No,N/A,2.0,Yes,No,Strongly Agree,0,5,3,2,3,2,2,2,2.6666666666666665,5,3.3500000000000005,2.0
2026/07/17 10:18:00 AM GMT+3,Under 18,Prefer not to say,Ubungo,Unemployed,Tigo,Less than 1 year,"10,001–20,000",None,More than 300,11–30,Voice Calls,Weekly,Yes,N/A,1.0,No,Yes,Neutral,0,3,0,5,2,1,3,3,2.3333333333333335,3,2.8,1.0
2026/07/17 10:56:00 AM GMT+3,18–24,Prefer not to say,Kinondoni,Employed,Vodacom,Less than 1 year,"10,001–20,000",More than 60,30–60,1–10,SMS,Monthly,No,N/A,2.0,Yes,No,Agree,1,3,4,2,1,1,2,2,2.3333333333333335,3,2.65,1.4
2026/07/17 11:19:00 AM GMT+3,55+,Male,Kinondoni,Self-employed,Vodacom,3–5 years,"20,001–50,000",11–30,121–300,More than 30,Mixed Usage,Weekly,Yes,N/A,5.0,Yes,No,Strongly Disagree,5,4,2,4,3,3,3,3,3.0,4,3.3999999999999995,3.8
2026/07/17 11:35:00 AM GMT+3,18–24,Male,Ubungo,Employed,Airtel,3–5 years,"10,001–20,000",11–30,Less than 30,More than 30,Mixed Usage,Occasionally,Yes,N/A,4.0,No,Yes,Neutral,1,3,2,1,3,3,1,1,2.0,3,2.0999999999999996,3.4
2026/07/17 11:42:00 AM GMT+3,Under 18,Female,Temeke,Employed,Halotel,1–2 years,"More than 50,000",1–10,30–60,None,SMS,Daily,No,N/A,5.0,Yes,Yes,Agree,0,5,1,2,0,2,4,4,1.0,5,2.85,3.2
2026/07/17 01:22:00 PM GMT+3,45–54,Prefer not to say,Ilala,Self-employed,Halotel,3–5 years,"Less than TZS 5,000",31–60,121–300,More than 30,Voice Calls,Weekly,No,N/A,5.0,Yes,No,Strongly Disagree,4,1,3,4,3,3,3,3,3.3333333333333335,1,2.55,3.8
2026/07/17 01:56:00 PM GMT+3,25–34,Prefer not to say,Ubungo,Student,Halotel,1–2 years,"10,001–20,000",11–30,61–120,11–30,Mobile Money,Daily,No,Better network coverage,4.0,Yes,Yes,Strongly Agree,2,3,2,3,2,2,4,4,2.3333333333333335,3,2.8,2.8
2026/07/17 03:43:00 PM GMT+3,Under 18,Prefer not to say,Kinondoni,Student,Vodacom,Less than 1 year,"10,001–20,000",11–30,61–120,1–10,Mobile Money,Weekly,Yes,Better internet,5.0,Yes,Yes,Neutral,0,3,2,3,1,1,3,3,2.0,3,2.6,2.6
2026/07/17 04:23:00 PM GMT+3,25–34,Female,Ubungo,Employed,Tigo,3–5 years,"5,000–10,000",None,30–60,More than 30,Mixed Usage,Daily,Yes,Lower prices,5.0,Yes,Yes,Strongly Agree,2,2,0,2,3,3,4,4,1.6666666666666667,2,1.9000000000000001,3.8
2026/07/17 04:25:00 PM GMT+3,45–54,Female,Kigamboni,Self-employed,Tigo,Less than 1 year,"5,000–10,000",More than 60,30–60,None,SMS,Daily,No,N/A,1.0,No,Yes,Strongly Disagree,4,2,4,2,0,1,4,4,2.0,2,2.4,1.0
2026/07/17 04:55:00 PM GMT+3,45–54,Prefer not to say,Kigamboni,Employed,Vodacom,Less than 1 year,"More than 50,000",31–60,More than 300,1–10,Voice Calls,Daily,Yes,Other,4.0,Yes,Yes,Agree,4,5,3,5,1,1,4,4,3.0,5,4.1,2.2
2026/07/17 06:21:00 PM GMT+3,25–34,Prefer not to say,Kinondoni,Business owner,Airtel,1–2 years,"More than 50,000",More than 60,121–300,None,Voice Calls,Weekly,No,Better internet,3.0,No,Yes,Strongly Disagree,2,5,4,4,0,2,3,3,2.6666666666666665,5,3.8499999999999996,2.4000000000000004
2026/07/17 07:23:00 PM GMT+3,18–24,Male,Ubungo,Self-employed,Airtel,More than 5 years,"Less than TZS 5,000",11–30,30–60,1–10,Internet,Occasionally,Yes,Better network coverage,5.0,Yes,No,Agree,1,1,2,2,1,4,1,1,1.6666666666666667,1,1.4500000000000002,4.4
2026/07/17 07:44:00 PM GMT+3,18–24,Female,Temeke,Self-employed,Tigo,3–5 years,"5,000–10,000",31–60,121–300,None,Mixed Usage,Occasionally,No,Promotions,3.0,Yes,No,Strongly Agree,1,2,3,4,0,3,1,1,2.3333333333333335,2,2.4,3.0
2026/07/17 09:38:00 PM GMT+3,45–54,Prefer not to say,Kigamboni,Self-employed,Airtel,More than 5 years,"10,001–20,000",31–60,More than 300,11–30,Mixed Usage,Daily,No,Better customer service,4.0,Yes,No,Agree,4,3,3,5,2,4,4,4,3.3333333333333335,3,3.5,4.0
2026/07/17 11:06:00 PM GMT+3,45–54,Male,Ubungo,Business owner,Vodacom,Less than 1 year,"More than 50,000",1–10,61–120,More than 30,Internet,Occasionally,No,Better network coverage,2.0,No,No,Agree,4,5,1,3,3,1,1,1,2.3333333333333335,5,3.1000000000000005,1.4
2026/07/17 11:31:00 PM GMT+3,45–54,Male,Ubungo,Unemployed,Vodacom,3–5 years,"More than 50,000",31–60,More than 300,More than 30,Internet,Daily,No,N/A,5.0,Yes,No,Strongly Agree,4,5,3,5,3,3,4,4,3.6666666666666665,5,4.3,3.8
2026/07/18 12:37:00 AM GMT+3,Under 18,Female,Ilala,Business owner,TTCL,Less than 1 year,"5,000–10,000",11–30,Less than 30,11–30,Mobile Money,Daily,Yes,Better network coverage,1.0,No,Yes,Neutral,0,2,2,1,2,1,4,4,1.6666666666666667,2,1.95,1.0
2026/07/18 02:13:00 AM GMT+3,45–54,Male,Ubungo,Unemployed,Tigo,Less than 1 year,"Less than TZS 5,000",None,121–300,11–30,SMS,Occasionally,No,N/A,3.0,Yes,No,Neutral,4,1,0,4,2,1,1,1,2.0,1,1.6500000000000001,1.8000000000000003
2026/07/18 03:45:00 AM GMT+3,18–24,Female,Kigamboni,Employed,Halotel,3–5 years,"10,001–20,000",31–60,Less than 30,11–30,Mixed Usage,Daily,No,Better internet,2.0,No,Yes,Neutral,1,3,3,1,2,3,4,4,2.0,3,2.5,2.5999999999999996
2026/07/18 03:48:00 AM GMT+3,55+,Prefer not to say,Ubungo,Self-employed,Airtel,1–2 years,"5,000–10,000",None,30–60,None,Voice Calls,Daily,Yes,Better network coverage,1.0,No,No,Agree,5,2,0,2,0,2,4,4,0.6666666666666666,2,1.6,1.6
2026/07/18 05:45:00 AM GMT+3,45–54,Male,Temeke,Business owner,Airtel,1–2 years,"20,001–50,000",1–10,Less than 30,11–30,Internet,Monthly,Yes,Better customer service,4.0,No,No,Agree,4,4,1,1,2,2,2,2,1.3333333333333333,4,2.25,2.8
2026/07/18 05:51:00 AM GMT+3,35–44,Male,Ilala,Business owner,Airtel,3–5 years,"More than 50,000",11–30,Less than 30,11–30,SMS,Occasionally,No,N/A,1.0,No,Yes,Strongly Agree,3,5,2,1,2,3,1,1,1.6666666666666667,5,2.7,2.1999999999999997
2026/07/18 06:53:00 AM GMT+3,55+,Prefer not to say,Kigamboni,Employed,TTCL,More than 5 years,"More than 50,000",None,61–120,More than 30,Internet,Monthly,Yes,N/A,1.0,Yes,Yes,Neutral,5,5,0,3,3,4,2,2,2.0,5,3.0,2.8
2026/07/18 08:48:00 AM GMT+3,25–34,Prefer not to say,Temeke,Student,TTCL,1–2 years,"10,001–20,000",None,30–60,None,Internet,Monthly,Yes,N/A,2.0,Yes,No,Strongly Disagree,2,3,0,2,0,2,2,2,0.6666666666666666,3,1.7499999999999998,2.0
2026/07/18 09:32:00 AM GMT+3,45–54,Female,Temeke,Self-employed,Airtel,3–5 years,"20,001–50,000",1–10,121–300,More than 30,Voice Calls,Weekly,No,Better customer service,1.0,No,No,Strongly Disagree,4,4,1,4,3,3,3,3,2.6666666666666665,4,3.2,2.1999999999999997
2026/07/18 09:47:00 AM GMT+3,45–54,Prefer not to say,Kinondoni,Student,Tigo,3–5 years,"20,001–50,000",11–30,More than 300,11–30,Mobile Money,Daily,Yes,Better network coverage,1.0,No,No,Agree,4,4,2,5,2,3,4,4,3.0,4,3.65,2.1999999999999997
2026/07/18 11:44:00 AM GMT+3,18–24,Prefer not to say,Kigamboni,Business owner,TTCL,3–5 years,"20,001–50,000",None,Less than 30,1–10,Voice Calls,Weekly,No,Better network coverage,5.0,Yes,No,Strongly Disagree,1,4,0,1,1,3,3,3,0.6666666666666666,4,2.05,3.8
2026/07/18 01:39:00 PM GMT+3,Under 18,Male,Ubungo,Self-employed,Vodacom,3–5 years,"Less than TZS 5,000",More than 60,30–60,1–10,Mobile Money,Weekly,No,Better network coverage,5.0,Yes,Yes,Agree,0,1,4,2,1,3,3,3,2.3333333333333335,1,2.05,3.8
2026/07/18 02:01:00 PM GMT+3,55+,Female,Kinondoni,Student,Halotel,More than 5 years,"20,001–50,000",11–30,121–300,1–10,Internet,Weekly,No,N/A,4.0,No,Yes,Agree,5,4,2,4,1,4,3,3,2.3333333333333335,4,3.1999999999999997,4.0
2026/07/18 02:30:00 PM GMT+3,18–24,Prefer not to say,Temeke,Unemployed,Vodacom,3–5 years,"10,001–20,000",More than 60,30–60,None,SMS,Daily,Yes,Better internet,4.0,No,No,Agree,1,3,4,2,0,3,4,4,2.0,3,2.7499999999999996,3.4
2026/07/18 03:45:00 PM GMT+3,25–34,Female,Ubungo,Self-employed,Tigo,1–2 years,"More than 50,000",11–30,More than 300,None,SMS,Daily,Yes,N/A,1.0,Yes,No,Neutral,2,5,2,5,0,2,4,4,2.3333333333333335,5,3.8,1.6
2026/07/18 05:26:00 PM GMT+3,Under 18,Female,Ubungo,Business owner,Vodacom,Less than 1 year,"More than 50,000",1–10,61–120,11–30,Voice Calls,Occasionally,No,Promotions,4.0,Yes,No,Strongly Agree,0,5,1,3,2,1,1,1,2.0,5,3.0000000000000004,2.2
2026/07/18 05:33:00 PM GMT+3,35–44,Male,Ilala,Unemployed,Vodacom,3–5 years,"20,001–50,000",11–30,30–60,11–30,Mixed Usage,Daily,No,Lower prices,1.0,Yes,No,Strongly Agree,3,4,2,2,2,3,4,4,2.0,4,2.9,2.1999999999999997
2026/07/18 06:53:00 PM GMT+3,45–54,Prefer not to say,Temeke,Business owner,Airtel,Less than 1 year,"5,000–10,000",None,61–120,None,Mixed Usage,Weekly,Yes,N/A,4.0,No,No,Agree,4,2,0,3,0,1,3,3,1.0,2,1.75,2.2
2026/07/18 07:43:00 PM GMT+3,Under 18,Male,Ilala,Student,TTCL,Less than 1 year,"5,000–10,000",More than 60,121–300,1–10,Internet,Daily,No,Lower prices,3.0,Yes,Yes,Strongly Agree,0,2,4,4,1,1,4,4,3.0,2,3.0,1.8000000000000003
2026/07/18 09:08:00 PM GMT+3,18–24,Prefer not to say,Kinondoni,Student,Halotel,More than 5 years,"20,001–50,000",More than 60,30–60,1–10,Internet,Monthly,Yes,N/A,5.0,No,Yes,Neutral,1,4,4,2,1,4,2,2,2.3333333333333335,4,3.0000000000000004,4.4
2026/07/18 09:24:00 PM GMT+3,25–34,Female,Ilala,Employed,Airtel,3–5 years,"20,001–50,000",1–10,61–120,More than 30,Mobile Money,Weekly,Yes,Other,2.0,Yes,No,Strongly Agree,2,4,1,3,3,3,3,3,2.3333333333333335,4,2.95,2.5999999999999996
2026/07/18 09:44:00 PM GMT+3,18–24,Prefer not to say,Kinondoni,Unemployed,Vodacom,Less than 1 year,"20,001–50,000",More than 60,More than 300,11–30,Mixed Usage,Monthly,Yes,Other,5.0,No,No,Neutral,1,4,4,5,2,1,2,2,3.6666666666666665,4,3.8500000000000005,2.6
2026/07/18 11:30:00 PM GMT+3,55+,Male,Kigamboni,Business owner,TTCL,Less than 1 year,"Less than TZS 5,000",More than 60,121–300,More than 30,Internet,Occasionally,No,N/A,1.0,Yes,No,Strongly Agree,5,1,4,4,3,1,1,1,3.6666666666666665,1,2.5500000000000007,1.0
2026/07/19 01:10:00 AM GMT+3,35–44,Prefer not to say,Ilala,Student,TTCL,Less than 1 year,"Less than TZS 5,000",More than 60,Less than 30,11–30,Mixed Usage,Occasionally,Yes,N/A,2.0,No,No,Neutral,3,1,4,1,2,1,1,1,2.3333333333333335,1,1.7,1.4
2026/07/19 02:29:00 AM GMT+3,Under 18,Prefer not to say,Ilala,Self-employed,Tigo,1–2 years,"More than 50,000",11–30,Less than 30,1–10,Voice Calls,Weekly,Yes,Better network coverage,1.0,No,No,Strongly Disagree,0,5,2,1,1,2,3,3,1.3333333333333333,5,2.8000000000000003,1.6
2026/07/19 03:53:00 AM GMT+3,35–44,Prefer not to say,Ubungo,Student,Halotel,1–2 years,"10,001–20,000",11–30,121–300,1–10,Mobile Money,Daily,No,N/A,1.0,No,Yes,Strongly Disagree,3,3,2,4,1,2,4,4,2.3333333333333335,3,2.9499999999999997,1.6
2026/07/19 04:58:00 AM GMT+3,18–24,Female,Kigamboni,Student,Halotel,3–5 years,"20,001–50,000",31–60,More than 300,1–10,SMS,Occasionally,Yes,N/A,2.0,No,No,Agree,1,4,3,5,1,3,1,1,3.0,4,3.45,2.5999999999999996
2026/07/19 05:54:00 AM GMT+3,18–24,Prefer not to say,Ilala,Student,Tigo,More than 5 years,"Less than TZS 5,000",More than 60,61–120,More than 30,Voice Calls,Daily,Yes,Other,2.0,Yes,No,Neutral,1,1,4,3,3,4,4,4,3.3333333333333335,1,2.6000000000000005,3.2
2026/07/19 07:15:00 AM GMT+3,45–54,Prefer not to say,Temeke,Unemployed,Airtel,3–5 years,"5,000–10,000",31–60,More than 300,1–10,Mobile Money,Daily,No,Better network coverage,1.0,No,Yes,Strongly Agree,4,2,3,5,1,3,4,4,3.0,2,3.05,2.1999999999999997
2026/07/19 08:19:00 AM GMT+3,45–54,Male,Ilala,Unemployed,Vodacom,1–2 years,"10,001–20,000",11–30,61–120,More than 30,SMS,Occasionally,No,Better customer service,5.0,No,No,Neutral,4,3,2,3,3,2,1,1,2.6666666666666665,3,2.5999999999999996,3.2
2026/07/19 09:34:00 AM GMT+3,55+,Male,Ubungo,Employed,Tigo,1–2 years,"10,001–20,000",None,Less than 30,None,Mobile Money,Daily,Yes,Lower prices,1.0,Yes,Yes,Agree,5,3,0,1,0,2,4,4,0.3333333333333333,3,1.6999999999999997,1.6
2026/07/19 11:11:00 AM GMT+3,35–44,Male,Ilala,Self-employed,Halotel,Less than 1 year,"More than 50,000",1–10,Less than 30,11–30,Mixed Usage,Weekly,No,Better network coverage,5.0,Yes,Yes,Strongly Agree,3,5,1,1,2,1,3,3,1.3333333333333333,5,2.7,2.6
2026/07/19 12:39:00 PM GMT+3,Under 18,Prefer not to say,Kinondoni,Student,Halotel,Less than 1 year,"5,000–10,000",31–60,121–300,1–10,Voice Calls,Monthly,No,Better network coverage,3.0,Yes,No,Agree,0,2,3,4,1,1,2,2,2.6666666666666665,2,2.6,1.8000000000000003
2026/07/19 01:31:00 PM GMT+3,55+,Male,Ubungo,Unemployed,Tigo,1–2 years,"More than 50,000",More than 60,More than 300,11–30,Mobile Money,Daily,Yes,Better internet,2.0,Yes,Yes,Agree,5,5,4,5,2,2,4,4,3.6666666666666665,5,4.4,2.0
2026/07/19 02:50:00 PM GMT+3,Under 18,Female,Kigamboni,Self-employed,Halotel,1–2 years,"Less than TZS 5,000",None,121–300,11–30,Voice Calls,Weekly,No,Lower prices,2.0,Yes,Yes,Strongly Agree,0,1,0,4,2,2,3,3,2.0,1,1.85,2.0
2026/07/19 03:18:00 PM GMT+3,35–44,Female,Ubungo,Business owner,Airtel,3–5 years,"Less than TZS 5,000",1–10,121–300,11–30,SMS,Daily,No,N/A,3.0,Yes,No,Strongly Agree,3,1,1,4,2,3,4,4,2.3333333333333335,1,2.1500000000000004,3.0
2026/07/19 03:57:00 PM GMT+3,18–24,Male,Ilala,Business owner,TTCL,More than 5 years,"More than 50,000",31–60,Less than 30,More than 30,Internet,Occasionally,No,Better network coverage,4.0,No,No,Agree,1,5,3,1,3,4,1,1,2.3333333333333335,5,3.0,4.0
2026/07/19 05:45:00 PM GMT+3,25–34,Male,Ubungo,Student,Tigo,1–2 years,"20,001–50,000",More than 60,30–60,None,Voice Calls,Weekly,No,N/A,2.0,No,Yes,Neutral,2,4,4,2,0,2,3,3,2.0,4,3.0,2.0
2026/07/19 07:44:00 PM GMT+3,25–34,Male,Kinondoni,Self-employed,TTCL,Less than 1 year,"5,000–10,000",None,More than 300,11–30,Mobile Money,Monthly,No,N/A,5.0,Yes,No,Strongly Disagree,2,2,0,5,2,1,2,2,2.3333333333333335,2,2.35,2.6
2026/07/19 09:09:00 PM GMT+3,45–54,Prefer not to say,Ubungo,Employed,Airtel,Less than 1 year,"10,001–20,000",11–30,Less than 30,11–30,Voice Calls,Daily,No,Lower prices,4.0,Yes,Yes,Agree,4,3,2,1,2,1,4,4,1.6666666666666667,3,2.3,2.2
2026/07/19 09:13:00 PM GMT+3,55+,Male,Ubungo,Unemployed,Vodacom,1–2 years,"20,001–50,000",More than 60,More than 300,More than 30,Mobile Money,Monthly,No,N/A,2.0,Yes,Yes,Strongly Disagree,5,4,4,5,3,2,2,2,4.0,4,3.95,2.0
2026/07/19 10:38:00 PM GMT+3,Under 18,Male,Kinondoni,Student,TTCL,More than 5 years,"10,001–20,000",31–60,121–300,More than 30,Mobile Money,Monthly,Yes,N/A,1.0,Yes,Yes,Neutral,0,3,3,4,3,4,2,2,3.3333333333333335,3,3.1500000000000004,2.8
2026/07/20 12:16:00 AM GMT+3,25–34,Female,Ubungo,Business owner,TTCL,1–2 years,"Less than TZS 5,000",None,30–60,More than 30,Mixed Usage,Daily,Yes,Lower prices,1.0,No,Yes,Strongly Disagree,2,1,0,2,3,2,4,4,1.6666666666666667,1,1.55,1.6
2026/07/20 01:06:00 AM GMT+3,25–34,Male,Ilala,Business owner,Vodacom,Less than 1 year,"20,001–50,000",11–30,121–300,1–10,Mixed Usage,Monthly,No,Promotions,1.0,No,Yes,Neutral,2,4,2,4,1,1,2,2,2.3333333333333335,4,3.1,1.0
2026/07/20 01:24:00 AM GMT+3,Under 18,Male,Kigamboni,Self-employed,TTCL,3–5 years,"10,001–20,000",More than 60,30–60,More than 30,Mobile Money,Monthly,No,Other,4.0,No,No,Agree,0,3,4,2,3,3,2,2,3.0,3,2.8499999999999996,3.4
2026/07/20 02:09:00 AM GMT+3,Under 18,Prefer not to say,Ubungo,Self-employed,Vodacom,Less than 1 year,"More than 50,000",More than 60,61–120,11–30,Voice Calls,Weekly,Yes,Promotions,1.0,No,Yes,Strongly Disagree,0,5,4,3,2,1,3,3,3.0,5,3.8,1.0
2026/07/20 03:40:00 AM GMT+3,55+,Male,Kinondoni,Student,Halotel,3–5 years,"Less than TZS 5,000",More than 60,30–60,None,Voice Calls,Daily,No,Promotions,3.0,No,Yes,Agree,5,1,4,2,0,3,4,4,2.0,1,2.05,3.0
2026/07/20 04:56:00 AM GMT+3,18–24,Prefer not to say,Kigamboni,Employed,Airtel,More than 5 years,"20,001–50,000",1–10,More than 300,More than 30,Mobile Money,Weekly,No,Other,4.0,Yes,No,Strongly Agree,1,4,1,5,3,4,3,3,3.0,4,3.45,4.0
2026/07/20 05:20:00 AM GMT+3,45–54,Prefer not to say,Ilala,Self-employed,Airtel,More than 5 years,"More than 50,000",31–60,121–300,1–10,Mixed Usage,Daily,Yes,Better customer service,3.0,No,No,Strongly Disagree,4,5,3,4,1,4,4,4,2.6666666666666665,5,3.85,3.6
2026/07/20 06:14:00 AM GMT+3,35–44,Female,Kigamboni,Unemployed,Tigo,1–2 years,"10,001–20,000",31–60,More than 300,1–10,Voice Calls,Weekly,No,N/A,1.0,Yes,No,Strongly Agree,3,3,3,5,1,2,3,3,3.0,3,3.3000000000000003,1.6
2026/07/20 07:45:00 AM GMT+3,Under 18,Male,Temeke,Business owner,Halotel,3–5 years,"20,001–50,000",None,61–120,11–30,Mixed Usage,Occasionally,No,Promotions,1.0,Yes,Yes,Neutral,0,4,0,3,2,3,1,1,1.6666666666666667,4,2.45,2.1999999999999997
2026/07/20 08:14:00 AM GMT+3,Under 18,Female,Ilala,Self-employed,Halotel,Less than 1 year,"20,001–50,000",11–30,More than 300,More than 30,Internet,Occasionally,Yes,Other,5.0,No,Yes,Strongly Disagree,0,4,2,5,3,1,1,1,3.3333333333333335,4,3.45,2.6
2026/07/20 09:54:00 AM GMT+3,Under 18,Prefer not to say,Kinondoni,Business owner,Airtel,1–2 years,"Less than TZS 5,000",31–60,61–120,1–10,Mixed Usage,Weekly,Yes,Lower prices,5.0,Yes,No,Neutral,0,1,3,3,1,2,3,3,2.3333333333333335,1,2.1,3.2
2026/07/20 11:10:00 AM GMT+3,25–34,Male,Kinondoni,Student,Tigo,Less than 1 year,"5,000–10,000",31–60,61–120,1–10,Internet,Daily,Yes,Promotions,2.0,No,Yes,Agree,2,2,3,3,1,1,4,4,2.3333333333333335,2,2.55,1.4
2026/07/20 11:24:00 AM GMT+3,25–34,Prefer not to say,Kinondoni,Self-employed,Halotel,More than 5 years,"Less than TZS 5,000",11–30,61–120,1–10,Mobile Money,Occasionally,Yes,N/A,2.0,No,No,Strongly Agree,2,1,2,3,1,4,1,1,2.0,1,1.7000000000000002,3.2
2026/07/20 01:22:00 PM GMT+3,25–34,Male,Temeke,Student,TTCL,More than 5 years,"Less than TZS 5,000",11–30,61–120,1–10,Voice Calls,Daily,Yes,Better customer service,3.0,No,Yes,Agree,2,1,2,3,1,4,4,4,2.0,1,2.0,3.6
2026/07/20 02:52:00 PM GMT+3,35–44,Male,Kigamboni,Business owner,Airtel,Less than 1 year,"More than 50,000",More than 60,Less than 30,1–10,SMS,Monthly,Yes,N/A,4.0,No,Yes,Strongly Disagree,3,5,4,1,1,1,2,2,2.0,5,3.1,2.2
2026/07/20 03:51:00 PM GMT+3,Under 18,Prefer not to say,Kigamboni,Business owner,Airtel,More than 5 years,"10,001–20,000",More than 60,More than 300,11–30,SMS,Monthly,No,N/A,3.0,Yes,Yes,Strongly Agree,0,3,4,5,2,4,2,2,3.6666666666666665,3,3.5,3.6
2026/07/20 04:44:00 PM GMT+3,18–24,Male,Ubungo,Self-employed,Airtel,Less than 1 year,"5,000–10,000",1–10,Less than 30,None,Voice Calls,Weekly,No,Other,3.0,Yes,Yes,Agree,1,2,1,1,0,1,3,3,0.6666666666666666,2,1.45,1.8000000000000003
2026/07/20 06:30:00 PM GMT+3,Under 18,Prefer not to say,Temeke,Business owner,Tigo,More than 5 years,"20,001–50,000",More than 60,More than 300,11–30,Voice Calls,Occasionally,Yes,N/A,1.0,No,No,Strongly Disagree,0,4,4,5,2,4,1,1,3.6666666666666665,4,3.7500000000000004,2.8
2026/07/20 08:29:00 PM GMT+3,25–34,Female,Ilala,Business owner,TTCL,More than 5 years,"10,001–20,000",31–60,121–300,11–30,Mixed Usage,Daily,No,N/A,3.0,Yes,No,Strongly Disagree,2,3,3,4,2,4,4,4,3.0,3,3.25,3.6
2026/07/20 08:31:00 PM GMT+3,Under 18,Male,Ilala,Unemployed,Vodacom,3–5 years,"More than 50,000",More than 60,121–300,1–10,Internet,Weekly,No,Better internet,2.0,Yes,Yes,Neutral,0,5,4,4,1,3,3,3,3.0,5,3.9499999999999997,2.5999999999999996
2026/07/20 09:53:00 PM GMT+3,25–34,Female,Ubungo,Unemployed,Halotel,More than 5 years,"5,000–10,000",1–10,121–300,More than 30,SMS,Weekly,No,Better customer service,2.0,No,No,Strongly Agree,2,2,1,4,3,4,3,3,2.6666666666666665,2,2.5,3.2
2026/07/20 11:12:00 PM GMT+3,55+,Female,Ilala,Student,TTCL,Less than 1 year,"Less than TZS 5,000",More than 60,121–300,1–10,Voice Calls,Monthly,Yes,Other,5.0,No,No,Strongly Disagree,5,1,4,4,1,1,2,2,3.0,1,2.4500000000000006,2.6
2026/07/21 12:01:00 AM GMT+3,55+,Female,Temeke,Unemployed,Vodacom,1–2 years,"10,001–20,000",11–30,Less than 30,1–10,Mobile Money,Weekly,Yes,Lower prices,1.0,No,No,Agree,5,3,2,1,1,2,3,3,1.3333333333333333,3,2.0999999999999996,1.6
2026/07/21 12:03:00 AM GMT+3,35–44,Male,Kigamboni,Self-employed,Tigo,3–5 years,"10,001–20,000",1–10,30–60,11–30,Voice Calls,Daily,No,Better customer service,3.0,No,Yes,Strongly Disagree,3,3,1,2,2,3,4,4,1.6666666666666667,3,2.35,3.0
2026/07/21 01:50:00 AM GMT+3,35–44,Prefer not to say,Kigamboni,Business owner,TTCL,3–5 years,"5,000–10,000",More than 60,121–300,11–30,SMS,Monthly,Yes,Better customer service,4.0,No,Yes,Agree,3,2,4,4,2,3,2,2,3.3333333333333335,2,2.9000000000000004,3.4
2026/07/21 02:58:00 AM GMT+3,Under 18,Male,Kigamboni,Self-employed,Tigo,Less than 1 year,"20,001–50,000",11–30,Less than 30,11–30,Voice Calls,Daily,Yes,Better internet,3.0,Yes,Yes,Agree,0,4,2,1,2,1,4,4,1.6666666666666667,4,2.65,1.8000000000000003
2026/07/21 04:58:00 AM GMT+3,18–24,Male,Kigamboni,Business owner,Tigo,Less than 1 year,"More than 50,000",31–60,Less than 30,More than 30,Voice Calls,Occasionally,No,Better internet,3.0,Yes,Yes,Neutral,1,5,3,1,3,1,1,1,2.3333333333333335,5,3.0,1.8000000000000003
2026/07/21 06:49:00 AM GMT+3,18–24,Female,Temeke,Employed,Tigo,3–5 years,"Less than TZS 5,000",11–30,Less than 30,1–10,Voice Calls,Weekly,No,Better customer service,4.0,No,Yes,Neutral,1,1,2,1,1,3,3,3,1.3333333333333333,1,1.4000000000000001,3.4
2026/07/21 07:50:00 AM GMT+3,18–24,Female,Kinondoni,Student,Airtel,More than 5 years,"5,000–10,000",None,61–120,None,Mobile Money,Occasionally,Yes,N/A,5.0,No,No,Agree,1,2,0,3,0,4,1,1,1.0,2,1.55,4.4
2026/07/21 09:18:00 AM GMT+3,55+,Male,Kinondoni,Unemployed,Airtel,More than 5 years,"5,000–10,000",31–60,121–300,More than 30,Voice Calls,Daily,No,Better customer service,1.0,Yes,No,Strongly Agree,5,2,3,4,3,4,4,4,3.3333333333333335,2,3.0,2.8
2026/07/21 09:31:00 AM GMT+3,18–24,Female,Ubungo,Employed,Halotel,More than 5 years,"More than 50,000",31–60,121–300,11–30,Internet,Occasionally,Yes,Better network coverage,1.0,Yes,No,Strongly Agree,1,5,3,4,2,4,1,1,3.0,5,3.6500000000000004,2.8
2026/07/21 10:13:00 AM GMT+3,25–34,Female,Ilala,Unemployed,Airtel,3–5 years,"More than 50,000",31–60,More than 300,11–30,Mixed Usage,Weekly,Yes,Better network coverage,3.0,Yes,No,Strongly Agree,2,5,3,5,2,3,3,3,3.3333333333333335,5,4.1000000000000005,3.0
2026/07/21 11:08:00 AM GMT+3,55+,Male,Ilala,Student,Halotel,More than 5 years,"20,001–50,000",None,More than 300,1–10,Voice Calls,Monthly,Yes,Other,5.0,No,Yes,Strongly Agree,5,4,0,5,1,4,2,2,2.0,4,2.95,4.4
2026/07/21 11:47:00 AM GMT+3,25–34,Prefer not to say,Ilala,Unemployed,Airtel,1–2 years,"Less than TZS 5,000",None,61–120,More than 30,SMS,Weekly,Yes,N/A,4.0,Yes,No,Strongly Disagree,2,1,0,3,3,2,3,3,2.0,1,1.7000000000000002,2.8
2026/07/21 12:27:00 PM GMT+3,25–34,Female,Ubungo,Student,TTCL,1–2 years,"10,001–20,000",More than 60,More than 300,11–30,Internet,Occasionally,Yes,Lower prices,4.0,Yes,Yes,Neutral,2,3,4,5,2,2,1,1,3.6666666666666665,3,3.4,2.8
2026/07/21 12:35:00 PM GMT+3,Under 18,Female,Ubungo,Employed,Vodacom,More than 5 years,"10,001–20,000",None,Less than 30,1–10,Mobile Money,Daily,Yes,Better network coverage,1.0,Yes,No,Agree,0,3,0,1,1,4,4,4,0.6666666666666666,3,1.7999999999999998,2.8
2026/07/21 12:47:00 PM GMT+3,55+,Prefer not to say,Ilala,Unemployed,Vodacom,More than 5 years,"20,001–50,000",More than 60,61–120,11–30,Mixed Usage,Monthly,Yes,N/A,2.0,Yes,No,Agree,5,4,4,3,2,4,2,2,3.0,4,3.3500000000000005,3.2
2026/07/21 01:28:00 PM GMT+3,18–24,Male,Ilala,Student,Vodacom,3–5 years,"Less than TZS 5,000",1–10,Less than 30,More than 30,SMS,Daily,No,Other,5.0,No,Yes,Strongly Agree,1,1,1,1,3,3,4,4,1.6666666666666667,1,1.5000000000000002,3.8
2026/07/21 03:07:00 PM GMT+3,45–54,Prefer not to say,Ubungo,Self-employed,Tigo,3–5 years,"More than 50,000",31–60,121–300,More than 30,Mobile Money,Daily,No,Lower prices,5.0,No,Yes,Agree,4,5,3,4,3,3,4,4,3.3333333333333335,5,4.05,3.8
2026/07/21 04:45:00 PM GMT+3,Under 18,Prefer not to say,Kinondoni,Student,Airtel,3–5 years,"5,000–10,000",1–10,More than 300,1–10,SMS,Weekly,No,Other,2.0,Yes,No,Strongly Disagree,0,2,1,5,1,3,3,3,2.3333333333333335,2,2.5500000000000003,2.5999999999999996
2026/07/21 06:19:00 PM GMT+3,55+,Prefer not to say,Kigamboni,Business owner,TTCL,More than 5 years,"More than 50,000",31–60,Less than 30,1–10,Internet,Monthly,Yes,N/A,5.0,No,No,Strongly Agree,5,5,3,1,1,4,2,2,1.6666666666666667,5,2.9000000000000004,4.4
2026/07/21 06:41:00 PM GMT+3,45–54,Female,Temeke,Business owner,Airtel,Less than 1 year,"20,001–50,000",None,61–120,More than 30,Internet,Weekly,Yes,Better network coverage,2.0,No,Yes,Strongly Agree,4,4,0,3,3,1,3,3,2.0,4,2.75,1.4
2026/07/21 08:03:00 PM GMT+3,Under 18,Prefer not to say,Temeke,Business owner,Vodacom,More than 5 years,"20,001–50,000",1–10,Less than 30,More than 30,Internet,Monthly,No,N/A,3.0,No,Yes,Strongly Disagree,0,4,1,1,3,4,2,2,1.6666666666666667,4,2.3499999999999996,3.6
2026/07/21 08:05:00 PM GMT+3,35–44,Male,Ilala,Student,TTCL,Less than 1 year,"5,000–10,000",11–30,61–120,More than 30,SMS,Occasionally,No,N/A,5.0,No,Yes,Strongly Disagree,3,2,2,3,3,1,1,1,2.6666666666666665,2,2.25,2.6
2026/07/21 09:35:00 PM GMT+3,18–24,Male,Temeke,Self-employed,Tigo,1–2 years,"5,000–10,000",31–60,61–120,More than 30,Mobile Money,Occasionally,Yes,Better internet,1.0,Yes,No,Strongly Disagree,1,2,3,3,3,2,1,1,3.0,2,2.45,1.6
2026/07/21 11:35:00 PM GMT+3,55+,Male,Temeke,Business owner,Airtel,More than 5 years,"More than 50,000",11–30,121–300,None,SMS,Occasionally,Yes,Better internet,5.0,No,No,Neutral,5,5,2,4,0,4,1,1,2.0,5,3.25,4.4
2026/07/22 12:41:00 AM GMT+3,45–54,Prefer not to say,Kigamboni,Employed,Halotel,3–5 years,"10,001–20,000",11–30,121–300,None,Internet,Daily,Yes,Lower prices,2.0,No,Yes,Neutral,4,3,2,4,0,3,4,4,2.0,3,2.8499999999999996,2.5999999999999996
2026/07/22 01:17:00 AM GMT+3,Under 18,Male,Kigamboni,Self-employed,TTCL,More than 5 years,"10,001–20,000",More than 60,121–300,More than 30,Internet,Monthly,No,Other,5.0,Yes,Yes,Strongly Disagree,0,3,4,4,3,4,2,2,3.6666666666666665,3,3.3499999999999996,4.4
2026/07/22 02:15:00 AM GMT+3,35–44,Prefer not to say,Ilala,Student,Halotel,Less than 1 year,"5,000–10,000",More than 60,30–60,More than 30,Internet,Weekly,No,Better internet,2.0,No,Yes,Strongly Agree,3,2,4,2,3,1,3,3,3.0,2,2.5999999999999996,1.4
2026/07/22 03:00:00 AM GMT+3,25–34,Male,Kigamboni,Business owner,Airtel,1–2 years,"More than 50,000",More than 60,61–120,11–30,Voice Calls,Daily,No,Other,3.0,No,Yes,Strongly Agree,2,5,4,3,2,2,4,4,3.0,5,3.9,2.4000000000000004
2026/07/22 04:20:00 AM GMT+3,35–44,Prefer not to say,Kigamboni,Self-employed,Airtel,Less than 1 year,"Less than TZS 5,000",More than 60,Less than 30,11–30,Mixed Usage,Weekly,Yes,Other,4.0,Yes,No,Agree,3,1,4,1,2,1,3,3,2.3333333333333335,1,1.9,2.2
2026/07/22 05:20:00 AM GMT+3,Under 18,Prefer not to say,Kigamboni,Employed,TTCL,1–2 years,"5,000–10,000",11–30,Less than 30,More than 30,Voice Calls,Daily,Yes,Better internet,1.0,Yes,Yes,Agree,0,2,2,1,3,2,4,4,2.0,2,2.05,1.6
2026/07/22 06:57:00 AM GMT+3,25–34,Prefer not to say,Ubungo,Unemployed,Halotel,More than 5 years,"More than 50,000",More than 60,30–60,None,Voice Calls,Daily,Yes,Better internet,3.0,No,No,Neutral,2,5,4,2,0,4,4,4,2.0,5,3.4499999999999997,3.6
2026/07/22 08:08:00 AM GMT+3,55+,Prefer not to say,Kinondoni,Employed,TTCL,Less than 1 year,"More than 50,000",1–10,121–300,More than 30,Mobile Money,Monthly,No,Other,3.0,Yes,No,Strongly Disagree,5,5,1,4,3,1,2,2,2.6666666666666665,5,3.45,1.8000000000000003
2026/07/22 09:37:00 AM GMT+3,45–54,Female,Ilala,Employed,Halotel,1–2 years,"Less than TZS 5,000",More than 60,30–60,11–30,Voice Calls,Weekly,Yes,N/A,4.0,No,No,Strongly Disagree,4,1,4,2,2,2,3,3,2.6666666666666665,1,2.15,2.8
2026/07/22 09:56:00 AM GMT+3,25–34,Prefer not to say,Kigamboni,Student,Halotel,More than 5 years,"5,000–10,000",31–60,More than 300,1–10,SMS,Daily,No,N/A,4.0,No,Yes,Strongly Disagree,2,2,3,5,1,4,4,4,3.0,2,3.05,4.0
2026/07/22 11:21:00 AM GMT+3,25–34,Prefer not to say,Kinondoni,Self-employed,TTCL,3–5 years,"20,001–50,000",31–60,121–300,None,Internet,Occasionally,Yes,N/A,4.0,Yes,Yes,Strongly Disagree,2,4,3,4,0,3,1,1,2.3333333333333335,4,3.1,3.4
2026/07/22 01:00:00 PM GMT+3,45–54,Male,Kinondoni,Employed,Vodacom,More than 5 years,"10,001–20,000",None,61–120,1–10,Mobile Money,Daily,Yes,Lower prices,3.0,Yes,Yes,Strongly Disagree,4,3,0,3,1,4,4,4,1.3333333333333333,3,2.3,3.6
2026/07/22 01:13:00 PM GMT+3,Under 18,Prefer not to say,Ilala,Business owner,Airtel,More than 5 years,"10,001–20,000",31–60,Less than 30,More than 30,Mixed Usage,Monthly,Yes,Other,1.0,Yes,Yes,Strongly Disagree,0,3,3,1,3,4,2,2,2.3333333333333335,3,2.4000000000000004,2.8
2026/07/22 02:56:00 PM GMT+3,18–24,Prefer not to say,Kinondoni,Employed,Halotel,3–5 years,"Less than TZS 5,000",31–60,121–300,None,Mobile Money,Monthly,No,Better network coverage,4.0,Yes,No,Strongly Disagree,1,1,3,4,0,3,2,2,2.3333333333333335,1,2.1500000000000004,3.4
2026/07/22 03:09:00 PM GMT+3,Under 18,Male,Kinondoni,Self-employed,Vodacom,Less than 1 year,"5,000–10,000",None,More than 300,None,Voice Calls,Occasionally,Yes,N/A,5.0,No,No,Agree,0,2,0,5,0,1,1,1,1.6666666666666667,2,2.05,2.6
2026/07/22 04:48:00 PM GMT+3,45–54,Male,Ilala,Student,TTCL,3–5 years,"Less than TZS 5,000",None,30–60,None,Mobile Money,Monthly,No,Better internet,2.0,No,No,Strongly Agree,4,1,0,2,0,3,2,2,0.6666666666666666,1,1.05,2.5999999999999996
2026/07/22 05:36:00 PM GMT+3,35–44,Male,Ubungo,Employed,Tigo,Less than 1 year,"5,000–10,000",None,121–300,11–30,Internet,Monthly,No,N/A,2.0,Yes,No,Strongly Agree,3,2,0,4,2,1,2,2,2.0,2,2.1,1.4
2026/07/22 05:48:00 PM GMT+3,Under 18,Male,Ilala,Unemployed,Airtel,Less than 1 year,"20,001–50,000",None,61–120,None,Mixed Usage,Weekly,No,Lower prices,5.0,Yes,No,Strongly Disagree,0,4,0,3,0,1,3,3,1.0,4,2.45,2.6
2026/07/22 06:16:00 PM GMT+3,18–24,Male,Ubungo,Self-employed,Tigo,1–2 years,"5,000–10,000",1–10,30–60,1–10,SMS,Monthly,No,N/A,4.0,Yes,Yes,Strongly Agree,1,2,1,2,1,2,2,2,1.3333333333333333,2,1.7,2.8
2026/07/22 07:31:00 PM GMT+3,25–34,Male,Kinondoni,Business owner,TTCL,More than 5 years,"10,001–20,000",More than 60,121–300,None,Mobile Money,Monthly,No,Promotions,5.0,Yes,Yes,Agree,2,3,4,4,0,4,2,2,2.6666666666666665,3,3.05,4.4
2026/07/22 08:44:00 PM GMT+3,25–34,Male,Kinondoni,Business owner,Tigo,1–2 years,"More than 50,000",31–60,121–300,1–10,Internet,Monthly,Yes,Better network coverage,1.0,No,Yes,Strongly Agree,2,5,3,4,1,2,2,2,2.6666666666666665,5,3.6500000000000004,1.6
2026/07/22 09:51:00 PM GMT+3,18–24,Male,Kinondoni,Unemployed,Tigo,3–5 years,"10,001–20,000",None,Less than 30,11–30,Voice Calls,Occasionally,No,N/A,4.0,Yes,No,Agree,1,3,0,1,2,3,1,1,1.0,3,1.5999999999999999,3.4
2026/07/22 11:23:00 PM GMT+3,Under 18,Female,Kigamboni,Self-employed,Halotel,1–2 years,"10,001–20,000",1–10,121–300,More than 30,Mixed Usage,Monthly,Yes,N/A,2.0,No,No,Agree,0,3,1,4,3,2,2,2,2.6666666666666665,3,2.75,2.0
2026/07/23 12:34:00 AM GMT+3,Under 18,Prefer not to say,Kigamboni,Unemployed,Airtel,1–2 years,"5,000–10,000",31–60,More than 300,1–10,SMS,Daily,No,Better internet,3.0,Yes,Yes,Strongly Disagree,0,2,3,5,1,2,4,4,3.0,2,3.05,2.4000000000000004
2026/07/23 02:32:00 AM GMT+3,25–34,Prefer not to say,Temeke,Self-employed,TTCL,More than 5 years,"5,000–10,000",31–60,121–300,More than 30,Mixed Usage,Occasionally,No,N/A,2.0,No,No,Agree,2,2,3,4,3,4,1,1,3.3333333333333335,2,2.7,3.2
2026/07/23 04:24:00 AM GMT+3,Under 18,Female,Ubungo,Student,Tigo,Less than 1 year,"10,001–20,000",11–30,More than 300,1–10,Internet,Weekly,No,N/A,2.0,No,Yes,Agree,0,3,2,5,1,1,3,3,2.6666666666666665,3,3.1,1.4
2026/07/23 05:58:00 AM GMT+3,35–44,Female,Ubungo,Self-employed,Tigo,1–2 years,"More than 50,000",None,More than 300,1–10,SMS,Monthly,Yes,Better customer service,2.0,Yes,No,Strongly Agree,3,5,0,5,1,2,2,2,2.0,5,3.3000000000000003,2.0
2026/07/23 07:34:00 AM GMT+3,18–24,Male,Kigamboni,Student,TTCL,Less than 1 year,"More than 50,000",31–60,30–60,11–30,SMS,Monthly,No,Lower prices,2.0,No,Yes,Strongly Disagree,1,5,3,2,2,1,2,2,2.3333333333333335,5,3.2500000000000004,1.4
2026/07/23 09:27:00 AM GMT+3,55+,Female,Ubungo,Employed,Vodacom,3–5 years,"20,001–50,000",More than 60,Less than 30,None,Voice Calls,Occasionally,No,N/A,1.0,No,Yes,Neutral,5,4,4,1,0,3,1,1,1.6666666666666667,4,2.5500000000000003,2.1999999999999997
2026/07/23 10:39:00 AM GMT+3,35–44,Male,Temeke,Unemployed,TTCL,1–2 years,"5,000–10,000",More than 60,Less than 30,1–10,Mobile Money,Weekly,No,Better network coverage,1.0,Yes,No,Strongly Disagree,3,2,4,1,1,2,3,3,2.0,2,2.15,1.6
2026/07/23 10:42:00 AM GMT+3,45–54,Prefer not to say,Temeke,Unemployed,Halotel,More than 5 years,"More than 50,000",1–10,More than 300,1–10,SMS,Daily,Yes,N/A,3.0,No,Yes,Neutral,4,5,1,5,1,4,4,4,2.3333333333333335,5,3.7,3.6
2026/07/23 12:02:00 PM GMT+3,55+,Prefer not to say,Ubungo,Business owner,TTCL,Less than 1 year,"20,001–50,000",None,Less than 30,None,Mobile Money,Occasionally,Yes,N/A,2.0,No,No,Strongly Disagree,5,4,0,1,0,1,1,1,0.3333333333333333,4,1.75,1.4
2026/07/23 12:38:00 PM GMT+3,55+,Female,Kigamboni,Student,Tigo,Less than 1 year,"20,001–50,000",31–60,61–120,1–10,Internet,Monthly,No,N/A,3.0,Yes,Yes,Agree,5,4,3,3,1,1,2,2,2.3333333333333335,4,3.0500000000000003,1.8000000000000003
2026/07/23 02:08:00 PM GMT+3,45–54,Male,Ubungo,Employed,TTCL,Less than 1 year,"Less than TZS 5,000",11–30,121–300,More than 30,SMS,Daily,No,Better internet,1.0,Yes,Yes,Strongly Agree,4,1,2,4,3,1,4,4,3.0,1,2.45,1.0
2026/07/23 02:45:00 PM GMT+3,25–34,Male,Kigamboni,Unemployed,Halotel,More than 5 years,"Less than TZS 5,000",31–60,30–60,More than 30,Mixed Usage,Weekly,No,Lower prices,1.0,No,Yes,Agree,2,1,3,2,3,4,3,3,2.6666666666666665,1,2.0500000000000003,2.8
2026/07/23 03:01:00 PM GMT+3,Under 18,Female,Kinondoni,Student,Tigo,More than 5 years,"20,001–50,000",None,More than 300,11–30,Internet,Daily,No,Promotions,4.0,No,Yes,Strongly Agree,0,4,0,5,2,4,4,4,2.3333333333333335,4,3.25,4.0
2026/07/23 03:13:00 PM GMT+3,25–34,Male,Ubungo,Student,Vodacom,Less than 1 year,"Less than TZS 5,000",11–30,121–300,11–30,Mixed Usage,Daily,Yes,Better network coverage,4.0,Yes,Yes,Agree,2,1,2,4,2,1,4,4,2.6666666666666665,1,2.35,2.2
2026/07/23 03:30:00 PM GMT+3,55+,Prefer not to say,Temeke,Self-employed,Halotel,3–5 years,"More than 50,000",1–10,121–300,11–30,Voice Calls,Daily,No,Better internet,3.0,Yes,No,Strongly Disagree,5,5,1,4,2,3,4,4,2.3333333333333335,5,3.5500000000000003,3.0
2026/07/23 05:30:00 PM GMT+3,55+,Female,Temeke,Student,Vodacom,3–5 years,"Less than TZS 5,000",1–10,121–300,11–30,Mobile Money,Daily,Yes,Other,3.0,No,No,Neutral,5,1,1,4,2,3,4,4,2.3333333333333335,1,2.1500000000000004,3.0
2026/07/23 06:28:00 PM GMT+3,Under 18,Prefer not to say,Ubungo,Self-employed,Airtel,More than 5 years,"10,001–20,000",1–10,More than 300,None,Mobile Money,Weekly,Yes,Better internet,4.0,Yes,Yes,Strongly Disagree,0,3,1,5,0,4,3,3,2.0,3,2.8,4.0
2026/07/23 06:44:00 PM GMT+3,Under 18,Female,Kinondoni,Employed,TTCL,More than 5 years,"20,001–50,000",More than 60,More than 300,More than 30,Mobile Money,Daily,No,Better internet,1.0,No,Yes,Agree,0,4,4,5,3,4,4,4,4.0,4,4.15,2.8
2026/07/23 08:06:00 PM GMT+3,Under 18,Prefer not to say,Kigamboni,Employed,Vodacom,Less than 1 year,"5,000–10,000",11–30,Less than 30,None,SMS,Weekly,Yes,Lower prices,3.0,Yes,No,Strongly Disagree,0,2,2,1,0,1,3,3,1.0,2,1.6500000000000001,1.8000000000000003
2026/07/23 09:04:00 PM GMT+3,35–44,Prefer not to say,Kigamboni,Employed,Tigo,3–5 years,"20,001–50,000",31–60,61–120,None,Mixed Usage,Occasionally,No,N/A,5.0,Yes,Yes,Strongly Agree,3,4,3,3,0,3,1,1,2.0,4,2.85,3.8
2026/07/23 09:54:00 PM GMT+3,18–24,Prefer not to say,Kigamboni,Student,TTCL,Less than 1 year,"10,001–20,000",More than 60,30–60,1–10,Mobile Money,Daily,No,Promotions,4.0,No,No,Agree,1,3,4,2,1,1,4,4,2.3333333333333335,3,2.8499999999999996,2.2
2026/07/23 11:08:00 PM GMT+3,25–34,Male,Ilala,Business owner,Halotel,More than 5 years,"Less than TZS 5,000",1–10,More than 300,More than 30,Mixed Usage,Occasionally,No,N/A,4.0,No,No,Strongly Disagree,2,1,1,5,3,4,1,1,3.0,1,2.2,4.0
2026/07/23 11:29:00 PM GMT+3,25–34,Prefer not to say,Kigamboni,Student,Tigo,1–2 years,"20,001–50,000",More than 60,61–120,None,Internet,Occasionally,Yes,Better customer service,3.0,Yes,No,Strongly Disagree,2,4,4,3,0,2,1,1,2.3333333333333335,4,3.0500000000000003,2.4000000000000004
2026/07/24 12:31:00 AM GMT+3,55+,Female,Kinondoni,Unemployed,Tigo,More than 5 years,"5,000–10,000",More than 60,Less than 30,More than 30,Internet,Monthly,Yes,N/A,5.0,No,No,Neutral,5,2,4,1,3,4,2,2,2.6666666666666665,2,2.25,4.4
2026/07/24 01:01:00 AM GMT+3,55+,Male,Ubungo,Student,Airtel,More than 5 years,"More than 50,000",31–60,More than 300,11–30,Mixed Usage,Daily,No,N/A,3.0,Yes,Yes,Agree,5,5,3,5,2,4,4,4,3.3333333333333335,5,4.2,3.6
2026/07/24 02:28:00 AM GMT+3,45–54,Male,Ilala,Self-employed,Tigo,1–2 years,"5,000–10,000",31–60,More than 300,11–30,Mobile Money,Monthly,No,Promotions,2.0,No,Yes,Neutral,4,2,3,5,2,2,2,2,3.3333333333333335,2,2.95,2.0
2026/07/24 02:54:00 AM GMT+3,Under 18,Prefer not to say,Kigamboni,Self-employed,Halotel,More than 5 years,"More than 50,000",11–30,61–120,None,Mixed Usage,Weekly,No,Lower prices,5.0,No,No,Strongly Agree,0,5,2,3,0,4,3,3,1.6666666666666667,5,3.2,4.4
2026/07/24 03:42:00 AM GMT+3,55+,Prefer not to say,Kigamboni,Business owner,Vodacom,3–5 years,"20,001–50,000",None,Less than 30,11–30,Mobile Money,Daily,No,N/A,2.0,Yes,No,Strongly Agree,5,4,0,1,2,3,4,4,1.0,4,2.25,2.5999999999999996
2026/07/24 04:34:00 AM GMT+3,45–54,Male,Ubungo,Employed,Airtel,Less than 1 year,"20,001–50,000",More than 60,More than 300,11–30,Voice Calls,Monthly,No,Better customer service,2.0,Yes,No,Agree,4,4,4,5,2,1,2,2,3.6666666666666665,4,3.8500000000000005,1.4
2026/07/24 04:48:00 AM GMT+3,25–34,Prefer not to say,Kinondoni,Employed,Vodacom,3–5 years,"5,000–10,000",1–10,121–300,11–30,Voice Calls,Daily,Yes,Better internet,1.0,Yes,No,Agree,2,2,1,4,2,3,4,4,2.3333333333333335,2,2.5,2.1999999999999997
2026/07/24 06:45:00 AM GMT+3,55+,Male,Temeke,Student,Tigo,More than 5 years,"20,001–50,000",31–60,30–60,More than 30,Mobile Money,Occasionally,No,Better internet,3.0,No,No,Strongly Disagree,5,4,3,2,3,4,1,1,2.6666666666666665,4,2.9000000000000004,3.6
2026/07/24 07:00:00 AM GMT+3,45–54,Prefer not to say,Kinondoni,Student,Vodacom,3–5 years,"Less than TZS 5,000",None,30–60,1–10,Mixed Usage,Monthly,No,Other,2.0,No,Yes,Strongly Disagree,4,1,0,2,1,3,2,2,1.0,1,1.1500000000000001,2.5999999999999996
2026/07/24 08:11:00 AM GMT+3,55+,Male,Temeke,Unemployed,Halotel,1–2 years,"5,000–10,000",1–10,121–300,More than 30,Mixed Usage,Weekly,Yes,N/A,5.0,No,No,Agree,5,2,1,4,3,2,3,3,2.6666666666666665,2,2.5,3.2
2026/07/24 09:11:00 AM GMT+3,55+,Male,Ilala,Employed,Halotel,Less than 1 year,"10,001–20,000",More than 60,61–120,None,Internet,Daily,No,N/A,4.0,Yes,No,Strongly Disagree,5,3,4,3,0,1,4,4,2.3333333333333335,3,2.9999999999999996,2.2
2026/07/24 10:49:00 AM GMT+3,25–34,Male,Ubungo,Self-employed,TTCL,3–5 years,"Less than TZS 5,000",31–60,121–300,11–30,SMS,Weekly,Yes,N/A,2.0,Yes,No,Neutral,2,1,3,4,2,3,3,3,3.0,1,2.45,2.5999999999999996
2026/07/24 12:41:00 PM GMT+3,35–44,Male,Temeke,Unemployed,Tigo,3–5 years,"More than 50,000",1–10,More than 300,None,Mobile Money,Occasionally,No,Other,3.0,No,No,Strongly Agree,3,5,1,5,0,3,1,1,2.0,5,3.3000000000000003,3.0
2026/07/24 02:14:00 PM GMT+3,55+,Female,Kinondoni,Business owner,TTCL,Less than 1 year,"Less than TZS 5,000",31–60,More than 300,More than 30,Internet,Daily,Yes,Better internet,4.0,Yes,Yes,Strongly Agree,5,1,3,5,3,1,4,4,3.6666666666666665,1,2.9000000000000004,2.2
2026/07/24 02:21:00 PM GMT+3,55+,Male,Kinondoni,Business owner,Airtel,1–2 years,"20,001–50,000",1–10,More than 300,11–30,SMS,Weekly,Yes,N/A,4.0,No,Yes,Neutral,5,4,1,5,2,2,3,3,2.6666666666666665,4,3.3500000000000005,2.8
2026/07/24 02:34:00 PM GMT+3,25–34,Female,Temeke,Self-employed,Tigo,More than 5 years,"Less than TZS 5,000",More than 60,More than 300,None,Internet,Weekly,No,Promotions,1.0,Yes,Yes,Strongly Agree,2,1,4,5,0,4,3,3,3.0,1,2.7,2.8
2026/07/24 04:19:00 PM GMT+3,25–34,Male,Ubungo,Unemployed,TTCL,3–5 years,"20,001–50,000",11–30,Less than 30,11–30,Voice Calls,Weekly,Yes,N/A,2.0,Yes,No,Neutral,2,4,2,1,2,3,3,3,1.6666666666666667,4,2.55,2.5999999999999996
2026/07/24 06:19:00 PM GMT+3,55+,Female,Kigamboni,Business owner,Tigo,3–5 years,"5,000–10,000",More than 60,More than 300,None,SMS,Occasionally,No,Other,4.0,No,Yes,Neutral,5,2,4,5,0,3,1,1,3.0,2,2.85,3.4
2026/07/24 06:48:00 PM GMT+3,18–24,Prefer not to say,Temeke,Business owner,TTCL,1–2 years,"5,000–10,000",11–30,121–300,11–30,Mobile Money,Occasionally,No,N/A,1.0,No,Yes,Neutral,1,2,2,4,2,2,1,1,2.6666666666666665,2,2.4000000000000004,1.6
2026/07/24 07:32:00 PM GMT+3,55+,Prefer not to say,Kigamboni,Unemployed,Halotel,1–2 years,"20,001–50,000",More than 60,30–60,1–10,SMS,Daily,No,Better network coverage,1.0,No,No,Strongly Agree,5,4,4,2,1,2,4,4,2.3333333333333335,4,3.2,1.6
2026/07/24 08:57:00 PM GMT+3,Under 18,Female,Kinondoni,Student,Tigo,1–2 years,"More than 50,000",More than 60,30–60,More than 30,Voice Calls,Occasionally,No,N/A,1.0,No,No,Neutral,0,5,4,2,3,2,1,1,3.0,5,3.45,1.6
2026/07/24 09:30:00 PM GMT+3,25–34,Prefer not to say,Temeke,Employed,TTCL,Less than 1 year,"5,000–10,000",None,More than 300,None,Voice Calls,Weekly,Yes,Better internet,3.0,No,Yes,Neutral,2,2,0,5,0,1,3,3,1.6666666666666667,2,2.25,1.8000000000000003
2026/07/24 10:33:00 PM GMT+3,35–44,Prefer not to say,Kinondoni,Student,Halotel,Less than 1 year,"5,000–10,000",More than 60,30–60,11–30,Mixed Usage,Occasionally,No,Promotions,5.0,Yes,Yes,Strongly Agree,3,2,4,2,2,1,1,1,2.6666666666666665,2,2.3000000000000003,2.6
2026/07/24 11:10:00 PM GMT+3,25–34,Male,Kinondoni,Business owner,Tigo,3–5 years,"20,001–50,000",None,More than 300,None,SMS,Occasionally,Yes,Promotions,4.0,No,No,Strongly Agree,2,4,0,5,0,3,1,1,1.6666666666666667,4,2.75,3.4
2026/07/24 11:27:00 PM GMT+3,35–44,Female,Temeke,Self-employed,TTCL,More than 5 years,"More than 50,000",11–30,61–120,None,Mixed Usage,Occasionally,No,N/A,5.0,No,No,Agree,3,5,2,3,0,4,1,1,1.6666666666666667,5,3.0,4.4
2026/07/24 11:52:00 PM GMT+3,45–54,Male,Ubungo,Business owner,Tigo,More than 5 years,"10,001–20,000",11–30,More than 300,More than 30,SMS,Weekly,No,Better customer service,3.0,No,Yes,Strongly Disagree,4,3,2,5,3,4,3,3,3.3333333333333335,3,3.3,3.6
2026/07/25 01:15:00 AM GMT+3,25–34,Prefer not to say,Kigamboni,Student,Tigo,1–2 years,"More than 50,000",1–10,Less than 30,More than 30,SMS,Occasionally,Yes,N/A,3.0,No,No,Strongly Disagree,2,5,1,1,3,2,1,1,1.6666666666666667,5,2.6000000000000005,2.4000000000000004
2026/07/25 02:20:00 AM GMT+3,45–54,Prefer not to say,Kinondoni,Student,Halotel,More than 5 years,"Less than TZS 5,000",11–30,Less than 30,None,SMS,Monthly,No,Promotions,4.0,No,Yes,Strongly Disagree,4,1,2,1,0,4,2,2,1.0,1,1.2,4.0
2026/07/25 02:53:00 AM GMT+3,45–54,Prefer not to say,Kigamboni,Business owner,Airtel,More than 5 years,"More than 50,000",31–60,Less than 30,More than 30,SMS,Daily,Yes,N/A,5.0,No,No,Strongly Disagree,4,5,3,1,3,4,4,4,2.3333333333333335,5,3.3,4.4
2026/07/25 03:02:00 AM GMT+3,45–54,Prefer not to say,Kigamboni,Employed,TTCL,1–2 years,"5,000–10,000",11–30,30–60,More than 30,Mobile Money,Monthly,Yes,N/A,2.0,No,No,Strongly Agree,4,2,2,2,3,2,2,2,2.3333333333333335,2,2.1,2.0
2026/07/25 03:23:00 AM GMT+3,Under 18,Female,Kigamboni,Student,Vodacom,Less than 1 year,"5,000–10,000",11–30,More than 300,None,Voice Calls,Weekly,Yes,N/A,1.0,No,Yes,Neutral,0,2,2,5,0,1,3,3,2.3333333333333335,2,2.6500000000000004,1.0
2026/07/25 04:47:00 AM GMT+3,Under 18,Female,Ilala,Business owner,TTCL,More than 5 years,"Less than TZS 5,000",None,61–120,More than 30,Voice Calls,Daily,No,Better network coverage,2.0,No,No,Agree,0,1,0,3,3,4,4,4,2.0,1,1.8,3.2
2026/07/25 05:15:00 AM GMT+3,Under 18,Prefer not to say,Ubungo,Student,Vodacom,1–2 years,"10,001–20,000",More than 60,More than 300,1–10,Mixed Usage,Occasionally,Yes,Better network coverage,2.0,Yes,Yes,Neutral,0,3,4,5,1,2,1,1,3.3333333333333335,3,3.3,2.0
2026/07/25 06:10:00 AM GMT+3,25–34,Female,Kinondoni,Employed,Vodacom,1–2 years,"5,000–10,000",31–60,More than 300,11–30,Mixed Usage,Monthly,Yes,N/A,2.0,No,Yes,Agree,2,2,3,5,2,2,2,2,3.3333333333333335,2,2.95,2.0
2026/07/25 07:31:00 AM GMT+3,55+,Female,Temeke,Employed,Vodacom,3–5 years,"5,000–10,000",11–30,61–120,More than 30,Mobile Money,Monthly,No,Better internet,5.0,Yes,No,Neutral,5,2,2,3,3,3,2,2,2.6666666666666665,2,2.3500000000000005,3.8
2026/07/25 08:15:00 AM GMT+3,25–34,Female,Kigamboni,Employed,TTCL,1–2 years,"Less than TZS 5,000",11–30,More than 300,1–10,Voice Calls,Weekly,Yes,Other,3.0,Yes,No,Neutral,2,1,2,5,1,2,3,3,2.6666666666666665,1,2.4,2.4000000000000004
2026/07/25 09:20:00 AM GMT+3,45–54,Female,Kinondoni,Student,TTCL,More than 5 years,"10,001–20,000",More than 60,121–300,11–30,Internet,Occasionally,Yes,Better network coverage,5.0,No,Yes,Neutral,4,3,4,4,2,4,1,1,3.3333333333333335,3,3.15,4.4
2026/07/25 10:38:00 AM GMT+3,Under 18,Prefer not to say,Kigamboni,Unemployed,TTCL,More than 5 years,"More than 50,000",1–10,30–60,1–10,Mixed Usage,Monthly,No,Better customer service,4.0,Yes,No,Strongly Agree,0,5,1,2,1,4,2,2,1.3333333333333333,5,2.7500000000000004,4.0
2026/07/25 12:00:00 PM GMT+3,18–24,Prefer not to say,Ilala,Unemployed,Airtel,Less than 1 year,"10,001–20,000",31–60,121–300,More than 30,Mixed Usage,Monthly,No,Lower prices,2.0,No,No,Strongly Disagree,1,3,3,4,3,1,2,2,3.3333333333333335,3,3.1500000000000004,1.4
2026/07/25 01:46:00 PM GMT+3,55+,Female,Kigamboni,Unemployed,TTCL,1–2 years,"20,001–50,000",31–60,121–300,None,SMS,Daily,Yes,Other,4.0,Yes,No,Strongly Agree,5,4,3,4,0,2,4,4,2.3333333333333335,4,3.4,2.8
2026/07/25 02:05:00 PM GMT+3,25–34,Prefer not to say,Ilala,Self-employed,Airtel,More than 5 years,"10,001–20,000",None,121–300,None,SMS,Weekly,Yes,N/A,5.0,No,No,Agree,2,3,0,4,0,4,3,3,1.3333333333333333,3,2.3499999999999996,4.4
2026/07/25 03:50:00 PM GMT+3,35–44,Prefer not to say,Kigamboni,Student,Airtel,Less than 1 year,"Less than TZS 5,000",More than 60,121–300,11–30,Internet,Weekly,Yes,N/A,1.0,Yes,No,Strongly Agree,3,1,4,4,2,1,3,3,3.3333333333333335,1,2.6500000000000004,1.0
2026/07/25 04:25:00 PM GMT+3,18–24,Prefer not to say,Kinondoni,Self-employed,TTCL,More than 5 years,"10,001–20,000",11–30,121–300,None,Mixed Usage,Weekly,No,N/A,4.0,Yes,Yes,Strongly Agree,1,3,2,4,0,4,3,3,2.0,3,2.75,4.0
2026/07/25 05:34:00 PM GMT+3,18–24,Female,Kigamboni,Self-employed,Tigo,More than 5 years,"Less than TZS 5,000",None,30–60,More than 30,Voice Calls,Daily,Yes,Lower prices,1.0,Yes,No,Strongly Disagree,1,1,0,2,3,4,4,4,1.6666666666666667,1,1.55,2.8
2026/07/25 06:10:00 PM GMT+3,18–24,Female,Temeke,Student,TTCL,1–2 years,"Less than TZS 5,000",1–10,30–60,More than 30,Voice Calls,Monthly,No,N/A,3.0,Yes,No,Strongly Agree,1,1,1,2,3,2,2,2,2.0,1,1.55,2.4000000000000004
2026/07/25 07:19:00 PM GMT+3,55+,Prefer not to say,Kigamboni,Self-employed,Vodacom,More than 5 years,"5,000–10,000",11–30,Less than 30,1–10,SMS,Weekly,Yes,Better network coverage,4.0,Yes,No,Neutral,5,2,2,1,1,4,3,3,1.3333333333333333,2,1.7500000000000002,4.0
2026/07/25 08:04:00 PM GMT+3,55+,Female,Ilala,Employed,TTCL,More than 5 years,"20,001–50,000",11–30,30–60,1–10,Mixed Usage,Daily,Yes,Other,4.0,Yes,No,Agree,5,4,2,2,1,4,4,4,1.6666666666666667,4,2.8,4.0
2026/07/25 08:14:00 PM GMT+3,55+,Prefer not to say,Ilala,Self-employed,TTCL,3–5 years,"Less than TZS 5,000",31–60,121–300,None,Mixed Usage,Occasionally,No,Better network coverage,2.0,No,No,Strongly Disagree,5,1,3,4,0,3,1,1,2.3333333333333335,1,2.0500000000000003,2.5999999999999996
2026/07/25 09:29:00 PM GMT+3,25–34,Female,Temeke,Business owner,Airtel,3–5 years,"10,001–20,000",11–30,30–60,11–30,Voice Calls,Occasionally,No,N/A,4.0,No,No,Neutral,2,3,2,2,2,3,1,1,2.0,3,2.25,3.4
2026/07/25 10:54:00 PM GMT+3,18–24,Female,Temeke,Self-employed,Tigo,3–5 years,"10,001–20,000",31–60,121–300,More than 30,Internet,Monthly,Yes,N/A,5.0,No,No,Strongly Agree,1,3,3,4,3,3,2,2,3.3333333333333335,3,3.1500000000000004,3.8
2026/07/26 12:33:00 AM GMT+3,18–24,Prefer not to say,Kigamboni,Employed,Halotel,More than 5 years,"20,001–50,000",11–30,121–300,11–30,Mobile Money,Monthly,No,N/A,2.0,Yes,Yes,Strongly Disagree,1,4,2,4,2,4,2,2,2.6666666666666665,4,3.2,3.2
2026/07/26 02:18:00 AM GMT+3,35–44,Female,Ilala,Unemployed,Halotel,3–5 years,"20,001–50,000",11–30,Less than 30,None,Mixed Usage,Weekly,No,N/A,1.0,Yes,No,Agree,3,4,2,1,0,3,3,3,1.0,4,2.3499999999999996,2.1999999999999997
2026/07/26 02:42:00 AM GMT+3,18–24,Male,Ubungo,Student,TTCL,1–2 years,"20,001–50,000",None,61–120,None,Mixed Usage,Weekly,Yes,Other,1.0,No,No,Neutral,1,4,0,3,0,2,3,3,1.0,4,2.45,1.6
2026/07/26 02:57:00 AM GMT+3,45–54,Male,Ubungo,Student,Vodacom,1–2 years,"More than 50,000",None,More than 300,11–30,Mixed Usage,Daily,Yes,N/A,2.0,No,No,Strongly Disagree,4,5,0,5,2,2,4,4,2.3333333333333335,5,3.6,2.0
2026/07/26 03:03:00 AM GMT+3,45–54,Male,Temeke,Student,TTCL,Less than 1 year,"More than 50,000",1–10,30–60,11–30,Internet,Weekly,Yes,N/A,2.0,No,Yes,Strongly Agree,4,5,1,2,2,1,3,3,1.6666666666666667,5,2.95,1.4
2026/07/26 03:32:00 AM GMT+3,35–44,Female,Ilala,Business owner,Airtel,Less than 1 year,"Less than TZS 5,000",31–60,121–300,None,Internet,Daily,No,N/A,1.0,Yes,No,Strongly Disagree,3,1,3,4,0,1,4,4,2.3333333333333335,1,2.35,1.0
2026/07/26 03:40:00 AM GMT+3,35–44,Prefer not to say,Kinondoni,Business owner,TTCL,Less than 1 year,"Less than TZS 5,000",More than 60,121–300,More than 30,Mixed Usage,Occasionally,Yes,Lower prices,2.0,Yes,No,Strongly Agree,3,1,4,4,3,1,1,1,3.6666666666666665,1,2.5500000000000007,1.4
2026/07/26 05:17:00 AM GMT+3,18–24,Prefer not to say,Ubungo,Unemployed,Vodacom,More than 5 years,"Less than TZS 5,000",1–10,61–120,1–10,Mixed Usage,Monthly,No,Other,4.0,Yes,No,Strongly Disagree,1,1,1,3,1,4,2,2,1.6666666666666667,1,1.6,4.0
2026/07/26 05:45:00 AM GMT+3,18–24,Prefer not to say,Temeke,Business owner,Airtel,1–2 years,"20,001–50,000",11–30,More than 300,1–10,Mixed Usage,Monthly,No,Better internet,2.0,No,No,Neutral,1,4,2,5,1,2,2,2,2.6666666666666665,4,3.35,2.0
2026/07/26 06:13:00 AM GMT+3,45–54,Female,Ilala,Unemployed,Airtel,3–5 years,"5,000–10,000",1–10,61–120,More than 30,Mobile Money,Weekly,Yes,N/A,2.0,No,No,Agree,4,2,1,3,3,3,3,3,2.3333333333333335,2,2.25,2.5999999999999996
2026/07/26 06:34:00 AM GMT+3,Under 18,Female,Ilala,Employed,Tigo,3–5 years,"Less than TZS 5,000",More than 60,61–120,1–10,SMS,Occasionally,No,N/A,1.0,No,Yes,Strongly Agree,0,1,4,3,1,3,1,1,2.6666666666666665,1,2.1,2.1999999999999997
2026/07/26 07:22:00 AM GMT+3,Under 18,Female,Ubungo,Business owner,Tigo,3–5 years,"10,001–20,000",None,More than 300,More than 30,Mobile Money,Occasionally,No,Lower prices,3.0,No,No,Neutral,0,3,0,5,3,3,1,1,2.6666666666666665,3,2.7,3.0
2026/07/26 08:29:00 AM GMT+3,55+,Male,Ilala,Self-employed,Vodacom,Less than 1 year,"20,001–50,000",More than 60,30–60,11–30,Internet,Weekly,No,N/A,2.0,No,Yes,Strongly Disagree,5,4,4,2,2,1,3,3,2.6666666666666665,4,3.2,1.4
2026/07/26 09:08:00 AM GMT+3,Under 18,Prefer not to say,Temeke,Unemployed,Airtel,More than 5 years,"More than 50,000",More than 60,121–300,1–10,Voice Calls,Monthly,No,N/A,1.0,No,No,Agree,0,5,4,4,1,4,2,2,3.0,5,3.85,2.8
2026/07/26 09:58:00 AM GMT+3,25–34,Female,Kinondoni,Self-employed,Vodacom,More than 5 years,"20,001–50,000",1–10,More than 300,1–10,Mobile Money,Weekly,No,Lower prices,5.0,Yes,Yes,Strongly Disagree,2,4,1,5,1,4,3,3,2.3333333333333335,4,3.2500000000000004,4.4
2026/07/26 11:37:00 AM GMT+3,Under 18,Prefer not to say,Ubungo,Employed,TTCL,More than 5 years,"Less than TZS 5,000",None,More than 300,1–10,Mixed Usage,Daily,No,Promotions,5.0,No,No,Neutral,0,1,0,5,1,4,4,4,2.0,1,2.1,4.4
2026/07/26 12:50:00 PM GMT+3,45–54,Female,Kigamboni,Unemployed,Halotel,1–2 years,"More than 50,000",More than 60,61–120,1–10,SMS,Daily,Yes,Better customer service,5.0,Yes,No,Neutral,4,5,4,3,1,2,4,4,2.6666666666666665,5,3.8,3.2
2026/07/26 01:29:00 PM GMT+3,55+,Female,Kigamboni,Unemployed,Vodacom,3–5 years,"More than 50,000",More than 60,61–120,None,SMS,Weekly,No,Better internet,1.0,No,Yes,Neutral,5,5,4,3,0,3,3,3,2.3333333333333335,5,3.5999999999999996,2.1999999999999997
2026/07/26 01:32:00 PM GMT+3,55+,Male,Kigamboni,Student,Halotel,3–5 years,"10,001–20,000",1–10,61–120,More than 30,Internet,Monthly,No,N/A,3.0,Yes,No,Strongly Disagree,5,3,1,3,3,3,2,2,2.3333333333333335,3,2.5,3.0
2026/07/26 03:01:00 PM GMT+3,18–24,Female,Ilala,Unemployed,TTCL,3–5 years,"Less than TZS 5,000",None,Less than 30,1–10,SMS,Daily,No,Other,5.0,Yes,No,Strongly Agree,1,1,0,1,1,3,4,4,0.6666666666666666,1,1.1,3.8
2026/07/26 03:41:00 PM GMT+3,45–54,Male,Ubungo,Business owner,TTCL,1–2 years,"More than 50,000",1–10,30–60,11–30,Mobile Money,Monthly,No,Better customer service,2.0,Yes,Yes,Neutral,4,5,1,2,2,2,2,2,1.6666666666666667,5,2.8500000000000005,2.0
2026/07/26 04:33:00 PM GMT+3,45–54,Female,Kigamboni,Unemployed,Tigo,1–2 years,"Less than TZS 5,000",None,121–300,11–30,Voice Calls,Weekly,Yes,Better internet,5.0,No,No,Neutral,4,1,0,4,2,2,3,3,2.0,1,1.85,3.2
2026/07/26 05:52:00 PM GMT+3,55+,Female,Ubungo,Unemployed,TTCL,1–2 years,"5,000–10,000",11–30,More than 300,More than 30,Internet,Weekly,Yes,N/A,1.0,Yes,No,Neutral,5,2,2,5,3,2,3,3,3.3333333333333335,2,2.95,1.6
2026/07/26 07:34:00 PM GMT+3,Under 18,Female,Ubungo,Business owner,Vodacom,More than 5 years,"More than 50,000",1–10,Less than 30,11–30,Mobile Money,Monthly,Yes,N/A,3.0,No,Yes,Neutral,0,5,1,1,2,4,2,2,1.3333333333333333,5,2.6000000000000005,3.6
2026/07/26 08:30:00 PM GMT+3,25–34,Male,Temeke,Business owner,Tigo,More than 5 years,"10,001–20,000",31–60,More than 300,1–10,Internet,Occasionally,No,N/A,4.0,No,Yes,Neutral,2,3,3,5,1,4,1,1,3.0,3,3.1,4.0
2026/07/26 09:59:00 PM GMT+3,55+,Female,Kigamboni,Student,Halotel,1–2 years,"5,000–10,000",None,Less than 30,More than 30,Mobile Money,Weekly,No,Promotions,1.0,Yes,Yes,Agree,5,2,0,1,3,2,3,3,1.3333333333333333,2,1.55,1.6
2026/07/26 11:12:00 PM GMT+3,18–24,Male,Ubungo,Student,Halotel,3–5 years,"Less than TZS 5,000",1–10,Less than 30,None,Mixed Usage,Daily,Yes,Promotions,2.0,Yes,No,Strongly Agree,1,1,1,1,0,3,4,4,0.6666666666666666,1,1.2000000000000002,2.5999999999999996
2026/07/26 11:27:00 PM GMT+3,18–24,Female,Kinondoni,Self-employed,Airtel,More than 5 years,"10,001–20,000",More than 60,121–300,None,Internet,Daily,No,Better network coverage,1.0,No,No,Agree,1,3,4,4,0,4,4,4,2.6666666666666665,3,3.2499999999999996,2.8
2026/07/27 12:16:00 AM GMT+3,55+,Female,Kigamboni,Self-employed,Airtel,1–2 years,"10,001–20,000",None,61–120,1–10,Internet,Occasionally,No,N/A,1.0,Yes,Yes,Agree,5,3,0,3,1,2,1,1,1.3333333333333333,3,2.0,1.6
2026/07/27 12:53:00 AM GMT+3,Under 18,Male,Ilala,Business owner,Tigo,1–2 years,"10,001–20,000",More than 60,30–60,More than 30,Mixed Usage,Monthly,No,Other,3.0,Yes,Yes,Agree,0,3,4,2,3,2,2,2,3.0,3,2.8499999999999996,2.4000000000000004
2026/07/27 01:02:00 AM GMT+3,Under 18,Female,Kigamboni,Business owner,Halotel,3–5 years,"More than 50,000",More than 60,121–300,1–10,SMS,Monthly,Yes,Better customer service,4.0,No,Yes,Neutral,0,5,4,4,1,3,2,2,3.0,5,3.85,3.4
2026/07/27 02:57:00 AM GMT+3,55+,Prefer not to say,Kinondoni,Self-employed,Vodacom,Less than 1 year,"More than 50,000",More than 60,121–300,None,Voice Calls,Monthly,Yes,Other,5.0,Yes,Yes,Agree,5,5,4,4,0,1,2,2,2.6666666666666665,5,3.75,2.6
2026/07/27 04:00:00 AM GMT+3,18–24,Female,Ilala,Student,Airtel,1–2 years,"Less than TZS 5,000",1–10,Less than 30,More than 30,Internet,Occasionally,No,Promotions,2.0,No,No,Neutral,1,1,1,1,3,2,1,1,1.6666666666666667,1,1.2000000000000002,2.0
2026/07/27 05:31:00 AM GMT+3,55+,Female,Temeke,Student,Airtel,1–2 years,"10,001–20,000",11–30,More than 300,11–30,Mobile Money,Daily,No,Better network coverage,3.0,No,Yes,Strongly Disagree,5,3,2,5,2,2,4,4,3.0,3,3.3,2.4000000000000004
2026/07/27 06:28:00 AM GMT+3,25–34,Prefer not to say,Ilala,Employed,Airtel,1–2 years,"Less than TZS 5,000",More than 60,30–60,11–30,Mobile Money,Daily,Yes,N/A,5.0,No,Yes,Strongly Disagree,2,1,4,2,2,2,4,4,2.6666666666666665,1,2.25,3.2
2026/07/27 06:35:00 AM GMT+3,35–44,Prefer not to say,Ilala,Business owner,Tigo,More than 5 years,"More than 50,000",More than 60,More than 300,More than 30,Mixed Usage,Weekly,No,Better customer service,2.0,No,No,Strongly Agree,3,5,4,5,3,4,3,3,4.0,5,4.3999999999999995,3.2
2026/07/27 07:04:00 AM GMT+3,55+,Male,Ubungo,Student,Halotel,1–2 years,"10,001–20,000",None,Less than 30,None,Mobile Money,Weekly,Yes,N/A,2.0,Yes,No,Strongly Disagree,5,3,0,1,0,2,3,3,0.3333333333333333,3,1.5999999999999999,2.0
2026/07/27 08:53:00 AM GMT+3,Under 18,Male,Temeke,Unemployed,Vodacom,Less than 1 year,"20,001–50,000",1–10,Less than 30,1–10,Internet,Weekly,Yes,Other,1.0,Yes,Yes,Strongly Disagree,0,4,1,1,1,1,3,3,1.0,4,2.25,1.0
2026/07/27 10:50:00 AM GMT+3,35–44,Prefer not to say,Kigamboni,Student,Tigo,3–5 years,"More than 50,000",None,61–120,1–10,Mixed Usage,Monthly,Yes,N/A,3.0,Yes,Yes,Strongly Agree,3,5,0,3,1,3,2,2,1.3333333333333333,5,2.8000000000000003,3.0
2026/07/27 12:30:00 PM GMT+3,55+,Female,Kinondoni,Employed,Halotel,1–2 years,"Less than TZS 5,000",1–10,121–300,1–10,Voice Calls,Weekly,No,Promotions,2.0,Yes,Yes,Neutral,5,1,1,4,1,2,3,3,2.0,1,1.9500000000000002,2.0
2026/07/27 01:58:00 PM GMT+3,35–44,Male,Kigamboni,Student,Halotel,3–5 years,"More than 50,000",None,61–120,1–10,SMS,Occasionally,No,Better network coverage,1.0,Yes,No,Strongly Disagree,3,5,0,3,1,3,1,1,1.3333333333333333,5,2.7,2.1999999999999997
2026/07/27 02:11:00 PM GMT+3,18–24,Male,Kinondoni,Unemployed,TTCL,More than 5 years,"Less than TZS 5,000",31–60,121–300,More than 30,SMS,Weekly,No,N/A,4.0,Yes,Yes,Neutral,1,1,3,4,3,4,3,3,3.3333333333333335,1,2.55,4.0
2026/07/27 02:58:00 PM GMT+3,Under 18,Prefer not to say,Ubungo,Unemployed,Vodacom,1–2 years,"5,000–10,000",1–10,61–120,None,Mobile Money,Monthly,Yes,Other,4.0,No,Yes,Neutral,0,2,1,3,0,2,2,2,1.3333333333333333,2,1.8499999999999999,2.8
2026/07/27 03:01:00 PM GMT+3,35–44,Prefer not to say,Kigamboni,Student,Airtel,3–5 years,"Less than TZS 5,000",31–60,Less than 30,None,SMS,Monthly,No,Better internet,5.0,No,Yes,Strongly Disagree,3,1,3,1,0,3,2,2,1.3333333333333333,1,1.4000000000000001,3.8
2026/07/27 03:49:00 PM GMT+3,45–54,Female,Temeke,Self-employed,Halotel,More than 5 years,"More than 50,000",11–30,More than 300,11–30,Mobile Money,Occasionally,No,N/A,5.0,Yes,No,Neutral,4,5,2,5,2,4,1,1,3.0,5,3.7,4.4
2026/07/27 04:59:00 PM GMT+3,45–54,Female,Ilala,Employed,TTCL,Less than 1 year,"20,001–50,000",None,30–60,None,Voice Calls,Monthly,No,Better customer service,4.0,No,Yes,Neutral,4,4,0,2,0,1,2,2,0.6666666666666666,4,2.1,2.2
2026/07/27 06:53:00 PM GMT+3,25–34,Female,Kigamboni,Business owner,Airtel,More than 5 years,"More than 50,000",1–10,61–120,11–30,Voice Calls,Occasionally,No,Promotions,3.0,No,Yes,Strongly Agree,2,5,1,3,2,4,1,1,2.0,5,3.0000000000000004,3.6
2026/07/27 06:58:00 PM GMT+3,35–44,Prefer not to say,Temeke,Business owner,TTCL,3–5 years,"10,001–20,000",31–60,Less than 30,11–30,Mixed Usage,Occasionally,No,N/A,4.0,Yes,No,Strongly Agree,3,3,3,1,2,3,1,1,2.0,3,2.2,3.4
2026/07/27 08:14:00 PM GMT+3,25–34,Male,Temeke,Business owner,TTCL,1–2 years,"Less than TZS 5,000",11–30,More than 300,None,Voice Calls,Occasionally,Yes,Better internet,4.0,No,No,Agree,2,1,2,5,0,2,1,1,2.3333333333333335,1,2.1,2.8
2026/07/27 09:16:00 PM GMT+3,45–54,Male,Ilala,Business owner,Tigo,1–2 years,"10,001–20,000",11–30,61–120,11–30,SMS,Occasionally,Yes,N/A,3.0,No,No,Strongly Agree,4,3,2,3,2,2,1,1,2.3333333333333335,3,2.5,2.4000000000000004
2026/07/27 09:30:00 PM GMT+3,Under 18,Prefer not to say,Kinondoni,Business owner,Airtel,Less than 1 year,"20,001–50,000",31–60,More than 300,More than 30,Internet,Weekly,Yes,N/A,3.0,Yes,Yes,Agree,0,4,3,5,3,1,3,3,3.6666666666666665,4,3.8499999999999996,1.8000000000000003
2026/07/27 10:19:00 PM GMT+3,Under 18,Prefer not to say,Temeke,Student,Vodacom,1–2 years,"Less than TZS 5,000",31–60,61–120,11–30,Mixed Usage,Occasionally,Yes,Other,4.0,No,Yes,Strongly Agree,0,1,3,3,2,2,1,1,2.6666666666666665,1,2.0000000000000004,2.8
2026/07/27 11:32:00 PM GMT+3,45–54,Male,Ubungo,Business owner,Halotel,3–5 years,"More than 50,000",31–60,Less than 30,None,Mixed Usage,Weekly,No,N/A,2.0,No,Yes,Strongly Agree,4,5,3,1,0,3,3,3,1.3333333333333333,5,2.9000000000000004,2.5999999999999996
2026/07/28 12:24:00 AM GMT+3,45–54,Prefer not to say,Temeke,Unemployed,Tigo,3–5 years,"More than 50,000",None,121–300,11–30,Internet,Monthly,No,N/A,1.0,Yes,Yes,Neutral,4,5,0,4,2,3,2,2,2.0,5,3.1500000000000004,2.1999999999999997
2026/07/28 01:08:00 AM GMT+3,35–44,Female,Ilala,Student,Airtel,More than 5 years,"More than 50,000",1–10,121–300,11–30,Voice Calls,Weekly,No,Better customer service,4.0,Yes,No,Strongly Agree,3,5,1,4,2,4,3,3,2.3333333333333335,5,3.45,4.0
2026/07/28 02:32:00 AM GMT+3,Under 18,Prefer not to say,Kigamboni,Unemployed,Airtel,3–5 years,"Less than TZS 5,000",1–10,More than 300,None,Internet,Occasionally,No,N/A,1.0,No,Yes,Neutral,0,1,1,5,0,3,1,1,2.0,1,1.9000000000000001,2.1999999999999997
2026/07/28 04:00:00 AM GMT+3,Under 18,Prefer not to say,Kinondoni,Employed,Vodacom,3–5 years,"More than 50,000",1–10,Less than 30,More than 30,SMS,Monthly,Yes,N/A,2.0,No,No,Neutral,0,5,1,1,3,3,2,2,1.6666666666666667,5,2.7,2.5999999999999996
2026/07/28 04:07:00 AM GMT+3,18–24,Male,Ubungo,Student,TTCL,More than 5 years,"10,001–20,000",31–60,30–60,None,Mobile Money,Weekly,Yes,Other,2.0,Yes,Yes,Agree,1,3,3,2,0,4,3,3,1.6666666666666667,3,2.45,3.2
2026/07/28 05:43:00 AM GMT+3,25–34,Prefer not to say,Kigamboni,Employed,TTCL,More than 5 years,"10,001–20,000",More than 60,121–300,1–10,Internet,Daily,Yes,Better customer service,5.0,No,No,Agree,2,3,4,4,1,4,4,4,3.0,3,3.3499999999999996,4.4
2026/07/28 06:20:00 AM GMT+3,25–34,Prefer not to say,Kigamboni,Business owner,Halotel,3–5 years,"Less than TZS 5,000",None,121–300,11–30,Voice Calls,Occasionally,Yes,Lower prices,1.0,No,Yes,Agree,2,1,0,4,2,3,1,1,2.0,1,1.6500000000000001,2.1999999999999997
2026/07/28 07:44:00 AM GMT+3,25–34,Prefer not to say,Ilala,Self-employed,Airtel,1–2 years,"10,001–20,000",More than 60,30–60,11–30,Voice Calls,Daily,Yes,Other,1.0,No,Yes,Strongly Disagree,2,3,4,2,2,2,4,4,2.6666666666666665,3,2.9499999999999997,1.6
2026/07/28 08:01:00 AM GMT+3,Under 18,Prefer not to say,Temeke,Self-employed,TTCL,1–2 years,"More than 50,000",11–30,Less than 30,More than 30,Voice Calls,Daily,Yes,Better internet,4.0,Yes,No,Agree,0,5,2,1,3,2,4,4,2.0,5,3.0999999999999996,2.8
2026/07/28 09:18:00 AM GMT+3,25–34,Prefer not to say,Kinondoni,Unemployed,Halotel,Less than 1 year,"10,001–20,000",More than 60,More than 300,None,Mixed Usage,Monthly,Yes,Better network coverage,1.0,Yes,Yes,Agree,2,3,4,5,0,1,2,2,3.0,3,3.3,1.0
2026/07/28 09:43:00 AM GMT+3,25–34,Female,Kinondoni,Self-employed,Tigo,Less than 1 year,"5,000–10,000",More than 60,61–120,More than 30,SMS,Monthly,Yes,Better customer service,3.0,No,Yes,Agree,2,2,4,3,3,1,2,2,3.3333333333333335,2,2.75,1.8000000000000003
2026/07/28 10:56:00 AM GMT+3,Under 18,Prefer not to say,Kigamboni,Unemployed,Airtel,Less than 1 year,"More than 50,000",1–10,30–60,1–10,Internet,Weekly,No,Better customer service,5.0,No,No,Agree,0,5,1,2,1,1,3,3,1.3333333333333333,5,2.85,2.6
2026/07/28 12:37:00 PM GMT+3,55+,Male,Kinondoni,Student,Vodacom,Less than 1 year,"20,001–50,000",1–10,More than 300,1–10,Mobile Money,Weekly,No,Better customer service,2.0,No,Yes,Strongly Disagree,5,4,1,5,1,1,3,3,2.3333333333333335,4,3.2500000000000004,1.4
2026/07/28 01:40:00 PM GMT+3,Under 18,Male,Temeke,Employed,Airtel,3–5 years,"20,001–50,000",More than 60,More than 300,None,Mixed Usage,Daily,Yes,Promotions,4.0,Yes,Yes,Agree,0,4,4,5,0,3,4,4,3.0,4,3.85,3.4
2026/07/28 03:17:00 PM GMT+3,55+,Prefer not to say,Temeke,Business owner,Tigo,Less than 1 year,"10,001–20,000",1–10,Less than 30,None,Internet,Daily,No,N/A,2.0,Yes,No,Neutral,5,3,1,1,0,1,4,4,0.6666666666666666,3,1.9,1.4
2026/07/28 04:06:00 PM GMT+3,55+,Prefer not to say,Kinondoni,Self-employed,Halotel,3–5 years,"20,001–50,000",None,121–300,None,SMS,Monthly,Yes,Lower prices,3.0,Yes,Yes,Neutral,5,4,0,4,0,3,2,2,1.3333333333333333,4,2.6,3.0
2026/07/28 05:51:00 PM GMT+3,Under 18,Prefer not to say,Kigamboni,Student,Vodacom,More than 5 years,"5,000–10,000",More than 60,More than 300,None,Mixed Usage,Weekly,Yes,N/A,3.0,No,Yes,Neutral,0,2,4,5,0,4,3,3,3.0,2,3.05,3.6
2026/07/28 05:53:00 PM GMT+3,25–34,Prefer not to say,Temeke,Student,Vodacom,More than 5 years,"More than 50,000",11–30,More than 300,11–30,Internet,Occasionally,Yes,N/A,4.0,Yes,No,Agree,2,5,2,5,2,4,1,1,3.0,5,3.7,4.0
2026/07/28 07:30:00 PM GMT+3,25–34,Female,Ilala,Unemployed,TTCL,1–2 years,"5,000–10,000",11–30,30–60,None,SMS,Daily,Yes,Other,5.0,No,Yes,Strongly Disagree,2,2,2,2,0,2,4,4,1.3333333333333333,2,2.0,3.2
2026/07/28 07:39:00 PM GMT+3,45–54,Female,Kinondoni,Business owner,Vodacom,Less than 1 year,"20,001–50,000",31–60,30–60,11–30,SMS,Monthly,No,N/A,1.0,No,No,Strongly Disagree,4,4,3,2,2,1,2,2,2.3333333333333335,4,2.9000000000000004,1.0
2026/07/28 08:59:00 PM GMT+3,Under 18,Male,Kigamboni,Self-employed,TTCL,Less than 1 year,"5,000–10,000",11–30,Less than 30,None,Voice Calls,Daily,Yes,N/A,3.0,No,Yes,Strongly Disagree,0,2,2,1,0,1,4,4,1.0,2,1.75,1.8000000000000003
2026/07/28 09:08:00 PM GMT+3,55+,Female,Kinondoni,Business owner,Halotel,Less than 1 year,"5,000–10,000",1–10,30–60,11–30,Mixed Usage,Occasionally,Yes,Lower prices,5.0,Yes,No,Neutral,5,2,1,2,2,1,1,1,1.6666666666666667,2,1.7,2.6
2026/07/28 10:31:00 PM GMT+3,35–44,Male,Kigamboni,Business owner,Airtel,Less than 1 year,"5,000–10,000",11–30,121–300,None,Mixed Usage,Daily,No,Better customer service,5.0,Yes,Yes,Neutral,3,2,2,4,0,1,4,4,2.0,2,2.5,2.6
2026/07/28 11:40:00 PM GMT+3,55+,Female,Ilala,Self-employed,Vodacom,3–5 years,"10,001–20,000",More than 60,121–300,More than 30,Mobile Money,Weekly,No,Promotions,1.0,No,Yes,Strongly Disagree,5,3,4,4,3,3,3,3,3.6666666666666665,3,3.4499999999999993,2.1999999999999997
2026/07/29 01:31:00 AM GMT+3,18–24,Male,Ilala,Self-employed,TTCL,Less than 1 year,"More than 50,000",1–10,More than 300,11–30,Mixed Usage,Weekly,Yes,Better network coverage,2.0,Yes,No,Strongly Disagree,1,5,1,5,2,1,3,3,2.6666666666666665,5,3.7,1.4
2026/07/29 01:41:00 AM GMT+3,Under 18,Male,Kinondoni,Employed,Airtel,1–2 years,"More than 50,000",More than 60,30–60,More than 30,SMS,Monthly,No,N/A,2.0,No,No,Strongly Agree,0,5,4,2,3,2,2,2,3.0,5,3.55,2.0
2026/07/29 02:17:00 AM GMT+3,Under 18,Female,Temeke,Student,Tigo,3–5 years,"5,000–10,000",More than 60,61–120,None,Mixed Usage,Monthly,Yes,Better network coverage,4.0,No,Yes,Neutral,0,2,4,3,0,3,2,2,2.3333333333333335,2,2.45,3.4
2026/07/29 03:47:00 AM GMT+3,35–44,Female,Kigamboni,Employed,Halotel,3–5 years,"20,001–50,000",More than 60,More than 300,None,SMS,Monthly,No,Lower prices,2.0,No,Yes,Strongly Disagree,3,4,4,5,0,3,2,2,3.0,4,3.6500000000000004,2.5999999999999996
2026/07/29 04:55:00 AM GMT+3,35–44,Female,Ubungo,Unemployed,TTCL,3–5 years,"More than 50,000",31–60,More than 300,None,Mobile Money,Daily,Yes,N/A,2.0,No,No,Neutral,3,5,3,5,0,3,4,4,2.6666666666666665,5,4.0,2.5999999999999996
2026/07/29 06:13:00 AM GMT+3,35–44,Female,Kigamboni,Employed,TTCL,3–5 years,"10,001–20,000",None,More than 300,More than 30,SMS,Daily,Yes,Better customer service,5.0,Yes,No,Strongly Disagree,3,3,0,5,3,3,4,4,2.6666666666666665,3,3.0,3.8
2026/07/29 07:13:00 AM GMT+3,35–44,Male,Kigamboni,Student,Vodacom,Less than 1 year,"Less than TZS 5,000",31–60,121–300,None,Mobile Money,Daily,No,Better customer service,5.0,No,Yes,Neutral,3,1,3,4,0,1,4,4,2.3333333333333335,1,2.35,2.6
2026/07/29 07:36:00 AM GMT+3,35–44,Male,Ilala,Unemployed,Tigo,3–5 years,"10,001–20,000",11–30,61–120,11–30,Mobile Money,Daily,No,N/A,4.0,Yes,Yes,Strongly Disagree,3,3,2,3,2,3,4,4,2.3333333333333335,3,2.8,3.4
2026/07/29 09:31:00 AM GMT+3,45–54,Prefer not to say,Kigamboni,Unemployed,Tigo,1–2 years,"Less than TZS 5,000",31–60,30–60,1–10,Mobile Money,Monthly,No,Better network coverage,4.0,No,Yes,Strongly Disagree,4,1,3,2,1,2,2,2,2.0,1,1.7500000000000002,2.8
2026/07/29 10:29:00 AM GMT+3,25–34,Female,Kigamboni,Business owner,Vodacom,3–5 years,"10,001–20,000",31–60,Less than 30,None,Mobile Money,Daily,Yes,Better network coverage,4.0,No,Yes,Strongly Agree,2,3,3,1,0,3,4,4,1.3333333333333333,3,2.3,3.4
2026/07/29 11:11:00 AM GMT+3,45–54,Prefer not to say,Kinondoni,Student,Tigo,Less than 1 year,"20,001–50,000",31–60,61–120,1–10,Internet,Occasionally,Yes,N/A,5.0,Yes,Yes,Neutral,4,4,3,3,1,1,1,1,2.3333333333333335,4,2.95,2.6
2026/07/29 12:03:00 PM GMT+3,55+,Female,Ilala,Employed,Halotel,3–5 years,"5,000–10,000",1–10,Less than 30,1–10,Mobile Money,Monthly,Yes,Better network coverage,1.0,Yes,No,Strongly Agree,5,2,1,1,1,3,2,2,1.0,2,1.45,2.1999999999999997
2026/07/29 01:17:00 PM GMT+3,Under 18,Prefer not to say,Ilala,Business owner,Tigo,Less than 1 year,"Less than TZS 5,000",31–60,121–300,1–10,SMS,Weekly,No,Better network coverage,4.0,No,No,Agree,0,1,3,4,1,1,3,3,2.6666666666666665,1,2.35,2.2
2026/07/29 01:32:00 PM GMT+3,Under 18,Prefer not to say,Temeke,Student,Halotel,3–5 years,"Less than TZS 5,000",More than 60,121–300,1–10,Mobile Money,Monthly,No,Other,1.0,Yes,No,Strongly Disagree,0,1,4,4,1,3,2,2,3.0,1,2.4500000000000006,2.1999999999999997
2026/07/29 01:38:00 PM GMT+3,45–54,Female,Ubungo,Self-employed,Tigo,Less than 1 year,"More than 50,000",More than 60,121–300,More than 30,Internet,Monthly,Yes,Better internet,2.0,No,No,Neutral,4,5,4,4,3,1,2,2,3.6666666666666665,5,4.05,1.4
2026/07/29 03:07:00 PM GMT+3,55+,Male,Ubungo,Business owner,Halotel,3–5 years,"More than 50,000",None,61–120,More than 30,Internet,Daily,No,Better network coverage,1.0,Yes,No,Agree,5,5,0,3,3,3,4,4,2.0,5,3.2,2.1999999999999997
2026/07/29 03:28:00 PM GMT+3,35–44,Prefer not to say,Temeke,Business owner,Tigo,Less than 1 year,"20,001–50,000",31–60,More than 300,More than 30,SMS,Daily,No,Other,3.0,No,No,Agree,3,4,3,5,3,1,4,4,3.6666666666666665,4,3.95,1.8000000000000003
2026/07/29 04:32:00 PM GMT+3,55+,Male,Temeke,Unemployed,Vodacom,3–5 years,"10,001–20,000",1–10,61–120,1–10,Voice Calls,Monthly,No,N/A,3.0,No,No,Agree,5,3,1,3,1,3,2,2,1.6666666666666667,3,2.3,3.0
2026/07/29 06:13:00 PM GMT+3,18–24,Female,Kinondoni,Business owner,Tigo,Less than 1 year,"10,001–20,000",11–30,30–60,None,Internet,Occasionally,No,Promotions,3.0,Yes,Yes,Neutral,1,3,2,2,0,1,1,1,1.3333333333333333,3,2.05,1.8000000000000003
2026/07/29 06:47:00 PM GMT+3,Under 18,Male,Kinondoni,Self-employed,Airtel,More than 5 years,"5,000–10,000",None,More than 300,11–30,Mixed Usage,Occasionally,No,N/A,3.0,Yes,No,Strongly Disagree,0,2,0,5,2,4,1,1,2.3333333333333335,2,2.25,3.6
2026/07/29 06:57:00 PM GMT+3,45–54,Female,Ilala,Employed,Airtel,Less than 1 year,"Less than TZS 5,000",31–60,Less than 30,1–10,Mixed Usage,Daily,Yes,Lower prices,5.0,No,Yes,Neutral,4,1,3,1,1,1,4,4,1.6666666666666667,1,1.7000000000000002,2.6
2026/07/29 08:11:00 PM GMT+3,55+,Male,Ilala,Self-employed,Tigo,Less than 1 year,"More than 50,000",11–30,Less than 30,11–30,Voice Calls,Occasionally,Yes,N/A,5.0,No,No,Neutral,5,5,2,1,2,1,1,1,1.6666666666666667,5,2.7,2.6
2026/07/29 08:47:00 PM GMT+3,18–24,Female,Kigamboni,Self-employed,TTCL,More than 5 years,"10,001–20,000",11–30,30–60,1–10,Mobile Money,Daily,Yes,Better internet,3.0,No,No,Strongly Disagree,1,3,2,2,1,4,4,4,1.6666666666666667,3,2.4499999999999997,3.6
2026/07/29 09:29:00 PM GMT+3,55+,Female,Kigamboni,Self-employed,Halotel,More than 5 years,"10,001–20,000",None,More than 300,More than 30,SMS,Monthly,No,N/A,1.0,No,No,Agree,5,3,0,5,3,4,2,2,2.6666666666666665,3,2.8,2.8
2026/07/29 09:37:00 PM GMT+3,55+,Prefer not to say,Kigamboni,Business owner,TTCL,1–2 years,"10,001–20,000",31–60,More than 300,More than 30,SMS,Weekly,Yes,Other,2.0,Yes,Yes,Strongly Agree,5,3,3,5,3,2,3,3,3.6666666666666665,3,3.5,2.0
2026/07/29 10:08:00 PM GMT+3,25–34,Male,Temeke,Employed,Vodacom,1–2 years,"10,001–20,000",More than 60,30–60,None,Mixed Usage,Weekly,No,N/A,1.0,No,Yes,Neutral,2,3,4,2,0,2,3,3,2.0,3,2.6499999999999995,1.6
2026/07/30 12:07:00 AM GMT+3,25–34,Female,Kinondoni,Employed,TTCL,3–5 years,"20,001–50,000",More than 60,61–120,1–10,Internet,Weekly,No,N/A,4.0,Yes,Yes,Agree,2,4,4,3,1,3,3,3,2.6666666666666665,4,3.35,3.4
2026/07/30 01:52:00 AM GMT+3,25–34,Female,Kigamboni,Student,Halotel,Less than 1 year,"20,001–50,000",More than 60,More than 300,1–10,Voice Calls,Occasionally,No,Lower prices,3.0,No,No,Agree,2,4,4,5,1,1,1,1,3.3333333333333335,4,3.6500000000000004,1.8000000000000003
2026/07/30 03:17:00 AM GMT+3,18–24,Prefer not to say,Temeke,Student,Tigo,Less than 1 year,"Less than TZS 5,000",None,30–60,None,SMS,Occasionally,Yes,N/A,1.0,Yes,Yes,Strongly Agree,1,1,0,2,0,1,1,1,0.6666666666666666,1,0.95,1.0
2026/07/30 04:32:00 AM GMT+3,35–44,Prefer not to say,Kinondoni,Student,Halotel,1–2 years,"Less than TZS 5,000",1–10,61–120,1–10,SMS,Daily,Yes,N/A,2.0,No,No,Strongly Disagree,3,1,1,3,1,2,4,4,1.6666666666666667,1,1.8000000000000003,2.0
2026/07/30 04:56:00 AM GMT+3,Under 18,Male,Ubungo,Student,Tigo,More than 5 years,"5,000–10,000",1–10,30–60,11–30,SMS,Monthly,No,Better customer service,5.0,No,Yes,Strongly Disagree,0,2,1,2,2,4,2,2,1.6666666666666667,2,1.7999999999999998,4.4
2026/07/30 05:52:00 AM GMT+3,18–24,Female,Kinondoni,Student,TTCL,More than 5 years,"5,000–10,000",None,Less than 30,More than 30,Mixed Usage,Daily,Yes,Better internet,1.0,No,Yes,Neutral,1,2,0,1,3,4,4,4,1.3333333333333333,2,1.6500000000000001,2.8
2026/07/30 07:27:00 AM GMT+3,18–24,Male,Ubungo,Business owner,Halotel,Less than 1 year,"10,001–20,000",11–30,More than 300,11–30,Mobile Money,Occasionally,No,Better internet,1.0,Yes,No,Strongly Disagree,1,3,2,5,2,1,1,1,3.0,3,3.0,1.0
2026/07/30 07:41:00 AM GMT+3,35–44,Prefer not to say,Kinondoni,Unemployed,Tigo,1–2 years,"20,001–50,000",31–60,121–300,11–30,Mixed Usage,Weekly,No,N/A,4.0,Yes,No,Neutral,3,4,3,4,2,2,3,3,3.0,4,3.5,2.8
2026/07/30 08:04:00 AM GMT+3,45–54,Prefer not to say,Ubungo,Student,Airtel,Less than 1 year,"10,001–20,000",1–10,30–60,None,Mixed Usage,Weekly,No,N/A,3.0,No,No,Strongly Agree,4,3,1,2,0,1,3,3,1.0,3,2.05,1.8000000000000003
2026/07/30 09:28:00 AM GMT+3,55+,Female,Kigamboni,Self-employed,Tigo,1–2 years,"Less than TZS 5,000",11–30,61–120,None,Voice Calls,Weekly,No,N/A,1.0,No,No,Agree,5,1,2,3,0,2,3,3,1.6666666666666667,1,1.8,1.6
2026/07/30 10:06:00 AM GMT+3,35–44,Male,Ilala,Self-employed,Halotel,More than 5 years,"20,001–50,000",None,61–120,11–30,Voice Calls,Weekly,Yes,Better internet,2.0,No,No,Neutral,3,4,0,3,2,4,3,3,1.6666666666666667,4,2.6500000000000004,3.2
2026/07/30 10:09:00 AM GMT+3,18–24,Female,Temeke,Business owner,Airtel,3–5 years,"Less than TZS 5,000",None,30–60,1–10,Voice Calls,Daily,No,Better internet,2.0,Yes,No,Neutral,1,1,0,2,1,3,4,4,1.0,1,1.35,2.5999999999999996
2026/07/30 11:13:00 AM GMT+3,55+,Male,Temeke,Business owner,Airtel,1–2 years,"5,000–10,000",1–10,121–300,1–10,Mixed Usage,Monthly,Yes,N/A,5.0,No,No,Strongly Agree,5,2,1,4,1,2,2,2,2.0,2,2.2,3.2
2026/07/30 12:04:00 PM GMT+3,Under 18,Male,Ubungo,Employed,Halotel,1–2 years,"10,001–20,000",31–60,121–300,More than 30,Internet,Occasionally,Yes,N/A,2.0,Yes,No,Neutral,0,3,3,4,3,2,1,1,3.3333333333333335,3,3.05,2.0
2026/07/30 01:00:00 PM GMT+3,55+,Male,Temeke,Unemployed,Airtel,More than 5 years,"20,001–50,000",11–30,121–300,11–30,Voice Calls,Occasionally,Yes,Better network coverage,4.0,No,No,Strongly Agree,5,4,2,4,2,4,1,1,2.6666666666666665,4,3.1,4.0
2026/07/30 01:23:00 PM GMT+3,25–34,Female,Kigamboni,Business owner,Vodacom,Less than 1 year,"20,001–50,000",31–60,More than 300,More than 30,Internet,Daily,Yes,Lower prices,4.0,No,No,Strongly Agree,2,4,3,5,3,1,4,4,3.6666666666666665,4,3.95,2.2
2026/07/30 03:23:00 PM GMT+3,18–24,Male,Ilala,Unemployed,Tigo,3–5 years,"More than 50,000",More than 60,More than 300,1–10,Mobile Money,Occasionally,Yes,Better network coverage,4.0,Yes,Yes,Agree,1,5,4,5,1,3,1,1,3.3333333333333335,5,4.0,3.4
2026/07/30 03:56:00 PM GMT+3,35–44,Prefer not to say,Ubungo,Self-employed,Vodacom,More than 5 years,"5,000–10,000",None,30–60,More than 30,Mixed Usage,Daily,No,Better network coverage,4.0,No,Yes,Neutral,3,2,0,2,3,4,4,4,1.6666666666666667,2,1.9000000000000001,4.0
2026/07/30 05:56:00 PM GMT+3,Under 18,Male,Temeke,Employed,Airtel,1–2 years,"10,001–20,000",1–10,30–60,11–30,Internet,Monthly,Yes,N/A,4.0,No,No,Neutral,0,3,1,2,2,2,2,2,1.6666666666666667,3,2.15,2.8
2026/07/30 06:14:00 PM GMT+3,18–24,Prefer not to say,Kinondoni,Self-employed,Halotel,Less than 1 year,"20,001–50,000",More than 60,121–300,None,SMS,Daily,No,Other,5.0,No,Yes,Agree,1,4,4,4,0,1,4,4,2.6666666666666665,4,3.6,2.6
2026/07/30 06:55:00 PM GMT+3,18–24,Male,Ilala,Student,Vodacom,1–2 years,"20,001–50,000",1–10,More than 300,More than 30,SMS,Monthly,No,Promotions,4.0,No,No,Neutral,1,4,1,5,3,2,2,2,3.0,4,3.3500000000000005,2.8
2026/07/30 07:50:00 PM GMT+3,Under 18,Male,Kinondoni,Unemployed,Vodacom,Less than 1 year,"5,000–10,000",None,30–60,None,Voice Calls,Occasionally,Yes,Other,3.0,Yes,Yes,Agree,0,2,0,2,0,1,1,1,0.6666666666666666,2,1.3,1.8000000000000003
2026/07/30 08:08:00 PM GMT+3,55+,Female,Kinondoni,Business owner,Halotel,1–2 years,"More than 50,000",None,More than 300,11–30,Voice Calls,Weekly,Yes,N/A,3.0,Yes,Yes,Strongly Agree,5,5,0,5,2,2,3,3,2.3333333333333335,5,3.5,2.4000000000000004
2026/07/30 08:54:00 PM GMT+3,55+,Female,Ilala,Student,Airtel,1–2 years,"More than 50,000",31–60,Less than 30,1–10,Mixed Usage,Occasionally,Yes,N/A,2.0,No,Yes,Agree,5,5,3,1,1,2,1,1,1.6666666666666667,5,2.8000000000000003,2.0
2026/07/30 10:28:00 PM GMT+3,Under 18,Male,Kinondoni,Unemployed,Halotel,3–5 years,"20,001–50,000",None,30–60,None,SMS,Daily,Yes,Better customer service,1.0,No,Yes,Strongly Disagree,0,4,0,2,0,3,4,4,0.6666666666666666,4,2.3,2.1999999999999997
2026/07/30 11:48:00 PM GMT+3,45–54,Male,Temeke,Self-employed,TTCL,More than 5 years,"Less than TZS 5,000",11–30,Less than 30,11–30,SMS,Monthly,No,Better customer service,2.0,No,Yes,Agree,4,1,2,1,2,4,2,2,1.6666666666666667,1,1.4,3.2
2026/07/31 12:06:00 AM GMT+3,Under 18,Male,Kinondoni,Self-employed,Tigo,1–2 years,"More than 50,000",More than 60,61–120,None,Internet,Daily,Yes,Other,5.0,No,No,Strongly Agree,0,5,4,3,0,2,4,4,2.3333333333333335,5,3.6999999999999997,3.2
2026/07/31 02:05:00 AM GMT+3,Under 18,Prefer not to say,Temeke,Business owner,TTCL,1–2 years,"10,001–20,000",31–60,Less than 30,More than 30,SMS,Weekly,Yes,N/A,5.0,No,Yes,Agree,0,3,3,1,3,2,3,3,2.3333333333333335,3,2.5,3.2
2026/07/31 02:23:00 AM GMT+3,25–34,Prefer not to say,Temeke,Business owner,Airtel,1–2 years,"Less than TZS 5,000",None,121–300,None,Voice Calls,Monthly,No,Better internet,2.0,No,Yes,Strongly Disagree,2,1,0,4,0,2,2,2,1.3333333333333333,1,1.55,2.0
2026/07/31 03:11:00 AM GMT+3,25–34,Female,Kinondoni,Business owner,Halotel,1–2 years,"More than 50,000",11–30,30–60,More than 30,Internet,Weekly,Yes,Lower prices,3.0,No,Yes,Agree,2,5,2,2,3,2,3,3,2.3333333333333335,5,3.25,2.4000000000000004
2026/07/31 04:02:00 AM GMT+3,18–24,Prefer not to say,Ubungo,Employed,TTCL,More than 5 years,"More than 50,000",31–60,61–120,11–30,Voice Calls,Monthly,No,N/A,4.0,No,No,Agree,1,5,3,3,2,4,2,2,2.6666666666666665,5,3.5000000000000004,4.0
2026/07/31 05:12:00 AM GMT+3,25–34,Male,Ubungo,Unemployed,Halotel,Less than 1 year,"More than 50,000",11–30,61–120,1–10,Mobile Money,Monthly,No,N/A,4.0,No,No,Strongly Disagree,2,5,2,3,1,1,2,2,2.0,5,3.2,2.2
2026/07/31 06:55:00 AM GMT+3,Under 18,Female,Temeke,Self-employed,Vodacom,3–5 years,"More than 50,000",1–10,61–120,None,Mixed Usage,Monthly,No,Other,4.0,No,No,Agree,0,5,1,3,0,3,2,2,1.3333333333333333,5,2.9000000000000004,3.4
2026/07/31 08:27:00 AM GMT+3,55+,Male,Temeke,Self-employed,Tigo,1–2 years,"10,001–20,000",31–60,61–120,11–30,SMS,Monthly,Yes,N/A,2.0,Yes,Yes,Strongly Agree,5,3,3,3,2,2,2,2,2.6666666666666665,3,2.8000000000000003,2.0
2026/07/31 09:30:00 AM GMT+3,18–24,Male,Kigamboni,Employed,Vodacom,Less than 1 year,"Less than TZS 5,000",11–30,61–120,11–30,Voice Calls,Occasionally,Yes,Lower prices,3.0,No,No,Neutral,1,1,2,3,2,1,1,1,2.3333333333333335,1,1.8,1.8000000000000003
2026/07/31 09:43:00 AM GMT+3,55+,Female,Ubungo,Self-employed,Tigo,Less than 1 year,"5,000–10,000",31–60,More than 300,None,Voice Calls,Daily,Yes,N/A,3.0,No,No,Neutral,5,2,3,5,0,1,4,4,2.6666666666666665,2,2.9499999999999997,1.8000000000000003
2026/07/31 11:40:00 AM GMT+3,Under 18,Prefer not to say,Temeke,Self-employed,TTCL,Less than 1 year,"Less than TZS 5,000",None,More than 300,More than 30,Internet,Daily,No,N/A,4.0,No,Yes,Agree,0,1,0,5,3,1,4,4,2.6666666666666665,1,2.3,2.2
2026/07/31 11:43:00 AM GMT+3,18–24,Male,Ilala,Employed,Tigo,3–5 years,"5,000–10,000",More than 60,61–120,11–30,SMS,Weekly,No,N/A,2.0,Yes,No,Neutral,1,2,4,3,2,3,3,3,3.0,2,2.75,2.5999999999999996
2026/07/31 11:58:00 AM GMT+3,35–44,Prefer not to say,Temeke,Student,Halotel,3–5 years,"Less than TZS 5,000",1–10,Less than 30,None,Mobile Money,Occasionally,Yes,Better customer service,3.0,No,No,Neutral,3,1,1,1,0,3,1,1,0.6666666666666666,1,0.9,3.0
2026/07/31 12:41:00 PM GMT+3,45–54,Female,Kigamboni,Business owner,Vodacom,3–5 years,"20,001–50,000",More than 60,Less than 30,1–10,Mixed Usage,Daily,No,Better internet,5.0,No,No,Strongly Disagree,4,4,4,1,1,3,4,4,2.0,4,2.95,3.8
2026/07/31 12:43:00 PM GMT+3,55+,Female,Kinondoni,Unemployed,Tigo,More than 5 years,"20,001–50,000",More than 60,30–60,None,Mixed Usage,Monthly,No,Other,1.0,Yes,Yes,Neutral,5,4,4,2,0,4,2,2,2.0,4,2.9000000000000004,2.8
2026/07/31 02:27:00 PM GMT+3,45–54,Male,Ilala,Self-employed,TTCL,More than 5 years,"20,001–50,000",More than 60,30–60,11–30,Mobile Money,Monthly,Yes,Better customer service,3.0,No,No,Neutral,4,4,4,2,2,4,2,2,2.6666666666666665,4,3.1000000000000005,3.6
2026/07/31 02:56:00 PM GMT+3,45–54,Prefer not to say,Ubungo,Unemployed,Tigo,More than 5 years,"5,000–10,000",11–30,61–120,More than 30,Mixed Usage,Daily,No,Lower prices,2.0,Yes,Yes,Strongly Agree,4,2,2,3,3,4,4,4,2.6666666666666665,2,2.55,3.2
2026/07/31 04:32:00 PM GMT+3,45–54,Prefer not to say,Ubungo,Employed,TTCL,Less than 1 year,"Less than TZS 5,000",11–30,61–120,None,Mobile Money,Weekly,Yes,N/A,5.0,No,No,Strongly Agree,4,1,2,3,0,1,3,3,1.6666666666666667,1,1.8,2.6
2026/07/31 05:54:00 PM GMT+3,45–54,Prefer not to say,Temeke,Student,TTCL,More than 5 years,"Less than TZS 5,000",None,121–300,1–10,Internet,Monthly,No,Better network coverage,4.0,No,Yes,Neutral,4,1,0,4,1,4,2,2,1.6666666666666667,1,1.6500000000000001,4.0
2026/07/31 07:45:00 PM GMT+3,25–34,Male,Ilala,Employed,Airtel,1–2 years,"More than 50,000",More than 60,30–60,11–30,Mobile Money,Monthly,No,N/A,3.0,No,No,Agree,2,5,4,2,2,2,2,2,2.6666666666666665,5,3.45,2.4000000000000004
2026/07/31 08:26:00 PM GMT+3,45–54,Female,Temeke,Business owner,Halotel,3–5 years,"More than 50,000",1–10,Less than 30,None,Mixed Usage,Monthly,Yes,Better internet,5.0,Yes,No,Strongly Agree,4,5,1,1,0,3,2,2,0.6666666666666666,5,2.4000000000000004,3.8
2026/07/31 10:01:00 PM GMT+3,45–54,Male,Kigamboni,Student,TTCL,3–5 years,"20,001–50,000",31–60,More than 300,None,Mixed Usage,Occasionally,Yes,N/A,5.0,Yes,No,Strongly Agree,4,4,3,5,0,3,1,1,2.6666666666666665,4,3.35,3.8
2026/07/31 10:21:00 PM GMT+3,35–44,Prefer not to say,Kigamboni,Unemployed,TTCL,3–5 years,"20,001–50,000",More than 60,30–60,More than 30,Mixed Usage,Weekly,No,N/A,1.0,No,No,Agree,3,4,4,2,3,3,3,3,3.0,4,3.3,2.1999999999999997
2026/08/01 12:21:00 AM GMT+3,Under 18,Female,Kigamboni,Business owner,Halotel,More than 5 years,"Less than TZS 5,000",31–60,61–120,11–30,Mobile Money,Weekly,Yes,Better internet,3.0,Yes,Yes,Agree,0,1,3,3,2,4,3,3,2.6666666666666665,1,2.2,3.6
2026/08/01 01:19:00 AM GMT+3,25–34,Prefer not to say,Ilala,Self-employed,Vodacom,More than 5 years,"Less than TZS 5,000",31–60,Less than 30,None,Internet,Occasionally,Yes,Better customer service,5.0,No,No,Strongly Disagree,2,1,3,1,0,4,1,1,1.3333333333333333,1,1.3000000000000003,4.4
2026/08/01 02:33:00 AM GMT+3,55+,Female,Ubungo,Employed,Halotel,1–2 years,"Less than TZS 5,000",None,More than 300,More than 30,Mobile Money,Monthly,No,Lower prices,3.0,Yes,No,Strongly Disagree,5,1,0,5,3,2,2,2,2.6666666666666665,1,2.1,2.4000000000000004
2026/08/01 03:29:00 AM GMT+3,55+,Male,Kigamboni,Unemployed,Halotel,3–5 years,"10,001–20,000",31–60,More than 300,11–30,Mobile Money,Monthly,No,N/A,2.0,Yes,No,Strongly Disagree,5,3,3,5,2,3,2,2,3.3333333333333335,3,3.3000000000000003,2.5999999999999996
2026/08/01 04:11:00 AM GMT+3,18–24,Male,Ubungo,Business owner,TTCL,1–2 years,"More than 50,000",31–60,30–60,11–30,Internet,Weekly,Yes,Promotions,1.0,Yes,Yes,Strongly Agree,1,5,3,2,2,2,3,3,2.3333333333333335,5,3.3500000000000005,1.6
2026/08/01 04:27:00 AM GMT+3,Under 18,Female,Kigamboni,Self-employed,Tigo,1–2 years,"Less than TZS 5,000",None,121–300,1–10,Mobile Money,Daily,No,N/A,4.0,Yes,Yes,Neutral,0,1,0,4,1,2,4,4,1.6666666666666667,1,1.85,2.8
2026/08/01 04:33:00 AM GMT+3,25–34,Female,Kinondoni,Self-employed,TTCL,More than 5 years,"10,001–20,000",31–60,121–300,None,Mixed Usage,Weekly,Yes,Better customer service,1.0,Yes,No,Neutral,2,3,3,4,0,4,3,3,2.3333333333333335,3,2.95,2.8
2026/08/01 04:35:00 AM GMT+3,45–54,Male,Ubungo,Employed,TTCL,More than 5 years,"More than 50,000",None,Less than 30,More than 30,Mixed Usage,Weekly,No,Other,4.0,No,Yes,Agree,4,5,0,1,3,4,3,3,1.3333333333333333,5,2.5999999999999996,4.0
2026/08/01 06:33:00 AM GMT+3,35–44,Prefer not to say,Kigamboni,Employed,Halotel,Less than 1 year,"10,001–20,000",More than 60,More than 300,None,Mobile Money,Occasionally,No,N/A,4.0,No,Yes,Agree,3,3,4,5,0,1,1,1,3.0,3,3.1999999999999997,2.2
2026/08/01 08:00:00 AM GMT+3,Under 18,Female,Kinondoni,Unemployed,Halotel,More than 5 years,"More than 50,000",None,30–60,More than 30,Internet,Occasionally,Yes,Promotions,4.0,No,Yes,Strongly Disagree,0,5,0,2,3,4,1,1,1.6666666666666667,5,2.6500000000000004,4.0
2026/08/01 08:08:00 AM GMT+3,55+,Prefer not to say,Ubungo,Self-employed,Halotel,1–2 years,"Less than TZS 5,000",None,Less than 30,1–10,Mobile Money,Occasionally,Yes,N/A,2.0,Yes,Yes,Strongly Agree,5,1,0,1,1,2,1,1,0.6666666666666666,1,0.7999999999999999,2.0
2026/08/01 08:12:00 AM GMT+3,45–54,Prefer not to say,Ilala,Business owner,TTCL,1–2 years,"More than 50,000",31–60,121–300,1–10,Voice Calls,Weekly,No,Better internet,1.0,Yes,No,Strongly Disagree,4,5,3,4,1,2,3,3,2.6666666666666665,5,3.7500000000000004,1.6
2026/08/01 09:42:00 AM GMT+3,55+,Female,Ilala,Business owner,Tigo,Less than 1 year,"20,001–50,000",None,More than 300,None,Mobile Money,Weekly,Yes,N/A,2.0,No,No,Neutral,5,4,0,5,0,1,3,3,1.6666666666666667,4,2.95,1.4
2026/08/01 11:36:00 AM GMT+3,Under 18,Prefer not to say,Kinondoni,Unemployed,Vodacom,More than 5 years,"More than 50,000",31–60,Less than 30,11–30,Mixed Usage,Monthly,No,Lower prices,3.0,No,Yes,Agree,0,5,3,1,2,4,2,2,2.0,5,3.0000000000000004,3.6
2026/08/01 11:45:00 AM GMT+3,18–24,Female,Kigamboni,Unemployed,Vodacom,More than 5 years,"5,000–10,000",None,121–300,1–10,Mixed Usage,Monthly,No,Better network coverage,5.0,Yes,Yes,Neutral,1,2,0,4,1,4,2,2,1.6666666666666667,2,2.0,4.4
2026/08/01 01:28:00 PM GMT+3,35–44,Male,Temeke,Employed,Halotel,1–2 years,"20,001–50,000",More than 60,Less than 30,None,Voice Calls,Monthly,No,Other,5.0,Yes,Yes,Neutral,3,4,4,1,0,2,2,2,1.6666666666666667,4,2.6500000000000004,3.2
2026/08/01 01:47:00 PM GMT+3,35–44,Prefer not to say,Temeke,Business owner,Tigo,Less than 1 year,"More than 50,000",None,61–120,More than 30,Voice Calls,Weekly,Yes,Better internet,3.0,No,Yes,Neutral,3,5,0,3,3,1,3,3,2.0,5,3.0999999999999996,1.8000000000000003
2026/08/01 03:23:00 PM GMT+3,25–34,Male,Ubungo,Student,Tigo,Less than 1 year,"5,000–10,000",None,Less than 30,1–10,Mobile Money,Occasionally,No,Better customer service,2.0,No,No,Neutral,2,2,0,1,1,1,1,1,0.6666666666666666,2,1.1500000000000001,1.4
2026/08/01 04:29:00 PM GMT+3,35–44,Female,Ilala,Student,Halotel,3–5 years,"5,000–10,000",1–10,61–120,More than 30,Mobile Money,Monthly,No,Better internet,5.0,Yes,No,Agree,3,2,1,3,3,3,2,2,2.3333333333333335,2,2.15,3.8
2026/08/01 06:25:00 PM GMT+3,Under 18,Male,Temeke,Business owner,Halotel,1–2 years,"More than 50,000",31–60,30–60,None,Mixed Usage,Weekly,No,N/A,4.0,No,No,Strongly Disagree,0,5,3,2,0,2,3,3,1.6666666666666667,5,3.1500000000000004,2.8
2026/08/01 08:01:00 PM GMT+3,Under 18,Prefer not to say,Ilala,Self-employed,Airtel,More than 5 years,"20,001–50,000",More than 60,61–120,None,Internet,Daily,No,Other,4.0,Yes,No,Strongly Disagree,0,4,4,3,0,4,4,4,2.3333333333333335,4,3.35,4.0
2026/08/01 08:07:00 PM GMT+3,55+,Female,Kinondoni,Unemployed,Vodacom,3–5 years,"More than 50,000",11–30,Less than 30,More than 30,Mixed Usage,Daily,Yes,Promotions,3.0,No,Yes,Neutral,5,5,2,1,3,3,4,4,2.0,5,3.0999999999999996,3.0
2026/08/01 08:49:00 PM GMT+3,18–24,Female,Ubungo,Student,Tigo,Less than 1 year,"20,001–50,000",1–10,61–120,11–30,Internet,Weekly,Yes,Lower prices,4.0,Yes,Yes,Strongly Agree,1,4,1,3,2,1,3,3,2.0,4,2.8500000000000005,2.2
2026/08/01 10:20:00 PM GMT+3,18–24,Male,Ilala,Self-employed,Vodacom,Less than 1 year,"20,001–50,000",More than 60,61–120,None,Mixed Usage,Weekly,No,Better customer service,1.0,Yes,Yes,Neutral,1,4,4,3,0,1,3,3,2.3333333333333335,4,3.25,1.0
2026/08/02 12:19:00 AM GMT+3,55+,Male,Ilala,Self-employed,Halotel,1–2 years,"Less than TZS 5,000",More than 60,30–60,1–10,Mixed Usage,Occasionally,Yes,Better customer service,4.0,Yes,Yes,Neutral,5,1,4,2,1,2,1,1,2.3333333333333335,1,1.85,2.8
2026/08/02 01:10:00 AM GMT+3,35–44,Male,Temeke,Unemployed,Airtel,Less than 1 year,"More than 50,000",More than 60,61–120,More than 30,SMS,Monthly,No,Better customer service,1.0,No,Yes,Agree,3,5,4,3,3,1,2,2,3.3333333333333335,5,3.8,1.0
2026/08/02 03:08:00 AM GMT+3,45–54,Prefer not to say,Kinondoni,Business owner,TTCL,3–5 years,"5,000–10,000",11–30,Less than 30,1–10,Mixed Usage,Daily,No,Better internet,2.0,Yes,No,Strongly Disagree,4,2,2,1,1,3,4,4,1.3333333333333333,2,1.85,2.5999999999999996
2026/08/02 04:09:00 AM GMT+3,25–34,Prefer not to say,Ubungo,Student,Halotel,1–2 years,"10,001–20,000",1–10,Less than 30,None,SMS,Monthly,No,Better internet,1.0,Yes,No,Strongly Disagree,2,3,1,1,0,2,2,2,0.6666666666666666,3,1.6999999999999997,1.6
2026/08/02 04:55:00 AM GMT+3,45–54,Prefer not to say,Kinondoni,Employed,Vodacom,More than 5 years,"Less than TZS 5,000",11–30,More than 300,11–30,Mixed Usage,Weekly,No,N/A,1.0,No,No,Agree,4,1,2,5,2,4,3,3,3.0,1,2.5,2.8
2026/08/02 06:22:00 AM GMT+3,Under 18,Female,Kinondoni,Business owner,Vodacom,3–5 years,"10,001–20,000",1–10,More than 300,None,SMS,Daily,Yes,N/A,5.0,No,No,Strongly Disagree,0,3,1,5,0,3,4,4,2.0,3,2.9,3.8
2026/08/02 06:28:00 AM GMT+3,25–34,Male,Kigamboni,Employed,Halotel,3–5 years,"20,001–50,000",11–30,Less than 30,More than 30,Voice Calls,Occasionally,No,Better customer service,3.0,Yes,Yes,Strongly Agree,2,4,2,1,3,3,1,1,2.0,4,2.45,3.0
2026/08/02 08:27:00 AM GMT+3,Under 18,Prefer not to say,Ilala,Business owner,Airtel,Less than 1 year,"10,001–20,000",None,More than 300,11–30,Mixed Usage,Monthly,No,Lower prices,4.0,Yes,Yes,Agree,0,3,0,5,2,1,2,2,2.3333333333333335,3,2.7,2.2
2026/08/02 09:47:00 AM GMT+3,45–54,Male,Kinondoni,Student,Airtel,More than 5 years,"20,001–50,000",More than 60,61–120,11–30,Internet,Daily,No,Better internet,2.0,No,No,Strongly Agree,4,4,4,3,2,4,4,4,3.0,4,3.5500000000000003,3.2
2026/08/02 10:53:00 AM GMT+3,25–34,Prefer not to say,Ubungo,Student,Airtel,3–5 years,"20,001–50,000",1–10,121–300,More than 30,Mixed Usage,Daily,No,Better internet,4.0,No,No,Strongly Disagree,2,4,1,4,3,3,4,4,2.6666666666666665,4,3.3,3.4
2026/08/02 11:48:00 AM GMT+3,25–34,Male,Kinondoni,Business owner,Vodacom,1–2 years,"More than 50,000",11–30,More than 300,None,Mobile Money,Occasionally,No,N/A,3.0,Yes,No,Strongly Agree,2,5,2,5,0,2,1,1,2.3333333333333335,5,3.5,2.4000000000000004
2026/08/02 11:56:00 AM GMT+3,35–44,Male,Kigamboni,Student,Vodacom,More than 5 years,"5,000–10,000",1–10,121–300,11–30,Mobile Money,Monthly,Yes,Better customer service,2.0,No,No,Strongly Disagree,3,2,1,4,2,4,2,2,2.3333333333333335,2,2.3000000000000003,3.2
2026/08/02 12:05:00 PM GMT+3,45–54,Male,Temeke,Unemployed,Vodacom,1–2 years,"10,001–20,000",11–30,61–120,None,Voice Calls,Monthly,Yes,Better network coverage,3.0,No,Yes,Neutral,4,3,2,3,0,2,2,2,1.6666666666666667,3,2.4,2.4000000000000004
2026/08/02 12:33:00 PM GMT+3,25–34,Prefer not to say,Kinondoni,Business owner,Vodacom,Less than 1 year,"20,001–50,000",11–30,More than 300,More than 30,Voice Calls,Daily,No,Better internet,2.0,Yes,No,Agree,2,4,2,5,3,1,4,4,3.3333333333333335,4,3.75,1.4
2026/08/02 01:34:00 PM GMT+3,45–54,Female,Ilala,Employed,TTCL,More than 5 years,"10,001–20,000",11–30,30–60,None,Mobile Money,Daily,Yes,Promotions,4.0,No,Yes,Agree,4,3,2,2,0,4,4,4,1.3333333333333333,3,2.3499999999999996,4.0
2026/08/02 02:25:00 PM GMT+3,18–24,Female,Kinondoni,Self-employed,Airtel,1–2 years,"Less than TZS 5,000",1–10,121–300,None,SMS,Monthly,No,Better customer service,5.0,Yes,No,Strongly Agree,1,1,1,4,0,2,2,2,1.6666666666666667,1,1.75,3.2
2026/08/02 03:57:00 PM GMT+3,Under 18,Female,Ilala,Self-employed,Halotel,More than 5 years,"More than 50,000",More than 60,Less than 30,More than 30,Voice Calls,Daily,No,N/A,2.0,No,No,Strongly Disagree,0,5,4,1,3,4,4,4,2.6666666666666665,5,3.5,3.2
2026/08/02 04:25:00 PM GMT+3,Under 18,Prefer not to say,Temeke,Business owner,TTCL,3–5 years,"10,001–20,000",11–30,Less than 30,More than 30,Mobile Money,Weekly,Yes,N/A,4.0,Yes,Yes,Neutral,0,3,2,1,3,3,3,3,2.0,3,2.3,3.4
2026/08/02 04:36:00 PM GMT+3,55+,Female,Temeke,Self-employed,Vodacom,Less than 1 year,"Less than TZS 5,000",11–30,121–300,None,Internet,Weekly,No,Promotions,5.0,Yes,Yes,Strongly Disagree,5,1,2,4,0,1,3,3,2.0,1,2.05,2.6
2026/08/02 05:54:00 PM GMT+3,45–54,Prefer not to say,Kigamboni,Student,TTCL,More than 5 years,"20,001–50,000",1–10,30–60,More than 30,SMS,Occasionally,Yes,N/A,5.0,Yes,No,Agree,4,4,1,2,3,4,1,1,2.0,4,2.5,4.4
2026/08/02 07:27:00 PM GMT+3,55+,Prefer not to say,Ilala,Student,Airtel,More than 5 years,"10,001–20,000",None,More than 300,None,Internet,Weekly,No,N/A,2.0,No,No,Neutral,5,3,0,5,0,4,3,3,1.6666666666666667,3,2.5999999999999996,3.2
2026/08/02 09:07:00 PM GMT+3,35–44,Female,Kigamboni,Unemployed,Airtel,More than 5 years,"More than 50,000",None,30–60,11–30,Voice Calls,Daily,Yes,Promotions,1.0,Yes,Yes,Agree,3,5,0,2,2,4,4,4,1.3333333333333333,5,2.85,2.8
2026/08/02 09:48:00 PM GMT+3,18–24,Male,Ubungo,Business owner,Vodacom,3–5 years,"20,001–50,000",1–10,More than 300,11–30,Mobile Money,Occasionally,No,Other,3.0,No,Yes,Neutral,1,4,1,5,2,3,1,1,2.6666666666666665,4,3.1500000000000004,3.0
2026/08/02 11:07:00 PM GMT+3,Under 18,Male,Kigamboni,Employed,Airtel,3–5 years,"20,001–50,000",None,More than 300,More than 30,Mobile Money,Weekly,No,Better customer service,4.0,No,No,Strongly Disagree,0,4,0,5,3,3,3,3,2.6666666666666665,4,3.25,3.4
2026/08/02 11:58:00 PM GMT+3,55+,Female,Kigamboni,Unemployed,Vodacom,Less than 1 year,"More than 50,000",31–60,Less than 30,None,Mixed Usage,Occasionally,Yes,Better internet,4.0,Yes,Yes,Strongly Agree,5,5,3,1,0,1,1,1,1.3333333333333333,5,2.7,2.2
2026/08/03 12:31:00 AM GMT+3,45–54,Prefer not to say,Kigamboni,Business owner,Vodacom,More than 5 years,"5,000–10,000",More than 60,30–60,11–30,Internet,Weekly,Yes,Lower prices,5.0,No,No,Neutral,4,2,4,2,2,4,3,3,2.6666666666666665,2,2.5,4.4
2026/08/03 02:18:00 AM GMT+3,35–44,Prefer not to say,Kinondoni,Employed,Vodacom,Less than 1 year,"More than 50,000",1–10,121–300,11–30,Voice Calls,Monthly,Yes,N/A,4.0,Yes,No,Neutral,3,5,1,4,2,1,2,2,2.3333333333333335,5,3.3500000000000005,2.2
2026/08/03 02:55:00 AM GMT+3,18–24,Female,Kinondoni,Self-employed,Tigo,1–2 years,"10,001–20,000",1–10,More than 300,None,SMS,Occasionally,Yes,Better network coverage,4.0,Yes,Yes,Strongly Disagree,1,3,1,5,0,2,1,1,2.0,3,2.6,2.8
2026/08/03 04:38:00 AM GMT+3,45–54,Male,Temeke,Self-employed,Halotel,Less than 1 year,"More than 50,000",31–60,121–300,More than 30,Mobile Money,Weekly,Yes,Better network coverage,3.0,No,No,Strongly Agree,4,5,3,4,3,1,3,3,3.3333333333333335,5,3.95,1.8000000000000003
2026/08/03 05:35:00 AM GMT+3,25–34,Male,Temeke,Student,Airtel,1–2 years,"20,001–50,000",11–30,Less than 30,None,Mixed Usage,Weekly,Yes,Promotions,2.0,Yes,No,Strongly Disagree,2,4,2,1,0,2,3,3,1.0,4,2.3499999999999996,2.0
2026/08/03 06:40:00 AM GMT+3,35–44,Male,Temeke,Business owner,TTCL,3–5 years,"Less than TZS 5,000",More than 60,More than 300,1–10,Internet,Monthly,Yes,N/A,4.0,No,Yes,Neutral,3,1,4,5,1,3,2,2,3.3333333333333335,1,2.7000000000000006,3.4
2026/08/03 07:08:00 AM GMT+3,55+,Female,Kinondoni,Employed,Tigo,3–5 years,"10,001–20,000",None,121–300,More than 30,Internet,Daily,No,Promotions,2.0,Yes,No,Agree,5,3,0,4,3,3,4,4,2.3333333333333335,3,2.75,2.5999999999999996
2026/08/03 08:21:00 AM GMT+3,45–54,Prefer not to say,Kigamboni,Employed,TTCL,1–2 years,"More than 50,000",1–10,30–60,More than 30,SMS,Daily,Yes,Better customer service,5.0,No,Yes,Strongly Agree,4,5,1,2,3,2,4,4,2.0,5,3.1500000000000004,3.2
2026/08/03 08:56:00 AM GMT+3,35–44,Prefer not to say,Ilala,Employed,Vodacom,Less than 1 year,"More than 50,000",More than 60,30–60,11–30,Mobile Money,Monthly,No,Better customer service,4.0,No,No,Strongly Agree,3,5,4,2,2,1,2,2,2.6666666666666665,5,3.45,2.2
2026/08/03 10:41:00 AM GMT+3,Under 18,Male,Ilala,Employed,TTCL,3–5 years,"More than 50,000",More than 60,61–120,More than 30,Mobile Money,Monthly,Yes,Better customer service,5.0,No,No,Agree,0,5,4,3,3,3,2,2,3.3333333333333335,5,3.8,3.8
2026/08/03 11:52:00 AM GMT+3,25–34,Male,Temeke,Self-employed,TTCL,Less than 1 year,"20,001–50,000",11–30,Less than 30,More than 30,SMS,Monthly,No,N/A,3.0,No,No,Neutral,2,4,2,1,3,1,2,2,2.0,4,2.55,1.8000000000000003
2026/08/03 12:22:00 PM GMT+3,55+,Male,Kigamboni,Employed,Tigo,1–2 years,"More than 50,000",11–30,121–300,More than 30,Mixed Usage,Daily,Yes,Promotions,3.0,Yes,Yes,Neutral,5,5,2,4,3,2,4,4,3.0,5,3.8499999999999996,2.4000000000000004
2026/08/03 02:05:00 PM GMT+3,25–34,Male,Kigamboni,Student,Tigo,More than 5 years,"5,000–10,000",1–10,30–60,1–10,Internet,Daily,Yes,Promotions,3.0,No,No,Agree,2,2,1,2,1,4,4,4,1.3333333333333333,2,1.9,3.6
2026/08/03 03:21:00 PM GMT+3,18–24,Female,Ubungo,Employed,Vodacom,3–5 years,"10,001–20,000",1–10,121–300,More than 30,Mixed Usage,Occasionally,Yes,N/A,3.0,Yes,No,Strongly Disagree,1,3,1,4,3,3,1,1,2.6666666666666665,3,2.6500000000000004,3.0
2026/08/03 04:18:00 PM GMT+3,Under 18,Prefer not to say,Temeke,Employed,Vodacom,Less than 1 year,"10,001–20,000",None,61–120,More than 30,Internet,Occasionally,No,N/A,5.0,No,No,Strongly Agree,0,3,0,3,3,1,1,1,2.0,3,2.2,2.6
2026/08/03 05:19:00 PM GMT+3,18–24,Prefer not to say,Kigamboni,Business owner,TTCL,More than 5 years,"20,001–50,000",11–30,121–300,1–10,Voice Calls,Daily,Yes,N/A,4.0,Yes,Yes,Strongly Agree,1,4,2,4,1,4,4,4,2.3333333333333335,4,3.3,4.0
2026/08/03 06:01:00 PM GMT+3,18–24,Male,Ubungo,Self-employed,Halotel,3–5 years,"Less than TZS 5,000",1–10,More than 300,11–30,Internet,Monthly,No,N/A,2.0,Yes,Yes,Agree,1,1,1,5,2,3,2,2,2.6666666666666665,1,2.2,2.5999999999999996
2026/08/03 07:21:00 PM GMT+3,25–34,Prefer not to say,Kinondoni,Unemployed,Halotel,More than 5 years,"20,001–50,000",31–60,Less than 30,None,Mobile Money,Monthly,Yes,Lower prices,5.0,No,No,Strongly Agree,2,4,3,1,0,4,2,2,1.3333333333333333,4,2.45,4.4
2026/08/03 08:46:00 PM GMT+3,18–24,Female,Temeke,Business owner,Halotel,3–5 years,"5,000–10,000",31–60,61–120,11–30,Internet,Weekly,No,Promotions,4.0,No,Yes,Agree,1,2,3,3,2,3,3,3,2.6666666666666665,2,2.55,3.4
2026/08/03 10:00:00 PM GMT+3,25–34,Prefer not to say,Ubungo,Student,Vodacom,3–5 years,"5,000–10,000",None,61–120,11–30,SMS,Weekly,Yes,Better internet,1.0,Yes,Yes,Agree,2,2,0,3,2,3,3,3,1.6666666666666667,2,1.95,2.1999999999999997
2026/08/03 11:50:00 PM GMT+3,55+,Prefer not to say,Ilala,Employed,Airtel,More than 5 years,"20,001–50,000",None,121–300,11–30,Internet,Daily,No,Other,3.0,No,No,Neutral,5,4,0,4,2,4,4,4,2.0,4,3.0,3.6
2026/08/04 01:49:00 AM GMT+3,55+,Male,Kigamboni,Student,Vodacom,1–2 years,"20,001–50,000",31–60,Less than 30,More than 30,Internet,Occasionally,Yes,N/A,2.0,Yes,Yes,Agree,5,4,3,1,3,2,1,1,2.3333333333333335,4,2.6500000000000004,2.0
2026/08/04 02:11:00 AM GMT+3,45–54,Male,Temeke,Unemployed,Airtel,More than 5 years,"20,001–50,000",More than 60,Less than 30,11–30,Voice Calls,Monthly,Yes,Promotions,1.0,No,No,Agree,4,4,4,1,2,4,2,2,2.3333333333333335,4,2.8500000000000005,2.8
2026/08/04 02:51:00 AM GMT+3,55+,Male,Kinondoni,Student,Tigo,Less than 1 year,"5,000–10,000",11–30,30–60,None,Mobile Money,Daily,Yes,N/A,4.0,Yes,Yes,Neutral,5,2,2,2,0,1,4,4,1.3333333333333333,2,2.0,2.2
2026/08/04 03:36:00 AM GMT+3,Under 18,Male,Kigamboni,Business owner,Airtel,Less than 1 year,"20,001–50,000",More than 60,30–60,11–30,Voice Calls,Weekly,No,Promotions,4.0,No,Yes,Strongly Disagree,0,4,4,2,2,1,3,3,2.6666666666666665,4,3.2,2.2
2026/08/04 04:15:00 AM GMT+3,25–34,Female,Ilala,Employed,Vodacom,3–5 years,"More than 50,000",None,More than 300,11–30,Mixed Usage,Daily,Yes,Better internet,1.0,No,Yes,Strongly Disagree,2,5,0,5,2,3,4,4,2.3333333333333335,5,3.6,2.1999999999999997
2026/08/04 05:19:00 AM GMT+3,55+,Prefer not to say,Kigamboni,Business owner,Tigo,More than 5 years,"More than 50,000",More than 60,Less than 30,1–10,Mobile Money,Daily,Yes,Better internet,2.0,No,Yes,Strongly Agree,5,5,4,1,1,4,4,4,2.0,5,3.3,3.2
2026/08/04 06:09:00 AM GMT+3,35–44,Prefer not to say,Ilala,Employed,Airtel,More than 5 years,"20,001–50,000",11–30,121–300,More than 30,Voice Calls,Occasionally,No,Promotions,3.0,No,Yes,Agree,3,4,2,4,3,4,1,1,3.0,4,3.2,3.6
2026/08/04 08:02:00 AM GMT+3,18–24,Prefer not to say,Temeke,Self-employed,Tigo,3–5 years,"Less than TZS 5,000",More than 60,Less than 30,More than 30,Mixed Usage,Monthly,No,N/A,3.0,Yes,Yes,Agree,1,1,4,1,3,3,2,2,2.6666666666666665,1,1.9,3.0
2026/08/04 09:10:00 AM GMT+3,Under 18,Prefer not to say,Kigamboni,Employed,Vodacom,Less than 1 year,"5,000–10,000",None,Less than 30,More than 30,Voice Calls,Occasionally,No,Lower prices,5.0,No,No,Strongly Agree,0,2,0,1,3,1,1,1,1.3333333333333333,2,1.35,2.6
2026/08/04 10:03:00 AM GMT+3,55+,Prefer not to say,Temeke,Self-employed,TTCL,More than 5 years,"5,000–10,000",1–10,More than 300,More than 30,SMS,Daily,No,Better network coverage,4.0,Yes,No,Agree,5,2,1,5,3,4,4,4,3.0,2,2.8499999999999996,4.0
2026/08/04 11:27:00 AM GMT+3,18–24,Prefer not to say,Ilala,Business owner,Airtel,Less than 1 year,"More than 50,000",11–30,More than 300,More than 30,SMS,Weekly,No,Lower prices,3.0,Yes,No,Neutral,1,5,2,5,3,1,3,3,3.3333333333333335,5,4.0,1.8000000000000003
2026/08/04 01:05:00 PM GMT+3,25–34,Prefer not to say,Temeke,Employed,Airtel,1–2 years,"10,001–20,000",More than 60,61–120,1–10,Mixed Usage,Weekly,Yes,Lower prices,4.0,No,Yes,Strongly Disagree,2,3,4,3,1,2,3,3,2.6666666666666665,3,2.9999999999999996,2.8
2026/08/04 01:42:00 PM GMT+3,18–24,Female,Ubungo,Employed,Airtel,More than 5 years,"Less than TZS 5,000",More than 60,More than 300,11–30,Mixed Usage,Weekly,No,Better customer service,1.0,Yes,No,Strongly Disagree,1,1,4,5,2,4,3,3,3.6666666666666665,1,2.9000000000000004,2.8
2026/08/04 02:28:00 PM GMT+3,Under 18,Prefer not to say,Ilala,Business owner,Airtel,More than 5 years,"More than 50,000",11–30,121–300,None,Mixed Usage,Occasionally,Yes,N/A,4.0,No,No,Strongly Disagree,0,5,2,4,0,4,1,1,2.0,5,3.25,4.0
2026/08/04 03:00:00 PM GMT+3,35–44,Prefer not to say,Kinondoni,Self-employed,TTCL,3–5 years,"20,001–50,000",1–10,More than 300,More than 30,Mobile Money,Weekly,Yes,Better customer service,4.0,No,No,Strongly Disagree,3,4,1,5,3,3,3,3,3.0,4,3.45,3.4
2026/08/04 04:19:00 PM GMT+3,35–44,Female,Ilala,Business owner,Tigo,1–2 years,"Less than TZS 5,000",None,More than 300,1–10,Voice Calls,Weekly,Yes,Other,3.0,No,No,Neutral,3,1,0,5,1,2,3,3,2.0,1,2.0,2.4000000000000004
2026/08/04 04:49:00 PM GMT+3,Under 18,Male,Kinondoni,Business owner,Vodacom,Less than 1 year,"More than 50,000",More than 60,61–120,More than 30,Mixed Usage,Occasionally,Yes,Better network coverage,5.0,Yes,Yes,Strongly Disagree,0,5,4,3,3,1,1,1,3.3333333333333335,5,3.7,2.6
2026/08/04 06:32:00 PM GMT+3,45–54,Prefer not to say,Ilala,Self-employed,Halotel,3–5 years,"20,001–50,000",None,Less than 30,None,Internet,Occasionally,Yes,Lower prices,2.0,Yes,Yes,Agree,4,4,0,1,0,3,1,1,0.3333333333333333,4,1.75,2.5999999999999996
2026/08/04 08:11:00 PM GMT+3,18–24,Female,Kinondoni,Student,Tigo,3–5 years,"More than 50,000",1–10,121–300,None,Voice Calls,Weekly,Yes,Other,3.0,No,No,Neutral,1,5,1,4,0,3,3,3,1.6666666666666667,5,3.25,3.0
2026/08/04 09:16:00 PM GMT+3,45–54,Prefer not to say,Kinondoni,Student,Airtel,1–2 years,"20,001–50,000",11–30,Less than 30,More than 30,Voice Calls,Monthly,No,Better network coverage,5.0,Yes,Yes,Strongly Agree,4,4,2,1,3,2,2,2,2.0,4,2.55,3.2
2026/08/04 10:44:00 PM GMT+3,55+,Male,Kinondoni,Business owner,TTCL,Less than 1 year,"20,001–50,000",11–30,30–60,More than 30,Internet,Monthly,No,Better customer service,2.0,No,No,Strongly Agree,5,4,2,2,3,1,2,2,2.3333333333333335,4,2.8,1.4
2026/08/04 11:20:00 PM GMT+3,Under 18,Female,Temeke,Employed,Vodacom,1–2 years,"10,001–20,000",11–30,Less than 30,11–30,Internet,Daily,Yes,Other,4.0,Yes,No,Strongly Disagree,0,3,2,1,2,2,4,4,1.6666666666666667,3,2.3,2.8
2026/08/05 12:59:00 AM GMT+3,25–34,Female,Kigamboni,Unemployed,Airtel,1–2 years,"20,001–50,000",1–10,121–300,11–30,Voice Calls,Weekly,Yes,Lower prices,2.0,No,Yes,Agree,2,4,1,4,2,2,3,3,2.3333333333333335,4,3.1000000000000005,2.0
2026/08/05 02:44:00 AM GMT+3,45–54,Female,Kinondoni,Unemployed,Tigo,3–5 years,"Less than TZS 5,000",None,121–300,1–10,Mixed Usage,Monthly,No,Better internet,3.0,Yes,No,Strongly Disagree,4,1,0,4,1,3,2,2,1.6666666666666667,1,1.6500000000000001,3.0
2026/08/05 04:09:00 AM GMT+3,Under 18,Male,Kinondoni,Employed,Tigo,1–2 years,"5,000–10,000",11–30,30–60,None,Mixed Usage,Daily,Yes,Better network coverage,5.0,Yes,Yes,Agree,0,2,2,2,0,2,4,4,1.3333333333333333,2,2.0,3.2
2026/08/05 05:17:00 AM GMT+3,Under 18,Female,Ilala,Business owner,Vodacom,1–2 years,"5,000–10,000",1–10,Less than 30,More than 30,Mixed Usage,Weekly,Yes,Better internet,3.0,Yes,Yes,Neutral,0,2,1,1,3,2,3,3,1.6666666666666667,2,1.75,2.4000000000000004
2026/08/05 07:00:00 AM GMT+3,Under 18,Female,Kigamboni,Employed,TTCL,1–2 years,"More than 50,000",More than 60,Less than 30,1–10,Internet,Monthly,No,Better customer service,1.0,Yes,No,Neutral,0,5,4,1,1,2,2,2,2.0,5,3.1,1.6
2026/08/05 07:04:00 AM GMT+3,Under 18,Female,Ubungo,Business owner,TTCL,3–5 years,"10,001–20,000",More than 60,121–300,None,Internet,Occasionally,No,N/A,3.0,Yes,No,Strongly Disagree,0,3,4,4,0,3,1,1,2.6666666666666665,3,2.9499999999999997,3.0
2026/08/05 07:55:00 AM GMT+3,55+,Prefer not to say,Kinondoni,Employed,Vodacom,3–5 years,"5,000–10,000",11–30,Less than 30,More than 30,Mobile Money,Monthly,Yes,Other,1.0,No,Yes,Neutral,5,2,2,1,3,3,2,2,2.0,2,1.85,2.1999999999999997
2026/08/05 07:58:00 AM GMT+3,55+,Female,Ilala,Self-employed,TTCL,More than 5 years,"20,001–50,000",11–30,More than 300,More than 30,Internet,Weekly,No,Better customer service,1.0,No,Yes,Neutral,5,4,2,5,3,4,3,3,3.3333333333333335,4,3.6499999999999995,2.8
2026/08/05 08:36:00 AM GMT+3,25–34,Female,Temeke,Student,Vodacom,Less than 1 year,"More than 50,000",None,Less than 30,None,SMS,Occasionally,Yes,N/A,3.0,Yes,Yes,Strongly Agree,2,5,0,1,0,1,1,1,0.3333333333333333,5,2.1,1.8000000000000003
2026/08/05 09:24:00 AM GMT+3,45–54,Prefer not to say,Temeke,Student,Airtel,1–2 years,"10,001–20,000",11–30,30–60,1–10,Internet,Daily,No,N/A,5.0,No,No,Strongly Agree,4,3,2,2,1,2,4,4,1.6666666666666667,3,2.4499999999999997,3.2
2026/08/05 10:34:00 AM GMT+3,18–24,Male,Kigamboni,Business owner,Tigo,More than 5 years,"5,000–10,000",31–60,30–60,11–30,Mixed Usage,Daily,No,Better network coverage,4.0,Yes,No,Agree,1,2,3,2,2,4,4,4,2.3333333333333335,2,2.4000000000000004,4.0
2026/08/05 11:08:00 AM GMT+3,35–44,Prefer not to say,Temeke,Self-employed,Halotel,1–2 years,"More than 50,000",None,Less than 30,More than 30,Internet,Occasionally,Yes,Better network coverage,3.0,No,No,Neutral,3,5,0,1,3,2,1,1,1.3333333333333333,5,2.4000000000000004,2.4000000000000004
2026/08/05 12:10:00 PM GMT+3,25–34,Female,Ilala,Self-employed,Vodacom,3–5 years,"10,001–20,000",None,61–120,More than 30,Voice Calls,Occasionally,Yes,Promotions,4.0,Yes,No,Strongly Disagree,2,3,0,3,3,3,1,1,2.0,3,2.2,3.4
2026/08/05 02:05:00 PM GMT+3,25–34,Prefer not to say,Ubungo,Student,Vodacom,3–5 years,"More than 50,000",More than 60,61–120,None,Voice Calls,Monthly,Yes,Better internet,1.0,No,No,Neutral,2,5,4,3,0,3,2,2,2.3333333333333335,5,3.5,2.1999999999999997
2026/08/05 03:54:00 PM GMT+3,18–24,Male,Ubungo,Self-employed,Airtel,Less than 1 year,"Less than TZS 5,000",More than 60,Less than 30,More than 30,SMS,Weekly,Yes,Other,5.0,Yes,No,Neutral,1,1,4,1,3,1,3,3,2.6666666666666665,1,2.0,2.6
2026/08/05 04:30:00 PM GMT+3,25–34,Male,Kigamboni,Student,TTCL,3–5 years,"5,000–10,000",1–10,121–300,More than 30,Mixed Usage,Occasionally,No,Promotions,2.0,No,No,Strongly Agree,2,2,1,4,3,3,1,1,2.6666666666666665,2,2.3,2.5999999999999996
2026/08/05 06:28:00 PM GMT+3,45–54,Male,Kinondoni,Employed,Airtel,Less than 1 year,"Less than TZS 5,000",11–30,121–300,1–10,SMS,Daily,Yes,N/A,3.0,No,No,Strongly Agree,4,1,2,4,1,1,4,4,2.3333333333333335,1,2.25,1.8000000000000003
2026/08/05 06:56:00 PM GMT+3,55+,Prefer not to say,Ubungo,Business owner,Vodacom,1–2 years,"10,001–20,000",1–10,61–120,None,SMS,Weekly,Yes,N/A,3.0,No,Yes,Strongly Disagree,5,3,1,3,0,2,3,3,1.3333333333333333,3,2.3,2.4000000000000004
2026/08/05 07:14:00 PM GMT+3,55+,Male,Kinondoni,Business owner,Vodacom,1–2 years,"5,000–10,000",11–30,Less than 30,1–10,SMS,Occasionally,No,N/A,4.0,Yes,Yes,Strongly Disagree,5,2,2,1,1,2,1,1,1.3333333333333333,2,1.5500000000000003,2.8
2026/08/05 08:16:00 PM GMT+3,Under 18,Male,Ilala,Business owner,TTCL,Less than 1 year,"5,000–10,000",None,61–120,11–30,Mobile Money,Daily,Yes,Lower prices,5.0,Yes,Yes,Neutral,0,2,0,3,2,1,4,4,1.6666666666666667,2,2.0500000000000003,2.6
2026/08/05 10:03:00 PM GMT+3,18–24,Male,Ilala,Student,Halotel,1–2 years,"10,001–20,000",1–10,61–120,11–30,Mixed Usage,Weekly,Yes,N/A,3.0,No,No,Agree,1,3,1,3,2,2,3,3,2.0,3,2.5,2.4000000000000004
2026/08/05 10:20:00 PM GMT+3,25–34,Prefer not to say,Temeke,Employed,Tigo,Less than 1 year,"5,000–10,000",11–30,Less than 30,11–30,Mixed Usage,Monthly,No,Lower prices,5.0,Yes,No,Agree,2,2,2,1,2,1,2,2,1.6666666666666667,2,1.75,2.6
2026/08/06 12:01:00 AM GMT+3,Under 18,Female,Ubungo,Employed,Halotel,1–2 years,"More than 50,000",More than 60,30–60,1–10,Internet,Occasionally,No,Promotions,1.0,No,Yes,Neutral,0,5,4,2,1,2,1,1,2.3333333333333335,5,3.25,1.6
2026/08/06 01:53:00 AM GMT+3,25–34,Male,Kinondoni,Self-employed,Halotel,Less than 1 year,"20,001–50,000",None,121–300,More than 30,Mixed Usage,Occasionally,No,N/A,5.0,Yes,No,Agree,2,4,0,4,3,1,1,1,2.3333333333333335,4,2.8,2.6
2026/08/06 02:56:00 AM GMT+3,18–24,Prefer not to say,Ilala,Self-employed,Vodacom,1–2 years,"10,001–20,000",11–30,Less than 30,11–30,Voice Calls,Weekly,Yes,Better network coverage,3.0,No,Yes,Neutral,1,3,2,1,2,2,3,3,1.6666666666666667,3,2.1999999999999997,2.4000000000000004
2026/08/06 03:14:00 AM GMT+3,18–24,Prefer not to say,Kigamboni,Self-employed,Airtel,Less than 1 year,"5,000–10,000",31–60,More than 300,1–10,Internet,Occasionally,No,N/A,2.0,Yes,Yes,Strongly Agree,1,2,3,5,1,1,1,1,3.0,2,2.75,1.4
2026/08/06 04:02:00 AM GMT+3,35–44,Female,Kigamboni,Unemployed,Tigo,3–5 years,"5,000–10,000",1–10,61–120,11–30,Mixed Usage,Daily,Yes,N/A,3.0,Yes,No,Agree,3,2,1,3,2,3,4,4,2.0,2,2.25,3.0
2026/08/06 05:41:00 AM GMT+3,Under 18,Male,Ubungo,Unemployed,Vodacom,1–2 years,"5,000–10,000",31–60,121–300,More than 30,Voice Calls,Occasionally,No,Lower prices,1.0,Yes,Yes,Strongly Disagree,0,2,3,4,3,2,1,1,3.3333333333333335,2,2.7,1.6
2026/08/06 06:29:00 AM GMT+3,Under 18,Prefer not to say,Ubungo,Student,Halotel,1–2 years,"10,001–20,000",31–60,30–60,11–30,Voice Calls,Weekly,Yes,N/A,2.0,Yes,Yes,Agree,0,3,3,2,2,2,3,3,2.3333333333333335,3,2.6500000000000004,2.0
2026/08/06 07:37:00 AM GMT+3,45–54,Female,Temeke,Employed,TTCL,1–2 years,"5,000–10,000",11–30,61–120,1–10,Internet,Occasionally,No,N/A,1.0,Yes,No,Neutral,4,2,2,3,1,2,1,1,2.0,2,2.0500000000000003,1.6
2026/08/06 09:37:00 AM GMT+3,45–54,Female,Temeke,Unemployed,Airtel,More than 5 years,"Less than TZS 5,000",More than 60,30–60,1–10,Internet,Daily,Yes,Better internet,2.0,Yes,No,Strongly Agree,4,1,4,2,1,4,4,4,2.3333333333333335,1,2.15,3.2
2026/08/06 10:40:00 AM GMT+3,Under 18,Prefer not to say,Temeke,Employed,TTCL,1–2 years,"5,000–10,000",11–30,121–300,1–10,Voice Calls,Monthly,No,Better customer service,2.0,Yes,No,Neutral,0,2,2,4,1,2,2,2,2.3333333333333335,2,2.4000000000000004,2.0
2026/08/06 11:46:00 AM GMT+3,55+,Prefer not to say,Temeke,Student,Airtel,More than 5 years,"5,000–10,000",1–10,Less than 30,1–10,SMS,Monthly,No,N/A,3.0,Yes,Yes,Strongly Agree,5,2,1,1,1,4,2,2,1.0,2,1.45,3.6
2026/08/06 01:32:00 PM GMT+3,35–44,Female,Temeke,Business owner,Halotel,1–2 years,"20,001–50,000",None,Less than 30,None,Voice Calls,Monthly,No,Better internet,1.0,No,Yes,Strongly Agree,3,4,0,1,0,2,2,2,0.3333333333333333,4,1.8499999999999999,1.6
2026/08/06 03:10:00 PM GMT+3,45–54,Male,Ubungo,Unemployed,Airtel,More than 5 years,"20,001–50,000",More than 60,121–300,More than 30,Internet,Occasionally,No,N/A,5.0,No,Yes,Strongly Agree,4,4,4,4,3,4,1,1,3.6666666666666665,4,3.6000000000000005,4.4
2026/08/06 03:20:00 PM GMT+3,Under 18,Prefer not to say,Ilala,Student,Halotel,3–5 years,"20,001–50,000",11–30,30–60,More than 30,Voice Calls,Monthly,Yes,N/A,2.0,No,No,Agree,0,4,2,2,3,3,2,2,2.3333333333333335,4,2.8,2.5999999999999996
2026/08/06 04:36:00 PM GMT+3,Under 18,Prefer not to say,Kigamboni,Business owner,Tigo,Less than 1 year,"10,001–20,000",None,121–300,11–30,Mixed Usage,Monthly,No,Promotions,4.0,No,No,Neutral,0,3,0,4,2,1,2,2,2.0,3,2.45,2.2
2026/08/06 06:26:00 PM GMT+3,35–44,Male,Ilala,Unemployed,Tigo,More than 5 years,"Less than TZS 5,000",31–60,More than 300,1–10,SMS,Weekly,Yes,Lower prices,2.0,No,Yes,Agree,3,1,3,5,1,4,3,3,3.0,1,2.6,3.2
2026/08/06 07:08:00 PM GMT+3,35–44,Prefer not to say,Ilala,Student,Tigo,3–5 years,"Less than TZS 5,000",11–30,Less than 30,11–30,Internet,Monthly,No,N/A,3.0,Yes,No,Strongly Agree,3,1,2,1,2,3,2,2,1.6666666666666667,1,1.4,3.0
2026/08/06 08:18:00 PM GMT+3,45–54,Prefer not to say,Kinondoni,Self-employed,Airtel,3–5 years,"10,001–20,000",More than 60,61–120,More than 30,Mixed Usage,Daily,No,Promotions,5.0,Yes,Yes,Agree,4,3,4,3,3,3,4,4,3.3333333333333335,3,3.3,3.8
2026/08/06 08:31:00 PM GMT+3,45–54,Prefer not to say,Temeke,Self-employed,Tigo,Less than 1 year,"20,001–50,000",None,More than 300,None,SMS,Occasionally,Yes,N/A,3.0,Yes,No,Neutral,4,4,0,5,0,1,1,1,1.6666666666666667,4,2.75,1.8000000000000003
2026/08/06 09:54:00 PM GMT+3,35–44,Prefer not to say,Ilala,Student,TTCL,Less than 1 year,"Less than TZS 5,000",11–30,More than 300,11–30,Mixed Usage,Occasionally,No,Promotions,3.0,No,Yes,Strongly Agree,3,1,2,5,2,1,1,1,3.0,1,2.3000000000000003,1.8000000000000003
2026/08/06 10:21:00 PM GMT+3,55+,Male,Kigamboni,Employed,Vodacom,3–5 years,"More than 50,000",More than 60,30–60,More than 30,Mixed Usage,Weekly,Yes,Better network coverage,2.0,Yes,No,Neutral,5,5,4,2,3,3,3,3,3.0,5,3.6499999999999995,2.5999999999999996
2026/08/06 10:41:00 PM GMT+3,35–44,Prefer not to say,Temeke,Self-employed,TTCL,Less than 1 year,"5,000–10,000",1–10,30–60,None,Internet,Occasionally,No,N/A,1.0,No,Yes,Strongly Agree,3,2,1,2,0,1,1,1,1.0,2,1.5,1.0
2026/08/07 12:06:00 AM GMT+3,35–44,Prefer not to say,Kinondoni,Business owner,Vodacom,Less than 1 year,"5,000–10,000",11–30,Less than 30,11–30,SMS,Monthly,No,N/A,5.0,Yes,Yes,Neutral,3,2,2,1,2,1,2,2,1.6666666666666667,2,1.75,2.6
2026/08/07 01:56:00 AM GMT+3,55+,Male,Ubungo,Unemployed,Airtel,1–2 years,"20,001–50,000",More than 60,Less than 30,1–10,Voice Calls,Monthly,No,N/A,2.0,Yes,No,Neutral,5,4,4,1,1,2,2,2,2.0,4,2.7500000000000004,2.0
2026/08/07 02:02:00 AM GMT+3,35–44,Female,Ilala,Employed,Tigo,1–2 years,"10,001–20,000",31–60,Less than 30,1–10,Mobile Money,Monthly,Yes,N/A,2.0,No,No,Neutral,3,3,3,1,1,2,2,2,1.6666666666666667,3,2.2,2.0
2026/08/07 03:33:00 AM GMT+3,18–24,Prefer not to say,Kinondoni,Unemployed,Airtel,1–2 years,"10,001–20,000",31–60,61–120,None,Voice Calls,Occasionally,No,N/A,2.0,Yes,Yes,Strongly Disagree,1,3,3,3,0,2,1,1,2.0,3,2.5,2.0
2026/08/07 04:23:00 AM GMT+3,45–54,Female,Kigamboni,Self-employed,Vodacom,Less than 1 year,"Less than TZS 5,000",31–60,Less than 30,More than 30,SMS,Daily,No,Better customer service,3.0,No,Yes,Agree,4,1,3,1,3,1,4,4,2.3333333333333335,1,1.9000000000000001,1.8000000000000003
2026/08/07 05:01:00 AM GMT+3,55+,Female,Kigamboni,Business owner,Halotel,3–5 years,"20,001–50,000",1–10,Less than 30,1–10,Mobile Money,Daily,Yes,Better network coverage,2.0,No,No,Agree,5,4,1,1,1,3,4,4,1.0,4,2.35,2.5999999999999996
2026/08/07 05:54:00 AM GMT+3,Under 18,Male,Temeke,Self-employed,Airtel,More than 5 years,"Less than TZS 5,000",1–10,More than 300,11–30,Mixed Usage,Occasionally,Yes,Better network coverage,2.0,Yes,Yes,Agree,0,1,1,5,2,4,1,1,2.6666666666666665,1,2.1,3.2
2026/08/07 07:11:00 AM GMT+3,45–54,Male,Kigamboni,Self-employed,Tigo,1–2 years,"More than 50,000",31–60,Less than 30,11–30,Voice Calls,Monthly,No,N/A,5.0,Yes,No,Strongly Disagree,4,5,3,1,2,2,2,2,2.0,5,3.0000000000000004,3.2
2026/08/07 08:54:00 AM GMT+3,35–44,Female,Temeke,Unemployed,Vodacom,1–2 years,"Less than TZS 5,000",More than 60,121–300,More than 30,Mixed Usage,Monthly,No,N/A,4.0,No,Yes,Strongly Disagree,3,1,4,4,3,2,2,2,3.6666666666666665,1,2.6500000000000004,2.8
2026/08/07 09:32:00 AM GMT+3,Under 18,Prefer not to say,Ilala,Unemployed,Tigo,3–5 years,"20,001–50,000",None,30–60,1–10,Mixed Usage,Occasionally,Yes,N/A,5.0,Yes,No,Agree,0,4,0,2,1,3,1,1,1.0,4,2.1,3.8
2026/08/07 11:20:00 AM GMT+3,25–34,Prefer not to say,Ilala,Employed,Halotel,Less than 1 year,"5,000–10,000",None,61–120,More than 30,Internet,Daily,Yes,N/A,2.0,No,No,Agree,2,2,0,3,3,1,4,4,2.0,2,2.1500000000000004,1.4
2026/08/07 11:34:00 AM GMT+3,45–54,Male,Ilala,Business owner,TTCL,1–2 years,"More than 50,000",None,30–60,More than 30,Mobile Money,Monthly,No,N/A,4.0,Yes,No,Neutral,4,5,0,2,3,2,2,2,1.6666666666666667,5,2.75,2.8
2026/08/07 12:59:00 PM GMT+3,18–24,Male,Kigamboni,Self-employed,Airtel,Less than 1 year,"20,001–50,000",None,121–300,More than 30,Voice Calls,Occasionally,Yes,N/A,2.0,Yes,No,Agree,1,4,0,4,3,1,1,1,2.3333333333333335,4,2.8,1.4
2026/08/07 02:08:00 PM GMT+3,35–44,Prefer not to say,Kinondoni,Employed,Vodacom,More than 5 years,"More than 50,000",None,121–300,11–30,Voice Calls,Monthly,Yes,Better network coverage,3.0,Yes,No,Strongly Disagree,3,5,0,4,2,4,2,2,2.0,5,3.1500000000000004,3.6
2026/08/07 02:36:00 PM GMT+3,25–34,Female,Ubungo,Employed,Airtel,3–5 years,"5,000–10,000",None,More than 300,None,Mixed Usage,Monthly,Yes,Better customer service,1.0,Yes,No,Neutral,2,2,0,5,0,3,2,2,1.6666666666666667,2,2.15,2.1999999999999997
2026/08/07 03:42:00 PM GMT+3,45–54,Female,Ubungo,Self-employed,Tigo,Less than 1 year,"5,000–10,000",31–60,121–300,11–30,Mixed Usage,Weekly,No,N/A,3.0,No,Yes,Strongly Agree,4,2,3,4,2,1,3,3,3.0,2,2.8,1.8000000000000003
2026/08/07 05:00:00 PM GMT+3,Under 18,Male,Kigamboni,Student,TTCL,1–2 years,"20,001–50,000",31–60,More than 300,1–10,Mixed Usage,Monthly,Yes,Other,5.0,Yes,Yes,Agree,0,4,3,5,1,2,2,2,3.0,4,3.5500000000000003,3.2
2026/08/07 05:38:00 PM GMT+3,45–54,Female,Kinondoni,Self-employed,Airtel,Less than 1 year,"Less than TZS 5,000",11–30,121–300,1–10,Mobile Money,Weekly,Yes,Better network coverage,4.0,Yes,Yes,Neutral,4,1,2,4,1,1,3,3,2.3333333333333335,1,2.15,2.2
2026/08/07 06:13:00 PM GMT+3,25–34,Male,Temeke,Self-employed,Tigo,3–5 years,"10,001–20,000",11–30,More than 300,11–30,Mixed Usage,Daily,No,N/A,2.0,No,No,Strongly Disagree,2,3,2,5,2,3,4,4,3.0,3,3.3,2.5999999999999996
2026/08/07 06:39:00 PM GMT+3,45–54,Prefer not to say,Ilala,Business owner,Tigo,More than 5 years,"5,000–10,000",More than 60,30–60,More than 30,Voice Calls,Daily,Yes,Better network coverage,5.0,No,Yes,Neutral,4,2,4,2,3,4,4,4,3.0,2,2.7,4.4
2026/08/07 08:11:00 PM GMT+3,55+,Prefer not to say,Kinondoni,Employed,Airtel,3–5 years,"Less than TZS 5,000",More than 60,Less than 30,11–30,SMS,Monthly,Yes,N/A,3.0,Yes,No,Strongly Disagree,5,1,4,1,2,3,2,2,2.3333333333333335,1,1.7999999999999998,3.0
2026/08/07 09:07:00 PM GMT+3,35–44,Female,Ilala,Self-employed,Airtel,More than 5 years,"10,001–20,000",None,30–60,11–30,Mobile Money,Daily,No,Better network coverage,2.0,No,No,Strongly Agree,3,3,0,2,2,4,4,4,1.3333333333333333,3,2.15,3.2
2026/08/07 09:44:00 PM GMT+3,55+,Prefer not to say,Ubungo,Unemployed,Vodacom,Less than 1 year,"More than 50,000",None,Less than 30,More than 30,Voice Calls,Monthly,No,Better internet,2.0,Yes,No,Agree,5,5,0,1,3,1,2,2,1.3333333333333333,5,2.5,1.4
2026/08/07 10:27:00 PM GMT+3,18–24,Prefer not to say,Ilala,Student,Airtel,3–5 years,"5,000–10,000",31–60,121–300,None,Mobile Money,Daily,Yes,Other,1.0,No,Yes,Strongly Agree,1,2,3,4,0,3,4,4,2.3333333333333335,2,2.6999999999999997,2.1999999999999997
2026/08/07 11:51:00 PM GMT+3,25–34,Prefer not to say,Ubungo,Student,Vodacom,Less than 1 year,"20,001–50,000",1–10,121–300,1–10,Voice Calls,Monthly,No,Better network coverage,5.0,No,Yes,Agree,2,4,1,4,1,1,2,2,2.0,4,2.9000000000000004,2.6
2026/08/08 01:29:00 AM GMT+3,Under 18,Male,Ubungo,Unemployed,Halotel,3–5 years,"Less than TZS 5,000",None,Less than 30,None,SMS,Weekly,No,Promotions,3.0,Yes,Yes,Strongly Disagree,0,1,0,1,0,3,3,3,0.3333333333333333,1,0.9,3.0
2026/08/08 03:16:00 AM GMT+3,Under 18,Male,Ubungo,Employed,Halotel,More than 5 years,"More than 50,000",31–60,121–300,More than 30,Internet,Occasionally,Yes,N/A,2.0,No,No,Strongly Agree,0,5,3,4,3,4,1,1,3.3333333333333335,5,3.75,3.2
2026/08/08 03:27:00 AM GMT+3,55+,Prefer not to say,Ubungo,Business owner,Tigo,1–2 years,"10,001–20,000",31–60,61–120,11–30,Voice Calls,Weekly,No,Better internet,2.0,No,Yes,Strongly Agree,5,3,3,3,2,2,3,3,2.6666666666666665,3,2.9000000000000004,2.0
2026/08/08 05:25:00 AM GMT+3,55+,Prefer not to say,Kinondoni,Employed,Airtel,Less than 1 year,"20,001–50,000",None,30–60,None,SMS,Daily,Yes,N/A,3.0,Yes,No,Neutral,5,4,0,2,0,1,4,4,0.6666666666666666,4,2.3,1.8000000000000003
2026/08/08 05:40:00 AM GMT+3,35–44,Male,Kigamboni,Employed,Halotel,3–5 years,"More than 50,000",11–30,Less than 30,More than 30,Mobile Money,Weekly,Yes,N/A,5.0,Yes,No,Agree,3,5,2,1,3,3,3,3,2.0,5,3.0,3.8
2026/08/08 07:21:00 AM GMT+3,45–54,Prefer not to say,Ilala,Self-employed,Tigo,More than 5 years,"20,001–50,000",1–10,121–300,More than 30,Mobile Money,Daily,No,Better customer service,1.0,No,No,Strongly Disagree,4,4,1,4,3,4,4,4,2.6666666666666665,4,3.3,2.8
2026/08/08 09:12:00 AM GMT+3,Under 18,Prefer not to say,Ilala,Employed,Tigo,1–2 years,"Less than TZS 5,000",31–60,30–60,1–10,Voice Calls,Monthly,No,Better internet,4.0,Yes,No,Neutral,0,1,3,2,1,2,2,2,2.0,1,1.7500000000000002,2.8
2026/08/08 09:59:00 AM GMT+3,45–54,Male,Temeke,Business owner,Vodacom,More than 5 years,"More than 50,000",More than 60,Less than 30,1–10,Voice Calls,Weekly,No,Lower prices,5.0,No,No,Neutral,4,5,4,1,1,4,3,3,2.0,5,3.1999999999999997,4.4
2026/08/08 11:12:00 AM GMT+3,45–54,Male,Ubungo,Business owner,Vodacom,More than 5 years,"Less than TZS 5,000",1–10,Less than 30,1–10,Mobile Money,Monthly,No,Promotions,3.0,Yes,No,Agree,4,1,1,1,1,4,2,2,1.0,1,1.1,3.6
2026/08/08 11:48:00 AM GMT+3,18–24,Female,Ilala,Self-employed,Halotel,Less than 1 year,"More than 50,000",11–30,Less than 30,None,Mixed Usage,Monthly,Yes,Better network coverage,5.0,No,Yes,Agree,1,5,2,1,0,1,2,2,1.0,5,2.6,2.6
2026/08/08 12:33:00 PM GMT+3,55+,Male,Ubungo,Self-employed,Airtel,More than 5 years,"10,001–20,000",11–30,Less than 30,None,Internet,Monthly,Yes,N/A,1.0,No,Yes,Strongly Agree,5,3,2,1,0,4,2,2,1.0,3,1.8999999999999997,2.8
2026/08/08 01:04:00 PM GMT+3,45–54,Prefer not to say,Kigamboni,Student,Tigo,More than 5 years,"20,001–50,000",None,30–60,11–30,Mixed Usage,Monthly,Yes,N/A,3.0,No,Yes,Strongly Agree,4,4,0,2,2,4,2,2,1.3333333333333333,4,2.3000000000000003,3.6
2026/08/08 02:58:00 PM GMT+3,35–44,Prefer not to say,Ilala,Student,Tigo,1–2 years,"5,000–10,000",1–10,Less than 30,1–10,Mobile Money,Daily,Yes,Better customer service,3.0,Yes,No,Agree,3,2,1,1,1,2,4,4,1.0,2,1.65,2.4000000000000004
2026/08/08 03:21:00 PM GMT+3,18–24,Female,Ubungo,Business owner,Vodacom,3–5 years,"Less than TZS 5,000",1–10,Less than 30,1–10,Voice Calls,Occasionally,Yes,Other,4.0,No,Yes,Agree,1,1,1,1,1,3,1,1,1.0,1,1.0,3.4
2026/08/08 04:38:00 PM GMT+3,35–44,Female,Ilala,Unemployed,Vodacom,3–5 years,"Less than TZS 5,000",1–10,More than 300,None,Mobile Money,Weekly,Yes,Better customer service,5.0,Yes,Yes,Agree,3,1,1,5,0,3,3,3,2.0,1,2.1,3.8
2026/08/08 05:01:00 PM GMT+3,25–34,Prefer not to say,Ubungo,Self-employed,Tigo,3–5 years,"More than 50,000",11–30,61–120,More than 30,SMS,Daily,Yes,Other,5.0,No,No,Strongly Agree,2,5,2,3,3,3,4,4,2.6666666666666665,5,3.5999999999999996,3.8
2026/08/08 06:47:00 PM GMT+3,35–44,Male,Kinondoni,Employed,Vodacom,3–5 years,"10,001–20,000",11–30,121–300,None,Mobile Money,Daily,Yes,N/A,5.0,Yes,Yes,Strongly Agree,3,3,2,4,0,3,4,4,2.0,3,2.8499999999999996,3.8
2026/08/08 08:43:00 PM GMT+3,45–54,Male,Ilala,Business owner,Vodacom,More than 5 years,"10,001–20,000",1–10,121–300,1–10,Internet,Daily,Yes,Better internet,5.0,Yes,No,Agree,4,3,1,4,1,4,4,4,2.0,3,2.75,4.4
2026/08/08 10:30:00 PM GMT+3,18–24,Male,Kigamboni,Student,Tigo,More than 5 years,"Less than TZS 5,000",31–60,121–300,None,SMS,Occasionally,No,N/A,1.0,Yes,No,Neutral,1,1,3,4,0,4,1,1,2.3333333333333335,1,2.0500000000000003,2.8
2026/08/09 12:09:00 AM GMT+3,18–24,Prefer not to say,Kigamboni,Unemployed,Halotel,1–2 years,"10,001–20,000",11–30,Less than 30,None,Internet,Occasionally,Yes,Better internet,3.0,No,Yes,Neutral,1,3,2,1,0,2,1,1,1.0,3,1.7999999999999998,2.4000000000000004
2026/08/09 01:02:00 AM GMT+3,55+,Female,Kinondoni,Unemployed,Vodacom,More than 5 years,"10,001–20,000",More than 60,Less than 30,None,Mixed Usage,Monthly,Yes,Better customer service,3.0,No,Yes,Strongly Agree,5,3,4,1,0,4,2,2,1.6666666666666667,3,2.3,3.6
2026/08/09 01:56:00 AM GMT+3,Under 18,Female,Ilala,Employed,Halotel,3–5 years,"More than 50,000",31–60,61–120,11–30,Mixed Usage,Monthly,No,Other,5.0,Yes,Yes,Strongly Disagree,0,5,3,3,2,3,2,2,2.6666666666666665,5,3.5000000000000004,3.8
2026/08/09 02:32:00 AM GMT+3,45–54,Female,Temeke,Self-employed,Tigo,3–5 years,"Less than TZS 5,000",More than 60,Less than 30,None,Voice Calls,Daily,No,Better network coverage,4.0,Yes,No,Strongly Disagree,4,1,4,1,0,3,4,4,1.6666666666666667,1,1.7999999999999998,3.4
2026/08/09 04:02:00 AM GMT+3,25–34,Prefer not to say,Temeke,Business owner,Vodacom,3–5 years,"5,000–10,000",More than 60,121–300,1–10,SMS,Daily,Yes,N/A,3.0,No,No,Neutral,2,2,4,4,1,3,4,4,3.0,2,3.0,3.0
2026/08/09 05:39:00 AM GMT+3,55+,Female,Kinondoni,Self-employed,Halotel,1–2 years,"20,001–50,000",None,30–60,More than 30,SMS,Weekly,No,N/A,1.0,No,No,Strongly Disagree,5,4,0,2,3,2,3,3,1.6666666666666667,4,2.5,1.6
2026/08/09 05:44:00 AM GMT+3,25–34,Prefer not to say,Kigamboni,Business owner,Halotel,Less than 1 year,"Less than TZS 5,000",None,61–120,1–10,Mixed Usage,Weekly,No,N/A,3.0,No,No,Strongly Agree,2,1,0,3,1,1,3,3,1.3333333333333333,1,1.5000000000000002,1.8000000000000003
2026/08/09 07:25:00 AM GMT+3,45–54,Female,Temeke,Business owner,Halotel,1–2 years,"Less than TZS 5,000",More than 60,Less than 30,More than 30,Mixed Usage,Occasionally,No,Better network coverage,4.0,Yes,Yes,Agree,4,1,4,1,3,2,1,1,2.6666666666666665,1,1.8,2.8
2026/08/09 07:40:00 AM GMT+3,45–54,Male,Ilala,Unemployed,Airtel,Less than 1 year,"Less than TZS 5,000",31–60,121–300,1–10,Mobile Money,Occasionally,No,N/A,1.0,Yes,Yes,Strongly Agree,4,1,3,4,1,1,1,1,2.6666666666666665,1,2.1500000000000004,1.0
2026/08/09 07:53:00 AM GMT+3,35–44,Prefer not to say,Kigamboni,Unemployed,Tigo,1–2 years,"More than 50,000",More than 60,30–60,11–30,Mixed Usage,Monthly,Yes,Better customer service,4.0,Yes,Yes,Neutral,3,5,4,2,2,2,2,2,2.6666666666666665,5,3.45,2.8
2026/08/09 08:46:00 AM GMT+3,Under 18,Female,Temeke,Business owner,Airtel,More than 5 years,"20,001–50,000",None,121–300,More than 30,Mixed Usage,Daily,No,Other,5.0,No,Yes,Strongly Disagree,0,4,0,4,3,4,4,4,2.3333333333333335,4,3.0999999999999996,4.4
2026/08/09 10:31:00 AM GMT+3,Under 18,Female,Kigamboni,Business owner,Halotel,More than 5 years,"More than 50,000",11–30,More than 300,More than 30,Mixed Usage,Occasionally,No,Other,2.0,Yes,Yes,Strongly Disagree,0,5,2,5,3,4,1,1,3.3333333333333335,5,3.8,3.2
2026/08/09 12:18:00 PM GMT+3,25–34,Prefer not to say,Kigamboni,Student,Halotel,1–2 years,"5,000–10,000",None,121–300,More than 30,Voice Calls,Occasionally,No,Promotions,4.0,No,Yes,Neutral,2,2,0,4,3,2,1,1,2.3333333333333335,2,2.1,2.8
2026/08/09 01:40:00 PM GMT+3,18–24,Male,Ubungo,Unemployed,Airtel,1–2 years,"Less than TZS 5,000",11–30,30–60,11–30,Mixed Usage,Weekly,No,Better customer service,2.0,No,No,Strongly Agree,1,1,2,2,2,2,3,3,2.0,1,1.75,2.0
2026/08/09 01:56:00 PM GMT+3,Under 18,Female,Temeke,Self-employed,Airtel,More than 5 years,"10,001–20,000",None,More than 300,11–30,Internet,Daily,No,Promotions,4.0,Yes,Yes,Neutral,0,3,0,5,2,4,4,4,2.3333333333333335,3,2.9,4.0
2026/08/09 02:35:00 PM GMT+3,18–24,Prefer not to say,Kigamboni,Student,Vodacom,1–2 years,"5,000–10,000",11–30,61–120,1–10,Mixed Usage,Daily,Yes,Lower prices,2.0,Yes,Yes,Strongly Agree,1,2,2,3,1,2,4,4,2.0,2,2.35,2.0
2026/08/09 02:57:00 PM GMT+3,25–34,Female,Kigamboni,Unemployed,Tigo,Less than 1 year,"Less than TZS 5,000",More than 60,121–300,More than 30,Internet,Weekly,Yes,Better customer service,3.0,Yes,Yes,Neutral,2,1,4,4,3,1,3,3,3.6666666666666665,1,2.75,1.8000000000000003
2026/08/09 03:55:00 PM GMT+3,55+,Female,Ubungo,Business owner,Tigo,Less than 1 year,"More than 50,000",11–30,30–60,11–30,SMS,Monthly,Yes,N/A,3.0,Yes,Yes,Strongly Agree,5,5,2,2,2,1,2,2,2.0,5,3.0500000000000003,1.8000000000000003
2026/08/09 04:56:00 PM GMT+3,45–54,Female,Kinondoni,Unemployed,Vodacom,1–2 years,"More than 50,000",1–10,Less than 30,None,SMS,Daily,No,N/A,2.0,No,No,Neutral,4,5,1,1,0,2,4,4,0.6666666666666666,5,2.6,2.0
2026/08/09 06:53:00 PM GMT+3,35–44,Male,Kigamboni,Unemployed,Airtel,More than 5 years,"20,001–50,000",None,Less than 30,More than 30,Internet,Daily,Yes,Better internet,4.0,No,Yes,Strongly Disagree,3,4,0,1,3,4,4,4,1.3333333333333333,4,2.3499999999999996,4.0
2026/08/09 07:12:00 PM GMT+3,35–44,Male,Ubungo,Self-employed,Halotel,Less than 1 year,"Less than TZS 5,000",More than 60,More than 300,More than 30,Internet,Monthly,No,N/A,1.0,No,No,Strongly Agree,3,1,4,5,3,1,2,2,4.0,1,2.9000000000000004,1.0
2026/08/09 07:44:00 PM GMT+3,Under 18,Female,Kinondoni,Unemployed,TTCL,Less than 1 year,"Less than TZS 5,000",1–10,More than 300,11–30,Mixed Usage,Monthly,No,N/A,4.0,Yes,No,Neutral,0,1,1,5,2,1,2,2,2.6666666666666665,1,2.2,2.2
2026/08/09 09:43:00 PM GMT+3,55+,Prefer not to say,Ubungo,Business owner,Airtel,Less than 1 year,"More than 50,000",None,121–300,1–10,Mixed Usage,Occasionally,No,Better network coverage,5.0,Yes,Yes,Strongly Disagree,5,5,0,4,1,1,1,1,1.6666666666666667,5,2.95,2.6
2026/08/09 11:16:00 PM GMT+3,55+,Prefer not to say,Ilala,Self-employed,Airtel,Less than 1 year,"20,001–50,000",31–60,More than 300,11–30,Mixed Usage,Monthly,Yes,N/A,1.0,Yes,Yes,Neutral,5,4,3,5,2,1,2,2,3.3333333333333335,4,3.6500000000000004,1.0
2026/08/10 12:13:00 AM GMT+3,45–54,Male,Kigamboni,Employed,Airtel,Less than 1 year,"20,001–50,000",1–10,30–60,More than 30,Mixed Usage,Occasionally,Yes,N/A,5.0,No,Yes,Agree,4,4,1,2,3,1,1,1,2.0,4,2.5,2.6
2026/08/10 01:54:00 AM GMT+3,18–24,Female,Ubungo,Business owner,Halotel,More than 5 years,"Less than TZS 5,000",31–60,Less than 30,1–10,Internet,Occasionally,No,Promotions,5.0,Yes,No,Neutral,1,1,3,1,1,4,1,1,1.6666666666666667,1,1.4000000000000004,4.4
2026/08/10 02:59:00 AM GMT+3,35–44,Prefer not to say,Ubungo,Employed,TTCL,1–2 years,"20,001–50,000",31–60,Less than 30,More than 30,SMS,Daily,Yes,Promotions,3.0,Yes,Yes,Neutral,3,4,3,1,3,2,4,4,2.3333333333333335,4,2.95,2.4000000000000004
2026/08/10 03:09:00 AM GMT+3,18–24,Prefer not to say,Ilala,Unemployed,TTCL,1–2 years,"Less than TZS 5,000",None,Less than 30,1–10,Voice Calls,Monthly,No,Other,1.0,Yes,Yes,Neutral,1,1,0,1,1,2,2,2,0.6666666666666666,1,0.9,1.6
2026/08/10 04:51:00 AM GMT+3,55+,Prefer not to say,Ubungo,Student,TTCL,1–2 years,"Less than TZS 5,000",11–30,30–60,11–30,Mobile Money,Weekly,Yes,N/A,2.0,Yes,Yes,Strongly Disagree,5,1,2,2,2,2,3,3,2.0,1,1.75,2.0
2026/08/10 05:52:00 AM GMT+3,25–34,Female,Ubungo,Unemployed,Airtel,3–5 years,"10,001–20,000",31–60,121–300,1–10,SMS,Monthly,No,Better network coverage,1.0,Yes,Yes,Strongly Disagree,2,3,3,4,1,3,2,2,2.6666666666666665,3,2.95,2.1999999999999997
2026/08/10 07:19:00 AM GMT+3,45–54,Prefer not to say,Kinondoni,Student,Vodacom,More than 5 years,"More than 50,000",11–30,Less than 30,More than 30,SMS,Occasionally,Yes,N/A,5.0,No,No,Neutral,4,5,2,1,3,4,1,1,2.0,5,2.8,4.4
2026/08/10 07:42:00 AM GMT+3,18–24,Prefer not to say,Kinondoni,Unemployed,Airtel,More than 5 years,"20,001–50,000",More than 60,61–120,None,Internet,Daily,No,Promotions,2.0,Yes,No,Strongly Agree,1,4,4,3,0,4,4,4,2.3333333333333335,4,3.35,3.2
2026/08/10 08:25:00 AM GMT+3,25–34,Female,Temeke,Employed,Tigo,1–2 years,"More than 50,000",1–10,More than 300,1–10,Mixed Usage,Weekly,Yes,N/A,3.0,No,Yes,Agree,2,5,1,5,1,2,3,3,2.3333333333333335,5,3.6,2.4000000000000004
2026/08/10 08:44:00 AM GMT+3,18–24,Female,Ilala,Self-employed,Airtel,3–5 years,"Less than TZS 5,000",11–30,30–60,11–30,Mobile Money,Monthly,No,N/A,4.0,Yes,No,Strongly Agree,1,1,2,2,2,3,2,2,2.0,1,1.65,3.4
2026/08/10 09:03:00 AM GMT+3,35–44,Female,Ubungo,Unemployed,Halotel,3–5 years,"Less than TZS 5,000",1–10,30–60,1–10,SMS,Occasionally,Yes,Lower prices,3.0,No,Yes,Strongly Disagree,3,1,1,2,1,3,1,1,1.3333333333333333,1,1.2500000000000002,3.0
2026/08/10 09:53:00 AM GMT+3,55+,Female,Kigamboni,Unemployed,Airtel,Less than 1 year,"20,001–50,000",None,30–60,11–30,Mixed Usage,Monthly,Yes,N/A,4.0,Yes,Yes,Neutral,5,4,0,2,2,1,2,2,1.3333333333333333,4,2.3000000000000003,2.2
2026/08/10 10:23:00 AM GMT+3,18–24,Prefer not to say,Temeke,Self-employed,Tigo,3–5 years,"10,001–20,000",11–30,Less than 30,None,SMS,Weekly,No,Better customer service,1.0,No,Yes,Strongly Agree,1,3,2,1,0,3,3,3,1.0,3,1.9999999999999998,2.1999999999999997
2026/08/10 10:43:00 AM GMT+3,35–44,Male,Ilala,Employed,Tigo,3–5 years,"More than 50,000",11–30,121–300,More than 30,Internet,Occasionally,No,N/A,3.0,Yes,No,Strongly Agree,3,5,2,4,3,3,1,1,3.0,5,3.55,3.0
2026/08/10 11:27:00 AM GMT+3,45–54,Male,Ilala,Unemployed,Vodacom,More than 5 years,"5,000–10,000",11–30,More than 300,None,Internet,Monthly,Yes,Better customer service,2.0,Yes,Yes,Agree,4,2,2,5,0,4,2,2,2.3333333333333335,2,2.5500000000000003,3.2
2026/08/10 01:14:00 PM GMT+3,45–54,Prefer not to say,Ubungo,Business owner,Tigo,1–2 years,"Less than TZS 5,000",More than 60,30–60,More than 30,Internet,Occasionally,Yes,N/A,1.0,Yes,Yes,Strongly Disagree,4,1,4,2,3,2,1,1,3.0,1,2.05,1.6
2026/08/10 01:22:00 PM GMT+3,35–44,Female,Temeke,Student,Tigo,Less than 1 year,"5,000–10,000",31–60,121–300,None,SMS,Weekly,No,Other,1.0,Yes,Yes,Neutral,3,2,3,4,0,1,3,3,2.3333333333333335,2,2.5999999999999996,1.0
2026/08/10 02:02:00 PM GMT+3,45–54,Prefer not to say,Ubungo,Student,Halotel,1–2 years,"Less than TZS 5,000",More than 60,61–120,None,Voice Calls,Daily,No,Lower prices,3.0,Yes,Yes,Strongly Agree,4,1,4,3,0,2,4,4,2.3333333333333335,1,2.3000000000000003,2.4000000000000004
2026/08/10 03:23:00 PM GMT+3,Under 18,Male,Kinondoni,Unemployed,TTCL,3–5 years,"5,000–10,000",11–30,61–120,None,Internet,Monthly,No,N/A,4.0,No,No,Agree,0,2,2,3,0,3,2,2,1.6666666666666667,2,2.0500000000000003,3.4
2026/08/10 04:33:00 PM GMT+3,18–24,Male,Temeke,Unemployed,TTCL,3–5 years,"More than 50,000",None,121–300,1–10,Mixed Usage,Weekly,No,N/A,5.0,Yes,Yes,Strongly Agree,1,5,0,4,1,3,3,3,1.6666666666666667,5,3.15,3.8
2026/08/10 05:12:00 PM GMT+3,55+,Female,Kigamboni,Self-employed,TTCL,Less than 1 year,"5,000–10,000",31–60,121–300,1–10,Mobile Money,Occasionally,No,N/A,3.0,Yes,No,Strongly Disagree,5,2,3,4,1,1,1,1,2.6666666666666665,2,2.5,1.8000000000000003
2026/08/10 05:50:00 PM GMT+3,55+,Male,Ilala,Student,TTCL,3–5 years,"5,000–10,000",11–30,121–300,1–10,Voice Calls,Daily,No,Better internet,1.0,No,No,Neutral,5,2,2,4,1,3,4,4,2.3333333333333335,2,2.6,2.1999999999999997
2026/08/10 06:01:00 PM GMT+3,35–44,Prefer not to say,Temeke,Unemployed,Airtel,3–5 years,"10,001–20,000",More than 60,61–120,More than 30,SMS,Occasionally,No,Lower prices,1.0,Yes,Yes,Agree,3,3,4,3,3,3,1,1,3.3333333333333335,3,3.0,2.1999999999999997
2026/08/10 07:14:00 PM GMT+3,55+,Female,Ilala,Employed,Halotel,More than 5 years,"More than 50,000",None,61–120,More than 30,SMS,Monthly,Yes,Promotions,4.0,Yes,Yes,Agree,5,5,0,3,3,4,2,2,2.0,5,3.0,4.0
2026/08/10 09:09:00 PM GMT+3,Under 18,Male,Ubungo,Self-employed,Tigo,1–2 years,"5,000–10,000",11–30,More than 300,More than 30,SMS,Daily,Yes,Better network coverage,5.0,No,No,Neutral,0,2,2,5,3,2,4,4,3.3333333333333335,2,3.05,3.2
2026/08/10 09:46:00 PM GMT+3,35–44,Prefer not to say,Ilala,Business owner,TTCL,Less than 1 year,"More than 50,000",1–10,61–120,1–10,Mixed Usage,Weekly,Yes,Other,3.0,No,No,Agree,3,5,1,3,1,1,3,3,1.6666666666666667,5,3.1,1.8000000000000003
2026/08/10 11:27:00 PM GMT+3,45–54,Prefer not to say,Temeke,Employed,Halotel,More than 5 years,"20,001–50,000",31–60,More than 300,More than 30,SMS,Monthly,No,N/A,1.0,Yes,Yes,Strongly Disagree,4,4,3,5,3,4,2,2,3.6666666666666665,4,3.75,2.8
2026/08/11 01:14:00 AM GMT+3,25–34,Female,Kigamboni,Business owner,Vodacom,Less than 1 year,"More than 50,000",None,61–120,None,Mobile Money,Daily,No,Lower prices,5.0,No,No,Neutral,2,5,0,3,0,1,4,4,1.0,5,2.9,2.6
2026/08/11 02:29:00 AM GMT+3,45–54,Prefer not to say,Temeke,Student,TTCL,More than 5 years,"10,001–20,000",None,61–120,More than 30,Mixed Usage,Occasionally,Yes,Lower prices,2.0,Yes,No,Strongly Agree,4,3,0,3,3,4,1,1,2.0,3,2.2,3.2
2026/08/11 02:54:00 AM GMT+3,25–34,Female,Kigamboni,Student,Tigo,More than 5 years,"20,001–50,000",1–10,30–60,More than 30,Mobile Money,Daily,No,Better internet,2.0,No,Yes,Strongly Disagree,2,4,1,2,3,4,4,4,2.0,4,2.8,3.2
2026/08/11 03:04:00 AM GMT+3,55+,Prefer not to say,Kinondoni,Employed,Halotel,3–5 years,"10,001–20,000",31–60,More than 300,More than 30,Internet,Daily,Yes,N/A,1.0,Yes,No,Strongly Agree,5,3,3,5,3,3,4,4,3.6666666666666665,3,3.5999999999999996,2.1999999999999997
2026/08/11 03:43:00 AM GMT+3,45–54,Female,Kigamboni,Employed,TTCL,More than 5 years,"Less than TZS 5,000",31–60,61–120,1–10,Voice Calls,Occasionally,Yes,N/A,5.0,No,Yes,Strongly Agree,4,1,3,3,1,4,1,1,2.3333333333333335,1,1.9000000000000004,4.4
2026/08/11 04:58:00 AM GMT+3,18–24,Prefer not to say,Kinondoni,Student,TTCL,1–2 years,"20,001–50,000",None,121–300,More than 30,Voice Calls,Weekly,No,Lower prices,1.0,No,Yes,Strongly Disagree,1,4,0,4,3,2,3,3,2.3333333333333335,4,3.0,1.6
2026/08/11 05:17:00 AM GMT+3,35–44,Male,Ilala,Student,TTCL,3–5 years,"Less than TZS 5,000",31–60,121–300,11–30,Mixed Usage,Occasionally,No,Better internet,2.0,No,Yes,Agree,3,1,3,4,2,3,1,1,3.0,1,2.2500000000000004,2.5999999999999996
2026/08/11 05:44:00 AM GMT+3,18–24,Female,Kinondoni,Self-employed,Vodacom,1–2 years,"10,001–20,000",1–10,121–300,11–30,Internet,Daily,Yes,Better customer service,4.0,Yes,Yes,Agree,1,3,1,4,2,2,4,4,2.3333333333333335,3,2.85,2.8
2026/08/11 07:12:00 AM GMT+3,55+,Female,Kinondoni,Self-employed,Tigo,1–2 years,"20,001–50,000",None,61–120,11–30,Voice Calls,Occasionally,No,Better internet,5.0,No,Yes,Neutral,5,4,0,3,2,2,1,1,1.6666666666666667,4,2.45,3.2
2026/08/11 08:38:00 AM GMT+3,55+,Male,Kigamboni,Unemployed,Tigo,More than 5 years,"More than 50,000",None,30–60,None,Internet,Occasionally,No,Better internet,2.0,No,No,Neutral,5,5,0,2,0,4,1,1,0.6666666666666666,5,2.35,3.2
2026/08/11 09:49:00 AM GMT+3,35–44,Female,Ilala,Business owner,Tigo,3–5 years,"More than 50,000",None,30–60,11–30,Mobile Money,Weekly,No,Other,1.0,Yes,No,Neutral,3,5,0,2,2,3,3,3,1.3333333333333333,5,2.75,2.1999999999999997
2026/08/11 11:21:00 AM GMT+3,45–54,Female,Ilala,Self-employed,TTCL,More than 5 years,"5,000–10,000",None,30–60,None,Mixed Usage,Occasionally,No,N/A,1.0,Yes,Yes,Strongly Disagree,4,2,0,2,0,4,1,1,0.6666666666666666,2,1.3,2.8
2026/08/11 12:54:00 PM GMT+3,55+,Female,Kinondoni,Student,Airtel,3–5 years,"More than 50,000",1–10,Less than 30,11–30,Internet,Monthly,No,Promotions,2.0,No,Yes,Neutral,5,5,1,1,2,3,2,2,1.3333333333333333,5,2.6000000000000005,2.5999999999999996
2026/08/11 01:23:00 PM GMT+3,18–24,Prefer not to say,Ilala,Unemployed,Airtel,3–5 years,"10,001–20,000",31–60,61–120,None,Mobile Money,Daily,Yes,N/A,3.0,Yes,Yes,Agree,1,3,3,3,0,3,4,4,2.0,3,2.8,3.0
2026/08/11 03:06:00 PM GMT+3,45–54,Male,Kinondoni,Employed,Tigo,More than 5 years,"20,001–50,000",11–30,121–300,None,Mobile Money,Monthly,Yes,Promotions,1.0,Yes,No,Neutral,4,4,2,4,0,4,2,2,2.0,4,3.0,2.8
2026/08/11 03:36:00 PM GMT+3,Under 18,Prefer not to say,Kinondoni,Self-employed,Airtel,1–2 years,"20,001–50,000",More than 60,61–120,1–10,Mixed Usage,Occasionally,No,Promotions,5.0,No,No,Agree,0,4,4,3,1,2,1,1,2.6666666666666665,4,3.1500000000000004,3.2
2026/08/11 04:15:00 PM GMT+3,Under 18,Male,Kigamboni,Unemployed,TTCL,3–5 years,"20,001–50,000",31–60,30–60,More than 30,Mobile Money,Weekly,Yes,Promotions,4.0,No,No,Neutral,0,4,3,2,3,3,3,3,2.6666666666666665,4,3.0999999999999996,3.4
2026/08/11 05:58:00 PM GMT+3,35–44,Prefer not to say,Kinondoni,Self-employed,Tigo,3–5 years,"20,001–50,000",More than 60,More than 300,More than 30,Mobile Money,Monthly,No,Better customer service,4.0,Yes,Yes,Agree,3,4,4,5,3,3,2,2,4.0,4,3.95,3.4
2026/08/11 07:42:00 PM GMT+3,45–54,Male,Kigamboni,Student,Airtel,1–2 years,"Less than TZS 5,000",1–10,Less than 30,None,SMS,Monthly,Yes,Other,3.0,Yes,Yes,Agree,4,1,1,1,0,2,2,2,0.6666666666666666,1,1.0,2.4000000000000004
2026/08/11 09:34:00 PM GMT+3,25–34,Female,Kinondoni,Self-employed,Vodacom,1–2 years,"More than 50,000",31–60,121–300,11–30,Mobile Money,Occasionally,No,Promotions,5.0,No,Yes,Neutral,2,5,3,4,2,2,1,1,3.0,5,3.6500000000000004,3.2
2026/08/11 10:28:00 PM GMT+3,Under 18,Male,Ilala,Student,Halotel,3–5 years,"10,001–20,000",1–10,61–120,1–10,Internet,Occasionally,No,Better network coverage,1.0,No,Yes,Strongly Agree,0,3,1,3,1,3,1,1,1.6666666666666667,3,2.1999999999999997,2.1999999999999997
2026/08/12 12:20:00 AM GMT+3,18–24,Prefer not to say,Temeke,Unemployed,Halotel,3–5 years,"Less than TZS 5,000",More than 60,61–120,1–10,SMS,Occasionally,Yes,N/A,1.0,Yes,Yes,Strongly Disagree,1,1,4,3,1,3,1,1,2.6666666666666665,1,2.1,2.1999999999999997
2026/08/12 01:07:00 AM GMT+3,Under 18,Female,Kinondoni,Business owner,Tigo,More than 5 years,"More than 50,000",None,121–300,1–10,Mixed Usage,Monthly,No,Promotions,1.0,Yes,Yes,Strongly Agree,0,5,0,4,1,4,2,2,1.6666666666666667,5,3.0500000000000003,2.8
2026/08/12 01:11:00 AM GMT+3,Under 18,Female,Kigamboni,Student,Vodacom,3–5 years,"5,000–10,000",1–10,More than 300,11–30,Mixed Usage,Occasionally,Yes,N/A,5.0,Yes,Yes,Agree,0,2,1,5,2,3,1,1,2.6666666666666665,2,2.45,3.8
2026/08/12 02:27:00 AM GMT+3,Under 18,Prefer not to say,Ilala,Student,Halotel,More than 5 years,"Less than TZS 5,000",None,61–120,None,Mixed Usage,Occasionally,No,Better network coverage,3.0,Yes,No,Strongly Disagree,0,1,0,3,0,4,1,1,1.0,1,1.2000000000000002,3.6
2026/08/12 02:59:00 AM GMT+3,45–54,Male,Kinondoni,Employed,Tigo,More than 5 years,"Less than TZS 5,000",1–10,61–120,More than 30,Mobile Money,Occasionally,Yes,Other,1.0,Yes,Yes,Strongly Disagree,4,1,1,3,3,4,1,1,2.3333333333333335,1,1.7000000000000002,2.8
2026/08/12 03:54:00 AM GMT+3,25–34,Female,Kigamboni,Unemployed,Airtel,More than 5 years,"Less than TZS 5,000",More than 60,Less than 30,More than 30,SMS,Weekly,No,N/A,5.0,No,Yes,Neutral,2,1,4,1,3,4,3,3,2.6666666666666665,1,2.0,4.4
2026/08/12 05:45:00 AM GMT+3,35–44,Female,Ilala,Unemployed,Halotel,3–5 years,"Less than TZS 5,000",1–10,More than 300,1–10,Voice Calls,Monthly,No,Lower prices,3.0,No,Yes,Strongly Agree,3,1,1,5,1,3,2,2,2.3333333333333335,1,2.1,3.0
2026/08/12 07:10:00 AM GMT+3,Under 18,Prefer not to say,Kinondoni,Employed,TTCL,1–2 years,"10,001–20,000",11–30,30–60,More than 30,Internet,Weekly,Yes,N/A,3.0,Yes,Yes,Strongly Disagree,0,3,2,2,3,2,3,3,2.3333333333333335,3,2.55,2.4000000000000004
2026/08/12 08:50:00 AM GMT+3,35–44,Male,Ubungo,Student,Airtel,More than 5 years,"5,000–10,000",None,30–60,None,Voice Calls,Weekly,No,N/A,4.0,No,Yes,Agree,3,2,0,2,0,4,3,3,0.6666666666666666,2,1.5,4.0
2026/08/12 09:21:00 AM GMT+3,55+,Male,Ubungo,Employed,TTCL,3–5 years,"20,001–50,000",1–10,More than 300,1–10,Voice Calls,Daily,No,Better network coverage,4.0,Yes,Yes,Strongly Agree,5,4,1,5,1,3,4,4,2.3333333333333335,4,3.35,3.4
2026/08/12 11:13:00 AM GMT+3,Under 18,Prefer not to say,Kigamboni,Business owner,Halotel,1–2 years,"10,001–20,000",31–60,Less than 30,1–10,Mobile Money,Daily,Yes,Better customer service,4.0,No,No,Strongly Disagree,0,3,3,1,1,2,4,4,1.6666666666666667,3,2.4,2.8
2026/08/12 11:39:00 AM GMT+3,35–44,Female,Kigamboni,Unemployed,Tigo,More than 5 years,"Less than TZS 5,000",31–60,121–300,11–30,Mobile Money,Weekly,Yes,Better internet,3.0,Yes,Yes,Agree,3,1,3,4,2,4,3,3,3.0,1,2.45,3.6
2026/08/12 12:54:00 PM GMT+3,Under 18,Prefer not to say,Temeke,Unemployed,Tigo,3–5 years,"Less than TZS 5,000",1–10,30–60,1–10,Mobile Money,Monthly,Yes,N/A,2.0,No,No,Strongly Disagree,0,1,1,2,1,3,2,2,1.3333333333333333,1,1.35,2.5999999999999996
2026/08/12 02:25:00 PM GMT+3,18–24,Prefer not to say,Ubungo,Employed,Halotel,3–5 years,"10,001–20,000",1–10,121–300,None,Mobile Money,Weekly,Yes,Better network coverage,4.0,No,Yes,Strongly Disagree,1,3,1,4,0,3,3,3,1.6666666666666667,3,2.55,3.4
2026/08/12 03:55:00 PM GMT+3,35–44,Prefer not to say,Ubungo,Unemployed,Airtel,More than 5 years,"5,000–10,000",1–10,Less than 30,More than 30,Internet,Daily,No,N/A,5.0,No,No,Strongly Disagree,3,2,1,1,3,4,4,4,1.6666666666666667,2,1.8499999999999999,4.4
2026/08/12 04:49:00 PM GMT+3,18–24,Male,Ilala,Student,Airtel,Less than 1 year,"5,000–10,000",1–10,Less than 30,1–10,Mobile Money,Occasionally,Yes,Better network coverage,2.0,Yes,No,Agree,1,2,1,1,1,1,1,1,1.0,2,1.35,1.4
2026/08/12 06:13:00 PM GMT+3,25–34,Female,Ilala,Business owner,Vodacom,1–2 years,"Less than TZS 5,000",31–60,More than 300,More than 30,Mobile Money,Daily,No,Better internet,2.0,No,No,Strongly Disagree,2,1,3,5,3,2,4,4,3.6666666666666665,1,2.9000000000000004,2.0
2026/08/12 06:52:00 PM GMT+3,25–34,Prefer not to say,Temeke,Unemployed,Vodacom,1–2 years,"Less than TZS 5,000",None,121–300,None,Mobile Money,Daily,Yes,Promotions,4.0,Yes,Yes,Strongly Disagree,2,1,0,4,0,2,4,4,1.3333333333333333,1,1.75,2.8
2026/08/12 08:28:00 PM GMT+3,35–44,Female,Kinondoni,Self-employed,Airtel,1–2 years,"Less than TZS 5,000",More than 60,30–60,11–30,Mixed Usage,Daily,Yes,N/A,2.0,No,No,Strongly Disagree,3,1,4,2,2,2,4,4,2.6666666666666665,1,2.25,2.0
2026/08/12 10:03:00 PM GMT+3,Under 18,Female,Ubungo,Self-employed,Halotel,3–5 years,"20,001–50,000",11–30,More than 300,More than 30,Internet,Monthly,No,N/A,2.0,Yes,No,Agree,0,4,2,5,3,3,2,2,3.3333333333333335,4,3.55,2.5999999999999996
2026/08/12 11:46:00 PM GMT+3,25–34,Female,Temeke,Business owner,TTCL,More than 5 years,"5,000–10,000",None,121–300,More than 30,Internet,Monthly,No,Lower prices,3.0,No,Yes,Strongly Disagree,2,2,0,4,3,4,2,2,2.3333333333333335,2,2.2,3.6
2026/08/13 12:54:00 AM GMT+3,55+,Male,Temeke,Employed,Airtel,3–5 years,"More than 50,000",None,Less than 30,1–10,SMS,Daily,No,Better network coverage,4.0,No,No,Strongly Agree,5,5,0,1,1,3,4,4,0.6666666666666666,5,2.5,3.4
2026/08/13 02:49:00 AM GMT+3,35–44,Female,Ubungo,Employed,Halotel,Less than 1 year,"More than 50,000",1–10,121–300,1–10,Mobile Money,Occasionally,No,Other,3.0,Yes,Yes,Agree,3,5,1,4,1,1,1,1,2.0,5,3.1500000000000004,1.8000000000000003
2026/08/13 03:46:00 AM GMT+3,25–34,Female,Kinondoni,Employed,Halotel,3–5 years,"5,000–10,000",31–60,30–60,More than 30,Mixed Usage,Occasionally,No,Better internet,1.0,No,Yes,Neutral,2,2,3,2,3,3,1,1,2.6666666666666665,2,2.2,2.1999999999999997
2026/08/13 05:13:00 AM GMT+3,25–34,Prefer not to say,Ubungo,Unemployed,Halotel,More than 5 years,"More than 50,000",1–10,121–300,1–10,Internet,Weekly,No,Better network coverage,3.0,Yes,No,Strongly Agree,2,5,1,4,1,4,3,3,2.0,5,3.35,3.6
2026/08/13 06:47:00 AM GMT+3,55+,Female,Kigamboni,Employed,Halotel,More than 5 years,"5,000–10,000",31–60,61–120,More than 30,Mixed Usage,Weekly,Yes,Better internet,4.0,Yes,No,Strongly Disagree,5,2,3,3,3,4,3,3,3.0,2,2.6499999999999995,4.0
2026/08/13 08:24:00 AM GMT+3,35–44,Male,Kinondoni,Business owner,Halotel,More than 5 years,"5,000–10,000",More than 60,More than 300,More than 30,Mobile Money,Occasionally,No,Better network coverage,3.0,Yes,No,Neutral,3,2,4,5,3,4,1,1,4.0,2,3.1500000000000004,3.6
2026/08/13 08:48:00 AM GMT+3,35–44,Female,Ubungo,Unemployed,TTCL,More than 5 years,"Less than TZS 5,000",None,61–120,1–10,Voice Calls,Daily,No,N/A,1.0,No,Yes,Strongly Disagree,3,1,0,3,1,4,4,4,1.3333333333333333,1,1.6,2.8
2026/08/13 10:40:00 AM GMT+3,Under 18,Prefer not to say,Temeke,Business owner,Tigo,1–2 years,"More than 50,000",31–60,More than 300,None,Voice Calls,Monthly,Yes,N/A,2.0,No,No,Strongly Agree,0,5,3,5,0,2,2,2,2.6666666666666665,5,3.8000000000000003,2.0
2026/08/13 12:05:00 PM GMT+3,Under 18,Male,Temeke,Unemployed,TTCL,1–2 years,"More than 50,000",11–30,121–300,1–10,Mixed Usage,Daily,No,Lower prices,1.0,Yes,No,Neutral,0,5,2,4,1,2,4,4,2.3333333333333335,5,3.65,1.6
2026/08/13 12:43:00 PM GMT+3,25–34,Prefer not to say,Temeke,Employed,Vodacom,3–5 years,"10,001–20,000",None,30–60,11–30,Voice Calls,Weekly,No,Other,4.0,No,Yes,Strongly Agree,2,3,0,2,2,3,3,3,1.3333333333333333,3,2.05,3.4
2026/08/13 01:43:00 PM GMT+3,Under 18,Female,Temeke,Business owner,Halotel,3–5 years,"Less than TZS 5,000",11–30,121–300,None,Internet,Weekly,No,Better network coverage,4.0,No,No,Agree,0,1,2,4,0,3,3,3,2.0,1,2.05,3.4
2026/08/13 02:57:00 PM GMT+3,25–34,Female,Ilala,Employed,Airtel,3–5 years,"More than 50,000",11–30,Less than 30,1–10,SMS,Daily,No,N/A,3.0,Yes,Yes,Neutral,2,5,2,1,1,3,4,4,1.3333333333333333,5,2.9,3.0
2026/08/13 04:20:00 PM GMT+3,Under 18,Male,Kigamboni,Student,Airtel,3–5 years,"More than 50,000",31–60,More than 300,1–10,Mixed Usage,Occasionally,Yes,Better customer service,2.0,Yes,Yes,Strongly Agree,0,5,3,5,1,3,1,1,3.0,5,3.8000000000000003,2.5999999999999996
2026/08/13 04:31:00 PM GMT+3,Under 18,Prefer not to say,Kigamboni,Business owner,Vodacom,3–5 years,"5,000–10,000",More than 60,61–120,None,Voice Calls,Weekly,Yes,N/A,2.0,No,No,Neutral,0,2,4,3,0,3,3,3,2.3333333333333335,2,2.55,2.5999999999999996
2026/08/13 05:22:00 PM GMT+3,25–34,Male,Kigamboni,Employed,Vodacom,Less than 1 year,"More than 50,000",More than 60,30–60,1–10,Voice Calls,Monthly,Yes,Better customer service,4.0,No,No,Agree,2,5,4,2,1,1,2,2,2.3333333333333335,5,3.35,2.2
2026/08/13 05:45:00 PM GMT+3,45–54,Female,Kinondoni,Student,Halotel,1–2 years,"5,000–10,000",31–60,61–120,11–30,Internet,Weekly,Yes,Other,5.0,No,Yes,Neutral,4,2,3,3,2,2,3,3,2.6666666666666665,2,2.55,3.2
2026/08/13 06:15:00 PM GMT+3,45–54,Female,Ubungo,Employed,Vodacom,More than 5 years,"10,001–20,000",1–10,61–120,1–10,Voice Calls,Occasionally,Yes,Better network coverage,2.0,Yes,No,Neutral,4,3,1,3,1,4,1,1,1.6666666666666667,3,2.1999999999999997,3.2
2026/08/13 06:50:00 PM GMT+3,55+,Prefer not to say,Temeke,Employed,Tigo,3–5 years,"Less than TZS 5,000",More than 60,More than 300,11–30,Internet,Monthly,Yes,N/A,4.0,Yes,Yes,Strongly Agree,5,1,4,5,2,3,2,2,3.6666666666666665,1,2.8000000000000007,3.4
2026/08/13 08:09:00 PM GMT+3,25–34,Male,Temeke,Business owner,Tigo,More than 5 years,"5,000–10,000",31–60,Less than 30,1–10,SMS,Weekly,No,Promotions,2.0,Yes,No,Neutral,2,2,3,1,1,4,3,3,1.6666666666666667,2,1.9500000000000002,3.2
2026/08/13 08:34:00 PM GMT+3,55+,Male,Ilala,Student,Halotel,1–2 years,"More than 50,000",1–10,121–300,More than 30,Mixed Usage,Monthly,Yes,Better customer service,4.0,Yes,Yes,Strongly Disagree,5,5,1,4,3,2,2,2,2.6666666666666665,5,3.45,2.8
2026/08/13 09:38:00 PM GMT+3,55+,Male,Kigamboni,Employed,TTCL,Less than 1 year,"20,001–50,000",More than 60,61–120,11–30,Voice Calls,Daily,No,Better network coverage,1.0,Yes,No,Strongly Agree,5,4,4,3,2,1,4,4,3.0,4,3.5500000000000003,1.0
2026/08/13 10:47:00 PM GMT+3,45–54,Male,Kinondoni,Self-employed,Vodacom,1–2 years,"20,001–50,000",More than 60,Less than 30,None,Mobile Money,Occasionally,Yes,Lower prices,4.0,No,Yes,Strongly Agree,4,4,4,1,0,2,1,1,1.6666666666666667,4,2.5500000000000003,2.8
2026/08/14 12:19:00 AM GMT+3,55+,Male,Ubungo,Unemployed,TTCL,1–2 years,"Less than TZS 5,000",11–30,Less than 30,11–30,Mobile Money,Daily,No,Better customer service,3.0,Yes,Yes,Neutral,5,1,2,1,2,2,4,4,1.6666666666666667,1,1.5999999999999999,2.4000000000000004
2026/08/14 01:40:00 AM GMT+3,Under 18,Prefer not to say,Ilala,Self-employed,Halotel,1–2 years,"More than 50,000",1–10,61–120,11–30,SMS,Monthly,No,Other,4.0,Yes,No,Strongly Disagree,0,5,1,3,2,2,2,2,2.0,5,3.1000000000000005,2.8
2026/08/14 03:30:00 AM GMT+3,55+,Female,Ubungo,Business owner,Halotel,Less than 1 year,"Less than TZS 5,000",31–60,More than 300,More than 30,SMS,Occasionally,No,Better internet,2.0,Yes,No,Neutral,5,1,3,5,3,1,1,1,3.6666666666666665,1,2.6000000000000005,1.4
2026/08/14 04:55:00 AM GMT+3,18–24,Female,Ubungo,Student,Airtel,Less than 1 year,"More than 50,000",1–10,More than 300,1–10,Mixed Usage,Weekly,Yes,Lower prices,4.0,No,Yes,Agree,1,5,1,5,1,1,3,3,2.3333333333333335,5,3.6,2.2
2026/08/14 04:59:00 AM GMT+3,55+,Male,Kinondoni,Student,Airtel,Less than 1 year,"5,000–10,000",1–10,Less than 30,1–10,Internet,Daily,No,Better network coverage,3.0,No,Yes,Neutral,5,2,1,1,1,1,4,4,1.0,2,1.65,1.8000000000000003
2026/08/14 05:55:00 AM GMT+3,45–54,Female,Ubungo,Employed,Tigo,Less than 1 year,"10,001–20,000",More than 60,121–300,None,SMS,Weekly,No,Better network coverage,3.0,Yes,No,Strongly Agree,4,3,4,4,0,1,3,3,2.6666666666666665,3,3.1499999999999995,1.8000000000000003
2026/08/14 06:12:00 AM GMT+3,35–44,Male,Kigamboni,Employed,Halotel,More than 5 years,"20,001–50,000",1–10,30–60,None,Voice Calls,Monthly,Yes,N/A,2.0,Yes,No,Agree,3,4,1,2,0,4,2,2,1.0,4,2.3000000000000003,3.2
2026/08/14 06:39:00 AM GMT+3,18–24,Prefer not to say,Ilala,Business owner,Halotel,3–5 years,"10,001–20,000",More than 60,30–60,1–10,Mixed Usage,Daily,No,Better customer service,4.0,No,Yes,Strongly Agree,1,3,4,2,1,3,4,4,2.3333333333333335,3,2.8499999999999996,3.4
2026/08/14 07:23:00 AM GMT+3,35–44,Male,Kinondoni,Business owner,TTCL,Less than 1 year,"Less than TZS 5,000",11–30,121–300,11–30,Mobile Money,Monthly,No,N/A,5.0,No,No,Agree,3,1,2,4,2,1,2,2,2.6666666666666665,1,2.15,2.6
2026/08/14 08:49:00 AM GMT+3,Under 18,Prefer not to say,Ubungo,Business owner,Tigo,Less than 1 year,"5,000–10,000",31–60,30–60,1–10,Internet,Monthly,Yes,N/A,4.0,Yes,No,Strongly Agree,0,2,3,2,1,1,2,2,2.0,2,2.1,2.2
2026/08/14 09:38:00 AM GMT+3,25–34,Female,Kinondoni,Employed,TTCL,1–2 years,"10,001–20,000",1–10,Less than 30,None,Mobile Money,Weekly,No,Lower prices,5.0,No,Yes,Strongly Agree,2,3,1,1,0,2,3,3,0.6666666666666666,3,1.7999999999999998,3.2
2026/08/14 10:56:00 AM GMT+3,45–54,Male,Kigamboni,Self-employed,Halotel,Less than 1 year,"20,001–50,000",1–10,Less than 30,11–30,Internet,Daily,No,Other,3.0,Yes,No,Agree,4,4,1,1,2,1,4,4,1.3333333333333333,4,2.45,1.8000000000000003
2026/08/14 12:43:00 PM GMT+3,55+,Male,Ilala,Employed,Airtel,Less than 1 year,"5,000–10,000",More than 60,61–120,11–30,SMS,Daily,No,N/A,3.0,No,Yes,Strongly Disagree,5,2,4,3,2,1,4,4,3.0,2,2.85,1.8000000000000003
2026/08/14 01:34:00 PM GMT+3,35–44,Prefer not to say,Ilala,Unemployed,Halotel,More than 5 years,"Less than TZS 5,000",11–30,30–60,1–10,SMS,Weekly,Yes,Better internet,2.0,Yes,Yes,Strongly Disagree,3,1,2,2,1,4,3,3,1.6666666666666667,1,1.6500000000000001,3.2
2026/08/14 02:51:00 PM GMT+3,35–44,Prefer not to say,Ilala,Unemployed,TTCL,3–5 years,"20,001–50,000",1–10,30–60,None,Mobile Money,Monthly,No,Lower prices,2.0,Yes,No,Strongly Agree,3,4,1,2,0,3,2,2,1.0,4,2.3000000000000003,2.5999999999999996
2026/08/14 03:14:00 PM GMT+3,25–34,Male,Temeke,Self-employed,TTCL,3–5 years,"More than 50,000",1–10,Less than 30,11–30,Voice Calls,Daily,Yes,Better network coverage,4.0,Yes,No,Strongly Disagree,2,5,1,1,2,3,4,4,1.3333333333333333,5,2.8000000000000003,3.4
2026/08/14 05:05:00 PM GMT+3,25–34,Female,Kigamboni,Self-employed,Halotel,1–2 years,"More than 50,000",None,Less than 30,None,Mixed Usage,Weekly,No,Better customer service,3.0,No,Yes,Strongly Agree,2,5,0,1,0,2,3,3,0.3333333333333333,5,2.3,2.4000000000000004
2026/08/14 05:10:00 PM GMT+3,25–34,Prefer not to say,Ilala,Student,Tigo,Less than 1 year,"20,001–50,000",None,Less than 30,11–30,Voice Calls,Weekly,Yes,Better internet,5.0,No,Yes,Agree,2,4,0,1,2,1,3,3,1.0,4,2.15,2.6
2026/08/14 05:48:00 PM GMT+3,35–44,Prefer not to say,Kigamboni,Employed,Tigo,3–5 years,"10,001–20,000",None,61–120,None,Mobile Money,Weekly,No,N/A,3.0,Yes,No,Strongly Disagree,3,3,0,3,0,3,3,3,1.0,3,2.0999999999999996,3.0
2026/08/14 07:37:00 PM GMT+3,55+,Female,Ubungo,Employed,Airtel,More than 5 years,"10,001–20,000",None,61–120,None,SMS,Monthly,Yes,N/A,2.0,No,Yes,Strongly Agree,5,3,0,3,0,4,2,2,1.0,3,1.9999999999999998,3.2
2026/08/14 07:49:00 PM GMT+3,55+,Male,Ilala,Student,TTCL,3–5 years,"5,000–10,000",31–60,61–120,11–30,Voice Calls,Weekly,Yes,N/A,4.0,No,Yes,Neutral,5,2,3,3,2,3,3,3,2.6666666666666665,2,2.55,3.4
2026/08/14 08:08:00 PM GMT+3,45–54,Prefer not to say,Ilala,Student,Tigo,More than 5 years,"20,001–50,000",11–30,30–60,11–30,SMS,Occasionally,No,Lower prices,5.0,No,No,Strongly Agree,4,4,2,2,2,4,1,1,2.0,4,2.6,4.4
2026/08/14 08:37:00 PM GMT+3,45–54,Male,Ubungo,Student,TTCL,1–2 years,"5,000–10,000",31–60,121–300,More than 30,Mixed Usage,Monthly,No,N/A,1.0,No,Yes,Agree,4,2,3,4,3,2,2,2,3.3333333333333335,2,2.8,1.6
2026/08/14 09:38:00 PM GMT+3,55+,Prefer not to say,Ilala,Business owner,Airtel,More than 5 years,"20,001–50,000",More than 60,Less than 30,None,Mobile Money,Daily,Yes,N/A,5.0,No,Yes,Strongly Disagree,5,4,4,1,0,4,4,4,1.6666666666666667,4,2.85,4.4
2026/08/14 09:41:00 PM GMT+3,35–44,Female,Kinondoni,Unemployed,Airtel,1–2 years,"10,001–20,000",11–30,61–120,More than 30,Mixed Usage,Daily,Yes,N/A,5.0,Yes,Yes,Neutral,3,3,2,3,3,2,4,4,2.6666666666666665,3,2.8999999999999995,3.2
2026/08/14 10:10:00 PM GMT+3,45–54,Female,Temeke,Self-employed,Airtel,Less than 1 year,"5,000–10,000",31–60,More than 300,11–30,SMS,Daily,No,Lower prices,2.0,No,Yes,Agree,4,2,3,5,2,1,4,4,3.3333333333333335,2,3.15,1.4
2026/08/14 11:26:00 PM GMT+3,45–54,Prefer not to say,Kinondoni,Unemployed,Halotel,Less than 1 year,"20,001–50,000",None,30–60,More than 30,SMS,Weekly,No,Better network coverage,1.0,Yes,Yes,Strongly Disagree,4,4,0,2,3,1,3,3,1.6666666666666667,4,2.5,1.0
2026/08/15 12:56:00 AM GMT+3,35–44,Prefer not to say,Kigamboni,Employed,Airtel,3–5 years,"20,001–50,000",31–60,More than 300,More than 30,Mobile Money,Daily,Yes,N/A,2.0,No,Yes,Strongly Disagree,3,4,3,5,3,3,4,4,3.6666666666666665,4,3.95,2.5999999999999996
2026/08/15 01:53:00 AM GMT+3,18–24,Female,Temeke,Business owner,Halotel,1–2 years,"10,001–20,000",1–10,More than 300,11–30,Voice Calls,Daily,No,N/A,1.0,No,No,Agree,1,3,1,5,2,2,4,4,2.6666666666666665,3,3.1,1.6
2026/08/15 03:11:00 AM GMT+3,Under 18,Male,Ilala,Unemployed,Vodacom,More than 5 years,"Less than TZS 5,000",More than 60,More than 300,1–10,Mobile Money,Occasionally,Yes,N/A,4.0,Yes,No,Agree,0,1,4,5,1,4,1,1,3.3333333333333335,1,2.6000000000000005,4.0
2026/08/15 03:44:00 AM GMT+3,45–54,Prefer not to say,Temeke,Student,Tigo,1–2 years,"More than 50,000",1–10,121–300,1–10,Mobile Money,Monthly,Yes,Better internet,1.0,No,No,Strongly Disagree,4,5,1,4,1,2,2,2,2.0,5,3.2500000000000004,1.6
2026/08/15 04:38:00 AM GMT+3,Under 18,Male,Ubungo,Student,TTCL,1–2 years,"More than 50,000",None,30–60,More than 30,SMS,Occasionally,No,Other,1.0,Yes,No,Strongly Agree,0,5,0,2,3,2,1,1,1.6666666666666667,5,2.6500000000000004,1.6
2026/08/15 04:53:00 AM GMT+3,Under 18,Prefer not to say,Ilala,Student,TTCL,Less than 1 year,"5,000–10,000",31–60,121–300,11–30,Mixed Usage,Monthly,No,Better customer service,4.0,No,Yes,Strongly Disagree,0,2,3,4,2,1,2,2,3.0,2,2.7,2.2
2026/08/15 05:34:00 AM GMT+3,18–24,Male,Ubungo,Self-employed,Vodacom,1–2 years,"Less than TZS 5,000",11–30,Less than 30,11–30,Internet,Weekly,Yes,N/A,4.0,No,Yes,Strongly Agree,1,1,2,1,2,2,3,3,1.6666666666666667,1,1.5,2.8
2026/08/15 07:18:00 AM GMT+3,Under 18,Female,Kigamboni,Unemployed,TTCL,3–5 years,"20,001–50,000",11–30,61–120,More than 30,Voice Calls,Monthly,Yes,Promotions,1.0,Yes,Yes,Neutral,0,4,2,3,3,3,2,2,2.6666666666666665,4,3.05,2.1999999999999997
2026/08/15 07:24:00 AM GMT+3,55+,Female,Temeke,Employed,Tigo,Less than 1 year,"Less than TZS 5,000",11–30,61–120,11–30,Mixed Usage,Occasionally,No,Other,4.0,Yes,No,Agree,5,1,2,3,2,1,1,1,2.3333333333333335,1,1.8,2.2
2026/08/15 09:19:00 AM GMT+3,55+,Male,Ilala,Unemployed,TTCL,Less than 1 year,"5,000–10,000",None,121–300,None,Mobile Money,Monthly,Yes,Lower prices,5.0,Yes,No,Agree,5,2,0,4,0,1,2,2,1.3333333333333333,2,1.9,2.6
2026/08/15 10:47:00 AM GMT+3,55+,Female,Ilala,Business owner,Tigo,1–2 years,"10,001–20,000",31–60,Less than 30,None,Voice Calls,Occasionally,Yes,N/A,1.0,No,No,Strongly Agree,5,3,3,1,0,2,1,1,1.3333333333333333,3,2.0,1.6
2026/08/15 11:49:00 AM GMT+3,45–54,Prefer not to say,Ubungo,Unemployed,Tigo,Less than 1 year,"5,000–10,000",More than 60,61–120,None,Internet,Weekly,No,Better customer service,5.0,Yes,No,Strongly Disagree,4,2,4,3,0,1,3,3,2.3333333333333335,2,2.55,2.6
2026/08/15 01:01:00 PM GMT+3,25–34,Male,Kigamboni,Business owner,Vodacom,1–2 years,"Less than TZS 5,000",11–30,121–300,1–10,Mixed Usage,Daily,Yes,N/A,1.0,No,Yes,Neutral,2,1,2,4,1,2,4,4,2.3333333333333335,1,2.25,1.6
2026/08/15 01:25:00 PM GMT+3,45–54,Male,Temeke,Employed,Airtel,1–2 years,"5,000–10,000",31–60,More than 300,More than 30,Mixed Usage,Occasionally,Yes,N/A,5.0,Yes,No,Strongly Disagree,4,2,3,5,3,2,1,1,3.6666666666666665,2,2.95,3.2
2026/08/15 02:56:00 PM GMT+3,25–34,Female,Kinondoni,Self-employed,Halotel,More than 5 years,"20,001–50,000",31–60,61–120,More than 30,Voice Calls,Occasionally,No,N/A,2.0,No,Yes,Strongly Disagree,2,4,3,3,3,4,1,1,3.0,4,3.1500000000000004,3.2
2026/08/15 03:24:00 PM GMT+3,Under 18,Male,Kigamboni,Self-employed,TTCL,3–5 years,"5,000–10,000",31–60,121–300,More than 30,Mixed Usage,Weekly,Yes,Better internet,3.0,Yes,Yes,Strongly Agree,0,2,3,4,3,3,3,3,3.3333333333333335,2,2.8999999999999995,3.0
2026/08/15 03:46:00 PM GMT+3,55+,Prefer not to say,Temeke,Student,Tigo,3–5 years,"5,000–10,000",11–30,Less than 30,11–30,Voice Calls,Weekly,No,Better internet,2.0,Yes,No,Strongly Disagree,5,2,2,1,2,3,3,3,1.6666666666666667,2,1.85,2.5999999999999996
2026/08/15 04:08:00 PM GMT+3,25–34,Female,Ubungo,Student,Halotel,More than 5 years,"Less than TZS 5,000",31–60,More than 300,11–30,Mobile Money,Daily,No,Promotions,2.0,No,Yes,Neutral,2,1,3,5,2,4,4,4,3.3333333333333335,1,2.8000000000000003,3.2
2026/08/15 05:38:00 PM GMT+3,25–34,Prefer not to say,Ilala,Self-employed,TTCL,Less than 1 year,"Less than TZS 5,000",1–10,121–300,11–30,Mobile Money,Daily,Yes,Better internet,3.0,No,Yes,Agree,2,1,1,4,2,1,4,4,2.3333333333333335,1,2.1500000000000004,1.8000000000000003
2026/08/15 07:16:00 PM GMT+3,25–34,Male,Kigamboni,Business owner,TTCL,3–5 years,"10,001–20,000",1–10,61–120,More than 30,Mobile Money,Weekly,Yes,Better internet,3.0,Yes,No,Agree,2,3,1,3,3,3,3,3,2.3333333333333335,3,2.5999999999999996,3.0
2026/08/15 07:37:00 PM GMT+3,35–44,Female,Kigamboni,Unemployed,TTCL,3–5 years,"Less than TZS 5,000",1–10,More than 300,11–30,Mobile Money,Occasionally,No,Other,1.0,No,Yes,Strongly Disagree,3,1,1,5,2,3,1,1,2.6666666666666665,1,2.1,2.1999999999999997
2026/08/15 09:34:00 PM GMT+3,45–54,Female,Kinondoni,Unemployed,Halotel,1–2 years,"Less than TZS 5,000",11–30,Less than 30,1–10,SMS,Daily,Yes,Better network coverage,4.0,Yes,No,Strongly Agree,4,1,2,1,1,2,4,4,1.3333333333333333,1,1.5,2.8
2026/08/15 10:54:00 PM GMT+3,45–54,Male,Temeke,Business owner,Vodacom,3–5 years,"More than 50,000",1–10,61–120,None,Voice Calls,Daily,No,Better network coverage,4.0,No,No,Neutral,4,5,1,3,0,3,4,4,1.3333333333333333,5,3.1,3.4
2026/08/16 12:43:00 AM GMT+3,35–44,Prefer not to say,Ilala,Student,Airtel,3–5 years,"20,001–50,000",None,61–120,11–30,Internet,Monthly,No,Better customer service,3.0,Yes,No,Strongly Agree,3,4,0,3,2,3,2,2,1.6666666666666667,4,2.5500000000000003,3.0
2026/08/16 02:04:00 AM GMT+3,Under 18,Male,Ubungo,Unemployed,Tigo,1–2 years,"More than 50,000",31–60,61–120,More than 30,Voice Calls,Monthly,No,N/A,2.0,No,No,Neutral,0,5,3,3,3,2,2,2,3.0,5,3.6000000000000005,2.0
2026/08/16 03:23:00 AM GMT+3,35–44,Female,Ilala,Student,Halotel,More than 5 years,"Less than TZS 5,000",1–10,30–60,11–30,Voice Calls,Daily,No,Other,5.0,No,Yes,Strongly Disagree,3,1,1,2,2,4,4,4,1.6666666666666667,1,1.6500000000000001,4.4
2026/08/16 04:40:00 AM GMT+3,18–24,Prefer not to say,Kigamboni,Student,Tigo,More than 5 years,"More than 50,000",1–10,30–60,1–10,SMS,Monthly,No,Lower prices,1.0,No,Yes,Strongly Agree,1,5,1,2,1,4,2,2,1.3333333333333333,5,2.7500000000000004,2.8
2026/08/16 06:15:00 AM GMT+3,Under 18,Male,Ubungo,Employed,Vodacom,More than 5 years,"5,000–10,000",1–10,Less than 30,11–30,Mixed Usage,Weekly,No,N/A,1.0,No,Yes,Strongly Disagree,0,2,1,1,2,4,3,3,1.3333333333333333,2,1.65,2.8
2026/08/16 08:09:00 AM GMT+3,Under 18,Prefer not to say,Ubungo,Employed,Halotel,3–5 years,"10,001–20,000",31–60,61–120,None,Mobile Money,Occasionally,No,Better customer service,5.0,No,Yes,Neutral,0,3,3,3,0,3,1,1,2.0,3,2.5,3.8
2026/08/16 09:17:00 AM GMT+3,25–34,Male,Kinondoni,Unemployed,Halotel,3–5 years,"10,001–20,000",1–10,More than 300,1–10,Internet,Daily,No,Other,5.0,Yes,Yes,Strongly Disagree,2,3,1,5,1,3,4,4,2.3333333333333335,3,3.0,3.8
2026/08/16 09:21:00 AM GMT+3,18–24,Female,Kinondoni,Business owner,Tigo,1–2 years,"Less than TZS 5,000",31–60,Less than 30,More than 30,SMS,Occasionally,Yes,Lower prices,5.0,Yes,No,Agree,1,1,3,1,3,2,1,1,2.3333333333333335,1,1.6000000000000003,3.2
2026/08/16 09:40:00 AM GMT+3,55+,Female,Ilala,Student,Halotel,1–2 years,"20,001–50,000",1–10,121–300,11–30,Internet,Weekly,No,N/A,1.0,No,Yes,Neutral,5,4,1,4,2,2,3,3,2.3333333333333335,4,3.1000000000000005,1.6
2026/08/16 10:27:00 AM GMT+3,18–24,Prefer not to say,Ubungo,Student,TTCL,Less than 1 year,"10,001–20,000",More than 60,Less than 30,None,Mobile Money,Daily,No,Promotions,5.0,No,Yes,Neutral,1,3,4,1,0,1,4,4,1.6666666666666667,3,2.4999999999999996,2.6
2026/08/16 12:19:00 PM GMT+3,35–44,Prefer not to say,Kinondoni,Student,Airtel,1–2 years,"10,001–20,000",None,61–120,None,SMS,Daily,Yes,N/A,1.0,No,No,Neutral,3,3,0,3,0,2,4,4,1.0,3,2.1999999999999997,1.6
2026/08/16 01:31:00 PM GMT+3,Under 18,Male,Temeke,Unemployed,Airtel,Less than 1 year,"20,001–50,000",1–10,Less than 30,None,Internet,Occasionally,Yes,N/A,5.0,No,Yes,Strongly Disagree,0,4,1,1,0,1,1,1,0.6666666666666666,4,1.95,2.6
2026/08/16 02:53:00 PM GMT+3,25–34,Male,Ilala,Business owner,Vodacom,Less than 1 year,"20,001–50,000",More than 60,121–300,None,SMS,Weekly,Yes,N/A,2.0,No,Yes,Neutral,2,4,4,4,0,1,3,3,2.6666666666666665,4,3.5,1.4
2026/08/16 03:50:00 PM GMT+3,Under 18,Prefer not to say,Ubungo,Self-employed,Halotel,1–2 years,"Less than TZS 5,000",31–60,More than 300,More than 30,Mobile Money,Monthly,No,Lower prices,1.0,No,Yes,Strongly Disagree,0,1,3,5,3,2,2,2,3.6666666666666665,1,2.7,1.6
2026/08/16 05:21:00 PM GMT+3,35–44,Prefer not to say,Kinondoni,Unemployed,Halotel,Less than 1 year,"5,000–10,000",11–30,Less than 30,1–10,Voice Calls,Monthly,Yes,N/A,1.0,Yes,Yes,Strongly Agree,3,2,2,1,1,1,2,2,1.3333333333333333,2,1.6500000000000001,1.0
2026/08/16 06:03:00 PM GMT+3,55+,Female,Kigamboni,Unemployed,Halotel,1–2 years,"Less than TZS 5,000",11–30,30–60,1–10,Internet,Monthly,No,Better network coverage,4.0,Yes,No,Strongly Agree,5,1,2,2,1,2,2,2,1.6666666666666667,1,1.55,2.8
2026/08/16 07:08:00 PM GMT+3,45–54,Female,Ubungo,Employed,Tigo,Less than 1 year,"5,000–10,000",1–10,61–120,1–10,Mobile Money,Daily,No,N/A,3.0,No,Yes,Strongly Agree,4,2,1,3,1,1,4,4,1.6666666666666667,2,2.15,1.8000000000000003
2026/08/16 07:53:00 PM GMT+3,45–54,Female,Kinondoni,Student,Vodacom,3–5 years,"5,000–10,000",11–30,30–60,11–30,Mixed Usage,Weekly,Yes,Better network coverage,4.0,No,No,Agree,4,2,2,2,2,3,3,3,2.0,2,2.1,3.4
2026/08/16 09:39:00 PM GMT+3,18–24,Male,Kigamboni,Business owner,Tigo,More than 5 years,"10,001–20,000",None,Less than 30,1–10,Voice Calls,Daily,Yes,N/A,3.0,Yes,Yes,Neutral,1,3,0,1,1,4,4,4,0.6666666666666666,3,1.7999999999999998,3.6
2026/08/16 09:43:00 PM GMT+3,35–44,Prefer not to say,Ilala,Unemployed,Halotel,3–5 years,"20,001–50,000",More than 60,Less than 30,None,Internet,Daily,No,N/A,4.0,No,No,Agree,3,4,4,1,0,3,4,4,1.6666666666666667,4,2.85,3.4
2026/08/16 10:47:00 PM GMT+3,45–54,Male,Ubungo,Unemployed,Tigo,1–2 years,"20,001–50,000",None,30–60,1–10,Mobile Money,Daily,Yes,N/A,1.0,Yes,Yes,Strongly Agree,4,4,0,2,1,2,4,4,1.0,4,2.4,1.6
2026/08/16 11:40:00 PM GMT+3,25–34,Prefer not to say,Kigamboni,Business owner,TTCL,Less than 1 year,"5,000–10,000",11–30,121–300,None,Mixed Usage,Daily,Yes,N/A,3.0,Yes,Yes,Agree,2,2,2,4,0,1,4,4,2.0,2,2.5,1.8000000000000003
2026/08/16 11:59:00 PM GMT+3,55+,Prefer not to say,Temeke,Student,Airtel,Less than 1 year,"Less than TZS 5,000",11–30,30–60,1–10,SMS,Occasionally,No,N/A,4.0,Yes,No,Strongly Agree,5,1,2,2,1,1,1,1,1.6666666666666667,1,1.4500000000000002,2.2
2026/08/17 12:50:00 AM GMT+3,25–34,Male,Temeke,Business owner,Halotel,Less than 1 year,"More than 50,000",11–30,30–60,None,Voice Calls,Occasionally,Yes,Other,3.0,Yes,Yes,Neutral,2,5,2,2,0,1,1,1,1.3333333333333333,5,2.75,1.8000000000000003
2026/08/17 01:11:00 AM GMT+3,18–24,Female,Kigamboni,Employed,Vodacom,3–5 years,"10,001–20,000",1–10,More than 300,11–30,Mixed Usage,Daily,No,N/A,1.0,No,No,Strongly Agree,1,3,1,5,2,3,4,4,2.6666666666666665,3,3.1,2.1999999999999997
2026/08/17 02:47:00 AM GMT+3,Under 18,Prefer not to say,Ilala,Employed,Halotel,More than 5 years,"Less than TZS 5,000",31–60,Less than 30,11–30,Mixed Usage,Occasionally,No,Other,3.0,Yes,No,Neutral,0,1,3,1,2,4,1,1,2.0,1,1.5000000000000002,3.6
2026/08/17 04:15:00 AM GMT+3,Under 18,Prefer not to say,Kinondoni,Employed,Vodacom,1–2 years,"Less than TZS 5,000",31–60,30–60,1–10,Voice Calls,Occasionally,No,Other,5.0,Yes,No,Agree,0,1,3,2,1,2,1,1,2.0,1,1.6500000000000004,3.2
2026/08/17 04:37:00 AM GMT+3,35–44,Prefer not to say,Kigamboni,Self-employed,Tigo,Less than 1 year,"More than 50,000",None,30–60,More than 30,Mixed Usage,Monthly,Yes,Better internet,3.0,Yes,No,Neutral,3,5,0,2,3,1,2,2,1.6666666666666667,5,2.75,1.8000000000000003
2026/08/17 04:54:00 AM GMT+3,Under 18,Female,Ilala,Employed,Airtel,3–5 years,"10,001–20,000",None,30–60,11–30,SMS,Weekly,No,Better internet,5.0,Yes,No,Neutral,0,3,0,2,2,3,3,3,1.3333333333333333,3,2.05,3.8
2026/08/17 05:56:00 AM GMT+3,55+,Male,Kigamboni,Student,Airtel,More than 5 years,"10,001–20,000",More than 60,More than 300,None,Mixed Usage,Monthly,No,Lower prices,3.0,Yes,No,Agree,5,3,4,5,0,4,2,2,3.0,3,3.3,3.6
2026/08/17 07:44:00 AM GMT+3,25–34,Female,Kigamboni,Student,Tigo,More than 5 years,"Less than TZS 5,000",11–30,More than 300,1–10,Mixed Usage,Daily,Yes,N/A,2.0,Yes,No,Strongly Disagree,2,1,2,5,1,4,4,4,2.6666666666666665,1,2.5,3.2
2026/08/17 08:07:00 AM GMT+3,25–34,Male,Temeke,Unemployed,Airtel,More than 5 years,"Less than TZS 5,000",None,61–120,1–10,Internet,Daily,No,N/A,5.0,No,Yes,Strongly Disagree,2,1,0,3,1,4,4,4,1.3333333333333333,1,1.6,4.4
2026/08/17 09:44:00 AM GMT+3,18–24,Male,Kinondoni,Self-employed,Tigo,More than 5 years,"20,001–50,000",None,More than 300,11–30,Voice Calls,Daily,No,Better internet,4.0,Yes,No,Strongly Disagree,1,4,0,5,2,4,4,4,2.3333333333333335,4,3.25,4.0
2026/08/17 10:55:00 AM GMT+3,45–54,Male,Kigamboni,Self-employed,Halotel,Less than 1 year,"10,001–20,000",11–30,121–300,None,Mobile Money,Daily,Yes,N/A,1.0,No,No,Neutral,4,3,2,4,0,1,4,4,2.0,3,2.8499999999999996,1.0
2026/08/17 12:48:00 PM GMT+3,55+,Male,Kigamboni,Student,Halotel,Less than 1 year,"Less than TZS 5,000",None,Less than 30,11–30,Mixed Usage,Daily,No,Other,2.0,Yes,Yes,Strongly Disagree,5,1,0,1,2,1,4,4,1.0,1,1.2,1.4
2026/08/17 01:14:00 PM GMT+3,55+,Male,Ubungo,Self-employed,TTCL,1–2 years,"20,001–50,000",11–30,Less than 30,11–30,Voice Calls,Daily,No,N/A,1.0,No,No,Strongly Disagree,5,4,2,1,2,2,4,4,1.6666666666666667,4,2.65,1.6
2026/08/17 02:47:00 PM GMT+3,Under 18,Female,Temeke,Self-employed,Tigo,1–2 years,"5,000–10,000",1–10,61–120,None,Mixed Usage,Occasionally,Yes,Other,3.0,Yes,Yes,Strongly Agree,0,2,1,3,0,2,1,1,1.3333333333333333,2,1.75,2.4000000000000004
2026/08/17 02:53:00 PM GMT+3,35–44,Male,Temeke,Unemployed,Halotel,1–2 years,"More than 50,000",11–30,30–60,None,Mobile Money,Occasionally,Yes,N/A,2.0,Yes,No,Strongly Disagree,3,5,2,2,0,2,1,1,1.3333333333333333,5,2.75,2.0
2026/08/17 02:55:00 PM GMT+3,55+,Prefer not to say,Ilala,Business owner,Tigo,More than 5 years,"20,001–50,000",31–60,61–120,1–10,Mobile Money,Occasionally,Yes,Other,4.0,No,No,Strongly Disagree,5,4,3,3,1,4,1,1,2.3333333333333335,4,2.95,4.0
2026/08/17 04:13:00 PM GMT+3,18–24,Prefer not to say,Ilala,Business owner,Vodacom,3–5 years,"10,001–20,000",More than 60,Less than 30,None,SMS,Monthly,No,N/A,3.0,Yes,No,Neutral,1,3,4,1,0,3,2,2,1.6666666666666667,3,2.3,3.0
2026/08/17 04:17:00 PM GMT+3,Under 18,Prefer not to say,Ilala,Employed,Airtel,Less than 1 year,"10,001–20,000",More than 60,More than 300,1–10,Internet,Weekly,Yes,N/A,5.0,No,Yes,Neutral,0,3,4,5,1,1,3,3,3.3333333333333335,3,3.4999999999999996,2.6
2026/08/17 04:45:00 PM GMT+3,Under 18,Prefer not to say,Kinondoni,Unemployed,TTCL,More than 5 years,"20,001–50,000",11–30,More than 300,11–30,SMS,Daily,No,Other,4.0,Yes,Yes,Strongly Agree,0,4,2,5,2,4,4,4,3.0,4,3.65,4.0
2026/08/17 06:20:00 PM GMT+3,35–44,Prefer not to say,Ilala,Student,Tigo,1–2 years,"Less than TZS 5,000",31–60,Less than 30,1–10,SMS,Monthly,Yes,N/A,2.0,No,Yes,Strongly Disagree,3,1,3,1,1,2,2,2,1.6666666666666667,1,1.5000000000000002,2.0
2026/08/17 07:37:00 PM GMT+3,18–24,Male,Kinondoni,Student,Halotel,1–2 years,"20,001–50,000",1–10,More than 300,None,Mobile Money,Occasionally,Yes,Better customer service,3.0,Yes,Yes,Strongly Agree,1,4,1,5,0,2,1,1,2.0,4,2.95,2.4000000000000004
2026/08/17 07:58:00 PM GMT+3,55+,Prefer not to say,Kinondoni,Unemployed,TTCL,Less than 1 year,"More than 50,000",31–60,30–60,1–10,Voice Calls,Monthly,Yes,Lower prices,5.0,No,No,Agree,5,5,3,2,1,1,2,2,2.0,5,3.1500000000000004,2.6
2026/08/17 08:46:00 PM GMT+3,18–24,Prefer not to say,Kinondoni,Business owner,Halotel,1–2 years,"10,001–20,000",1–10,30–60,None,Voice Calls,Occasionally,No,Better network coverage,2.0,Yes,No,Strongly Disagree,1,3,1,2,0,2,1,1,1.0,3,1.8499999999999999,2.0
2026/08/17 09:06:00 PM GMT+3,45–54,Female,Kigamboni,Self-employed,Halotel,3–5 years,"More than 50,000",None,61–120,More than 30,SMS,Daily,Yes,N/A,2.0,No,Yes,Strongly Disagree,4,5,0,3,3,3,4,4,2.0,5,3.2,2.5999999999999996
2026/08/17 10:39:00 PM GMT+3,Under 18,Female,Kinondoni,Self-employed,Vodacom,3–5 years,"20,001–50,000",None,61–120,None,Internet,Daily,No,N/A,2.0,Yes,Yes,Strongly Agree,0,4,0,3,0,3,4,4,1.0,4,2.55,2.5999999999999996
2026/08/17 11:43:00 PM GMT+3,55+,Prefer not to say,Ubungo,Employed,Airtel,More than 5 years,"10,001–20,000",None,More than 300,None,Mixed Usage,Weekly,No,N/A,2.0,Yes,Yes,Agree,5,3,0,5,0,4,3,3,1.6666666666666667,3,2.5999999999999996,3.2
2026/08/18 12:50:00 AM GMT+3,Under 18,Prefer not to say,Kigamboni,Self-employed,Airtel,1–2 years,"Less than TZS 5,000",More than 60,30–60,1–10,Mixed Usage,Weekly,No,Other,1.0,Yes,Yes,Neutral,0,1,4,2,1,2,3,3,2.3333333333333335,1,2.05,1.6
2026/08/18 02:29:00 AM GMT+3,45–54,Female,Temeke,Unemployed,Halotel,More than 5 years,"More than 50,000",None,121–300,1–10,Internet,Monthly,Yes,Better internet,4.0,No,No,Strongly Disagree,4,5,0,4,1,4,2,2,1.6666666666666667,5,3.0500000000000003,4.0
2026/08/18 03:43:00 AM GMT+3,25–34,Male,Temeke,Unemployed,Halotel,More than 5 years,"More than 50,000",1–10,61–120,None,SMS,Daily,No,Better customer service,2.0,Yes,Yes,Agree,2,5,1,3,0,4,4,4,1.3333333333333333,5,3.1,3.2
2026/08/18 04:44:00 AM GMT+3,Under 18,Prefer not to say,Ubungo,Employed,Airtel,Less than 1 year,"More than 50,000",None,61–120,None,SMS,Weekly,Yes,Lower prices,1.0,Yes,No,Strongly Disagree,0,5,0,3,0,1,3,3,1.0,5,2.8,1.0
2026/08/18 05:42:00 AM GMT+3,55+,Male,Temeke,Unemployed,Vodacom,1–2 years,"10,001–20,000",More than 60,More than 300,1–10,Mobile Money,Daily,Yes,Lower prices,5.0,No,Yes,Neutral,5,3,4,5,1,2,4,4,3.3333333333333335,3,3.5999999999999996,3.2
2026/08/18 07:35:00 AM GMT+3,Under 18,Prefer not to say,Ilala,Self-employed,TTCL,1–2 years,"More than 50,000",31–60,30–60,1–10,Voice Calls,Monthly,Yes,N/A,4.0,Yes,No,Neutral,0,5,3,2,1,2,2,2,2.0,5,3.1500000000000004,2.8
2026/08/18 09:31:00 AM GMT+3,45–54,Female,Ubungo,Unemployed,Vodacom,3–5 years,"20,001–50,000",More than 60,Less than 30,1–10,Mixed Usage,Daily,Yes,N/A,4.0,Yes,No,Neutral,4,4,4,1,1,3,4,4,2.0,4,2.95,3.4
2026/08/18 10:14:00 AM GMT+3,45–54,Female,Ilala,Employed,Vodacom,1–2 years,"More than 50,000",None,30–60,More than 30,Voice Calls,Daily,No,Better network coverage,1.0,No,Yes,Strongly Disagree,4,5,0,2,3,2,4,4,1.6666666666666667,5,2.95,1.6
2026/08/18 11:56:00 AM GMT+3,55+,Prefer not to say,Kigamboni,Self-employed,Tigo,Less than 1 year,"5,000–10,000",11–30,61–120,1–10,Mixed Usage,Daily,Yes,N/A,4.0,Yes,Yes,Agree,5,2,2,3,1,1,4,4,2.0,2,2.35,2.2
2026/08/18 12:26:00 PM GMT+3,Under 18,Male,Kinondoni,Student,Tigo,Less than 1 year,"20,001–50,000",None,121–300,None,SMS,Daily,Yes,N/A,5.0,No,Yes,Strongly Disagree,0,4,0,4,0,1,4,4,1.3333333333333333,4,2.8,2.6
2026/08/18 02:25:00 PM GMT+3,55+,Male,Kigamboni,Employed,Halotel,More than 5 years,"Less than TZS 5,000",11–30,121–300,None,Mobile Money,Daily,No,Better network coverage,5.0,No,Yes,Agree,5,1,2,4,0,4,4,4,2.0,1,2.15,4.4
2026/08/18 04:20:00 PM GMT+3,55+,Male,Ilala,Student,Vodacom,More than 5 years,"20,001–50,000",31–60,More than 300,1–10,Mobile Money,Weekly,No,Lower prices,3.0,Yes,Yes,Agree,5,4,3,5,1,4,3,3,3.0,4,3.65,3.6
2026/08/18 05:46:00 PM GMT+3,55+,Female,Ubungo,Unemployed,Vodacom,1–2 years,"Less than TZS 5,000",11–30,61–120,None,SMS,Weekly,No,N/A,4.0,No,No,Strongly Agree,5,1,2,3,0,2,3,3,1.6666666666666667,1,1.8,2.8
2026/08/18 07:28:00 PM GMT+3,Under 18,Female,Ubungo,Business owner,Halotel,1–2 years,"10,001–20,000",11–30,61–120,None,Voice Calls,Weekly,No,N/A,5.0,No,Yes,Strongly Disagree,0,3,2,3,0,2,3,3,1.6666666666666667,3,2.5,3.2
2026/08/18 09:18:00 PM GMT+3,18–24,Female,Temeke,Employed,Tigo,3–5 years,"5,000–10,000",More than 60,61–120,More than 30,Mixed Usage,Occasionally,No,Better internet,1.0,Yes,Yes,Neutral,1,2,4,3,3,3,1,1,3.3333333333333335,2,2.6500000000000004,2.1999999999999997
2026/08/18 11:01:00 PM GMT+3,55+,Male,Kinondoni,Student,TTCL,1–2 years,"Less than TZS 5,000",11–30,61–120,More than 30,Mobile Money,Occasionally,Yes,Lower prices,3.0,No,Yes,Strongly Disagree,5,1,2,3,3,2,1,1,2.6666666666666665,1,1.9000000000000001,2.4000000000000004
2026/08/19 12:36:00 AM GMT+3,45–54,Female,Kigamboni,Unemployed,TTCL,Less than 1 year,"10,001–20,000",1–10,Less than 30,More than 30,SMS,Monthly,No,N/A,2.0,Yes,No,Neutral,4,3,1,1,3,1,2,2,1.6666666666666667,3,1.9999999999999998,1.4
2026/08/19 02:34:00 AM GMT+3,45–54,Female,Ilala,Self-employed,TTCL,More than 5 years,"Less than TZS 5,000",1–10,30–60,More than 30,Mixed Usage,Daily,Yes,Better network coverage,1.0,Yes,No,Strongly Disagree,4,1,1,2,3,4,4,4,2.0,1,1.7500000000000002,2.8
2026/08/19 02:41:00 AM GMT+3,35–44,Female,Kinondoni,Employed,Vodacom,Less than 1 year,"10,001–20,000",None,121–300,More than 30,Mixed Usage,Daily,No,N/A,2.0,Yes,No,Strongly Disagree,3,3,0,4,3,1,4,4,2.3333333333333335,3,2.75,1.4
2026/08/19 03:42:00 AM GMT+3,55+,Male,Ubungo,Unemployed,Tigo,3–5 years,"20,001–50,000",1–10,More than 300,None,SMS,Monthly,Yes,N/A,3.0,No,No,Strongly Disagree,5,4,1,5,0,3,2,2,2.0,4,3.0500000000000003,3.0
2026/08/19 04:25:00 AM GMT+3,25–34,Male,Ubungo,Student,Airtel,More than 5 years,"20,001–50,000",1–10,30–60,More than 30,Internet,Monthly,No,Promotions,2.0,No,No,Strongly Agree,2,4,1,2,3,4,2,2,2.0,4,2.6000000000000005,3.2
2026/08/19 05:35:00 AM GMT+3,35–44,Male,Ubungo,Employed,Tigo,3–5 years,"20,001–50,000",More than 60,121–300,11–30,Voice Calls,Monthly,No,Better network coverage,3.0,Yes,No,Strongly Agree,3,4,4,4,2,3,2,2,3.3333333333333335,4,3.6000000000000005,3.0
2026/08/19 07:23:00 AM GMT+3,55+,Female,Kinondoni,Business owner,TTCL,1–2 years,"20,001–50,000",11–30,121–300,More than 30,SMS,Weekly,No,Better network coverage,5.0,Yes,No,Strongly Disagree,5,4,2,4,3,2,3,3,3.0,4,3.3999999999999995,3.2
2026/08/19 08:29:00 AM GMT+3,25–34,Prefer not to say,Ubungo,Self-employed,Vodacom,3–5 years,"More than 50,000",More than 60,Less than 30,11–30,Internet,Monthly,Yes,N/A,4.0,Yes,No,Strongly Agree,2,5,4,1,2,3,2,2,2.3333333333333335,5,3.2,3.4
2026/08/19 09:29:00 AM GMT+3,35–44,Female,Kinondoni,Unemployed,TTCL,3–5 years,"Less than TZS 5,000",None,30–60,More than 30,SMS,Daily,Yes,Better network coverage,4.0,Yes,No,Strongly Agree,3,1,0,2,3,3,4,4,1.6666666666666667,1,1.55,3.4
2026/08/19 11:11:00 AM GMT+3,55+,Female,Ilala,Self-employed,Tigo,3–5 years,"More than 50,000",11–30,30–60,More than 30,Internet,Occasionally,Yes,Better internet,1.0,No,No,Strongly Disagree,5,5,2,2,3,3,1,1,2.3333333333333335,5,3.05,2.1999999999999997
2026/08/19 12:03:00 PM GMT+3,Under 18,Prefer not to say,Ilala,Business owner,Tigo,Less than 1 year,"Less than TZS 5,000",11–30,61–120,11–30,SMS,Weekly,No,Better customer service,2.0,No,Yes,Neutral,0,1,2,3,2,1,3,3,2.3333333333333335,1,2.0,1.4
2026/08/19 12:41:00 PM GMT+3,18–24,Female,Ubungo,Student,Airtel,3–5 years,"20,001–50,000",31–60,30–60,None,Mobile Money,Daily,Yes,Better internet,4.0,Yes,No,Strongly Disagree,1,4,3,2,0,3,4,4,1.6666666666666667,4,2.9,3.4
2026/08/19 02:23:00 PM GMT+3,18–24,Prefer not to say,Kigamboni,Unemployed,Airtel,1–2 years,"More than 50,000",1–10,More than 300,11–30,Internet,Daily,No,Other,1.0,No,No,Agree,1,5,1,5,2,2,4,4,2.6666666666666665,5,3.8000000000000003,1.6
2026/08/19 03:45:00 PM GMT+3,Under 18,Female,Ubungo,Self-employed,Tigo,More than 5 years,"More than 50,000",31–60,121–300,More than 30,SMS,Daily,Yes,N/A,5.0,Yes,Yes,Agree,0,5,3,4,3,4,4,4,3.3333333333333335,5,4.05,4.4
2026/08/19 04:21:00 PM GMT+3,45–54,Prefer not to say,Kinondoni,Self-employed,Tigo,Less than 1 year,"10,001–20,000",None,More than 300,11–30,Voice Calls,Daily,Yes,N/A,3.0,Yes,Yes,Neutral,4,3,0,5,2,1,4,4,2.3333333333333335,3,2.9,1.8000000000000003
2026/08/19 06:09:00 PM GMT+3,Under 18,Female,Ilala,Student,TTCL,3–5 years,"Less than TZS 5,000",None,121–300,1–10,Mobile Money,Monthly,No,Better internet,1.0,Yes,Yes,Strongly Disagree,0,1,0,4,1,3,2,2,1.6666666666666667,1,1.6500000000000001,2.1999999999999997
2026/08/19 07:24:00 PM GMT+3,45–54,Female,Kinondoni,Employed,Tigo,1–2 years,"10,001–20,000",None,30–60,11–30,Internet,Monthly,Yes,Better customer service,5.0,No,Yes,Strongly Agree,4,3,0,2,2,2,2,2,1.3333333333333333,3,1.9499999999999997,3.2
2026/08/19 08:52:00 PM GMT+3,18–24,Male,Ubungo,Unemployed,Halotel,More than 5 years,"10,001–20,000",31–60,121–300,1–10,Internet,Daily,No,Promotions,5.0,No,Yes,Neutral,1,3,3,4,1,4,4,4,2.6666666666666665,3,3.15,4.4
2026/08/19 10:23:00 PM GMT+3,55+,Male,Ubungo,Student,Vodacom,More than 5 years,"Less than TZS 5,000",31–60,61–120,None,Voice Calls,Occasionally,No,N/A,2.0,Yes,Yes,Neutral,5,1,3,3,0,4,1,1,2.0,1,1.8000000000000003,3.2
2026/08/19 11:35:00 PM GMT+3,25–34,Prefer not to say,Temeke,Unemployed,Airtel,1–2 years,"10,001–20,000",31–60,30–60,None,Voice Calls,Occasionally,No,N/A,2.0,No,Yes,Strongly Disagree,2,3,3,2,0,2,1,1,1.6666666666666667,3,2.25,2.0
2026/08/20 12:59:00 AM GMT+3,25–34,Female,Temeke,Employed,Halotel,1–2 years,"Less than TZS 5,000",None,121–300,More than 30,Internet,Occasionally,No,Better network coverage,1.0,No,No,Neutral,2,1,0,4,3,2,1,1,2.3333333333333335,1,1.7500000000000002,1.6
2026/08/20 01:16:00 AM GMT+3,45–54,Female,Ilala,Unemployed,Vodacom,3–5 years,"Less than TZS 5,000",11–30,121–300,1–10,Mixed Usage,Daily,Yes,N/A,4.0,No,No,Strongly Agree,4,1,2,4,1,3,4,4,2.3333333333333335,1,2.25,3.4
2026/08/20 02:06:00 AM GMT+3,Under 18,Prefer not to say,Kigamboni,Employed,Airtel,Less than 1 year,"More than 50,000",11–30,121–300,More than 30,Internet,Daily,No,Other,2.0,Yes,Yes,Strongly Agree,0,5,2,4,3,1,4,4,3.0,5,3.8499999999999996,1.4
2026/08/20 02:22:00 AM GMT+3,25–34,Female,Temeke,Business owner,TTCL,3–5 years,"10,001–20,000",None,121–300,1–10,Mixed Usage,Monthly,Yes,N/A,4.0,Yes,No,Strongly Agree,2,3,0,4,1,3,2,2,1.6666666666666667,3,2.35,3.4
2026/08/20 03:06:00 AM GMT+3,18–24,Female,Kinondoni,Student,Vodacom,1–2 years,"Less than TZS 5,000",More than 60,Less than 30,More than 30,Mixed Usage,Weekly,No,Other,1.0,No,Yes,Strongly Agree,1,1,4,1,3,2,3,3,2.6666666666666665,1,2.0,1.6
2026/08/20 04:10:00 AM GMT+3,45–54,Male,Temeke,Self-employed,TTCL,1–2 years,"Less than TZS 5,000",11–30,61–120,11–30,Mixed Usage,Daily,No,N/A,5.0,Yes,Yes,Strongly Disagree,4,1,2,3,2,2,4,4,2.3333333333333335,1,2.1,3.2
2026/08/20 05:59:00 AM GMT+3,35–44,Male,Temeke,Student,TTCL,3–5 years,"5,000–10,000",1–10,More than 300,1–10,Mixed Usage,Daily,Yes,Other,2.0,No,Yes,Neutral,3,2,1,5,1,3,4,4,2.3333333333333335,2,2.65,2.5999999999999996
2026/08/20 07:49:00 AM GMT+3,45–54,Prefer not to say,Kigamboni,Student,Airtel,3–5 years,"More than 50,000",More than 60,More than 300,1–10,Internet,Occasionally,Yes,Better customer service,3.0,Yes,Yes,Strongly Disagree,4,5,4,5,1,3,1,1,3.3333333333333335,5,4.0,3.0
2026/08/20 08:51:00 AM GMT+3,45–54,Male,Temeke,Unemployed,Halotel,Less than 1 year,"10,001–20,000",More than 60,Less than 30,None,Voice Calls,Weekly,Yes,N/A,3.0,Yes,Yes,Strongly Disagree,4,3,4,1,0,1,3,3,1.6666666666666667,3,2.3999999999999995,1.8000000000000003
2026/08/20 10:51:00 AM GMT+3,45–54,Female,Ubungo,Employed,Tigo,Less than 1 year,"10,001–20,000",31–60,More than 300,11–30,SMS,Daily,No,Lower prices,3.0,No,No,Neutral,4,3,3,5,2,1,4,4,3.3333333333333335,3,3.5,1.8000000000000003
2026/08/20 11:39:00 AM GMT+3,18–24,Male,Kinondoni,Unemployed,Airtel,3–5 years,"Less than TZS 5,000",11–30,61–120,1–10,Mobile Money,Weekly,No,N/A,5.0,Yes,No,Strongly Agree,1,1,2,3,1,3,3,3,2.0,1,1.9000000000000001,3.8
2026/08/20 01:24:00 PM GMT+3,Under 18,Prefer not to say,Ubungo,Business owner,TTCL,More than 5 years,"20,001–50,000",1–10,Less than 30,None,Voice Calls,Occasionally,No,N/A,5.0,Yes,No,Strongly Disagree,0,4,1,1,0,4,1,1,0.6666666666666666,4,1.95,4.4
2026/08/20 02:19:00 PM GMT+3,Under 18,Male,Kinondoni,Student,Halotel,More than 5 years,"20,001–50,000",11–30,121–300,More than 30,SMS,Occasionally,No,Better internet,4.0,No,Yes,Strongly Disagree,0,4,2,4,3,4,1,1,3.0,4,3.2,4.0
2026/08/20 04:07:00 PM GMT+3,45–54,Male,Ilala,Business owner,Halotel,3–5 years,"More than 50,000",1–10,30–60,More than 30,Mobile Money,Daily,Yes,Lower prices,5.0,No,No,Agree,4,5,1,2,3,3,4,4,2.0,5,3.1500000000000004,3.8
2026/08/20 05:38:00 PM GMT+3,45–54,Male,Kinondoni,Employed,Halotel,1–2 years,"More than 50,000",None,30–60,11–30,Internet,Monthly,No,Better customer service,1.0,Yes,No,Agree,4,5,0,2,2,2,2,2,1.3333333333333333,5,2.6500000000000004,1.6
2026/08/20 05:41:00 PM GMT+3,18–24,Male,Temeke,Student,Halotel,1–2 years,"5,000–10,000",31–60,More than 300,1–10,Voice Calls,Occasionally,No,Lower prices,2.0,No,Yes,Strongly Disagree,1,2,3,5,1,2,1,1,3.0,2,2.75,2.0
2026/08/20 07:04:00 PM GMT+3,35–44,Prefer not to say,Ubungo,Employed,Vodacom,More than 5 years,"5,000–10,000",More than 60,61–120,None,Mobile Money,Occasionally,No,N/A,4.0,No,No,Agree,3,2,4,3,0,4,1,1,2.3333333333333335,2,2.35,4.0
2026/08/20 08:45:00 PM GMT+3,35–44,Male,Kigamboni,Employed,Tigo,Less than 1 year,"5,000–10,000",None,Less than 30,None,SMS,Monthly,Yes,Better customer service,5.0,Yes,Yes,Strongly Disagree,3,2,0,1,0,1,2,2,0.3333333333333333,2,1.15,2.6
2026/08/20 08:59:00 PM GMT+3,35–44,Male,Temeke,Employed,TTCL,More than 5 years,"10,001–20,000",None,Less than 30,More than 30,Internet,Daily,No,Other,3.0,Yes,No,Agree,3,3,0,1,3,4,4,4,1.3333333333333333,3,1.9999999999999998,3.6
2026/08/20 10:55:00 PM GMT+3,Under 18,Prefer not to say,Temeke,Student,Halotel,1–2 years,"Less than TZS 5,000",11–30,Less than 30,11–30,Mobile Money,Occasionally,No,Other,1.0,No,Yes,Strongly Disagree,0,1,2,1,2,2,1,1,1.6666666666666667,1,1.3,1.6
2026/08/21 12:02:00 AM GMT+3,45–54,Male,Temeke,Self-employed,Airtel,Less than 1 year,"More than 50,000",11–30,121–300,More than 30,SMS,Monthly,Yes,Other,2.0,Yes,No,Strongly Disagree,4,5,2,4,3,1,2,2,3.0,5,3.6500000000000004,1.4
2026/08/21 12:31:00 AM GMT+3,55+,Male,Ilala,Business owner,Airtel,Less than 1 year,"5,000–10,000",More than 60,Less than 30,None,Voice Calls,Weekly,Yes,Promotions,3.0,No,Yes,Agree,5,2,4,1,0,1,3,3,1.6666666666666667,2,2.05,1.8000000000000003
2026/08/21 02:00:00 AM GMT+3,45–54,Prefer not to say,Kinondoni,Student,TTCL,1–2 years,"Less than TZS 5,000",11–30,121–300,11–30,Voice Calls,Monthly,No,N/A,4.0,No,No,Strongly Disagree,4,1,2,4,2,2,2,2,2.6666666666666665,1,2.15,2.8
2026/08/21 02:05:00 AM GMT+3,Under 18,Male,Ubungo,Self-employed,Vodacom,Less than 1 year,"20,001–50,000",11–30,30–60,11–30,Mixed Usage,Weekly,Yes,N/A,5.0,No,Yes,Strongly Agree,0,4,2,2,2,1,3,3,2.0,4,2.8,2.6
2026/08/21 03:12:00 AM GMT+3,25–34,Prefer not to say,Kigamboni,Student,TTCL,1–2 years,"10,001–20,000",31–60,Less than 30,More than 30,Voice Calls,Daily,Yes,Better internet,4.0,No,No,Strongly Disagree,2,3,3,1,3,2,4,4,2.3333333333333335,3,2.5999999999999996,2.8
2026/08/21 04:04:00 AM GMT+3,25–34,Male,Ilala,Unemployed,Tigo,3–5 years,"5,000–10,000",None,Less than 30,More than 30,Internet,Occasionally,No,Lower prices,2.0,No,Yes,Agree,2,2,0,1,3,3,1,1,1.3333333333333333,2,1.35,2.5999999999999996
2026/08/21 04:31:00 AM GMT+3,55+,Prefer not to say,Kigamboni,Business owner,Halotel,1–2 years,"More than 50,000",More than 60,Less than 30,None,Mixed Usage,Weekly,Yes,Lower prices,3.0,Yes,Yes,Strongly Disagree,5,5,4,1,0,2,3,3,1.6666666666666667,5,3.0999999999999996,2.4000000000000004
2026/08/21 06:07:00 AM GMT+3,45–54,Male,Kigamboni,Student,Vodacom,More than 5 years,"More than 50,000",More than 60,61–120,More than 30,SMS,Weekly,No,Better internet,2.0,Yes,No,Strongly Disagree,4,5,4,3,3,4,3,3,3.3333333333333335,5,3.8999999999999995,3.2
2026/08/21 06:12:00 AM GMT+3,45–54,Male,Ilala,Self-employed,Airtel,3–5 years,"Less than TZS 5,000",31–60,30–60,11–30,Voice Calls,Weekly,No,Better internet,2.0,Yes,Yes,Strongly Agree,4,1,3,2,2,3,3,3,2.3333333333333335,1,1.9500000000000002,2.5999999999999996
2026/08/21 08:12:00 AM GMT+3,Under 18,Female,Kigamboni,Unemployed,TTCL,3–5 years,"More than 50,000",31–60,61–120,11–30,Internet,Daily,No,N/A,1.0,No,Yes,Strongly Agree,0,5,3,3,2,3,4,4,2.6666666666666665,5,3.7,2.1999999999999997
2026/08/21 09:34:00 AM GMT+3,35–44,Male,Kinondoni,Employed,Airtel,Less than 1 year,"More than 50,000",1–10,61–120,More than 30,Mobile Money,Daily,Yes,N/A,2.0,Yes,No,Agree,3,5,1,3,3,1,4,4,2.3333333333333335,5,3.4000000000000004,1.4
2026/08/21 10:41:00 AM GMT+3,18–24,Prefer not to say,Ubungo,Unemployed,Vodacom,3–5 years,"10,001–20,000",11–30,121–300,1–10,Mixed Usage,Occasionally,Yes,Better network coverage,1.0,No,Yes,Agree,1,3,2,4,1,3,1,1,2.3333333333333335,3,2.65,2.1999999999999997
2026/08/21 11:45:00 AM GMT+3,35–44,Female,Kinondoni,Unemployed,Tigo,More than 5 years,"More than 50,000",More than 60,61–120,11–30,SMS,Daily,No,Better network coverage,3.0,Yes,No,Agree,3,5,4,3,2,4,4,4,3.0,5,3.9,3.6
2026/08/21 01:22:00 PM GMT+3,18–24,Prefer not to say,Ilala,Student,TTCL,More than 5 years,"20,001–50,000",11–30,Less than 30,1–10,Internet,Daily,Yes,N/A,2.0,No,Yes,Neutral,1,4,2,1,1,4,4,4,1.3333333333333333,4,2.55,3.2
2026/08/21 03:09:00 PM GMT+3,35–44,Male,Kinondoni,Self-employed,Halotel,Less than 1 year,"10,001–20,000",None,61–120,11–30,Mobile Money,Weekly,No,N/A,4.0,No,Yes,Strongly Disagree,3,3,0,3,2,1,3,3,1.6666666666666667,3,2.3,2.2
2026/08/21 03:53:00 PM GMT+3,35–44,Female,Ubungo,Self-employed,Airtel,Less than 1 year,"Less than TZS 5,000",None,Less than 30,More than 30,Mobile Money,Weekly,Yes,Better customer service,5.0,Yes,No,Agree,3,1,0,1,3,1,3,3,1.3333333333333333,1,1.2000000000000002,2.6
2026/08/21 05:45:00 PM GMT+3,55+,Male,Ilala,Self-employed,Halotel,More than 5 years,"5,000–10,000",31–60,Less than 30,None,Internet,Weekly,Yes,Better customer service,2.0,Yes,No,Agree,5,2,3,1,0,4,3,3,1.3333333333333333,2,1.85,3.2
2026/08/21 06:45:00 PM GMT+3,35–44,Female,Ubungo,Self-employed,TTCL,3–5 years,"Less than TZS 5,000",11–30,61–120,None,Mobile Money,Weekly,Yes,Promotions,3.0,No,Yes,Neutral,3,1,2,3,0,3,3,3,1.6666666666666667,1,1.8,3.0
2026/08/21 08:20:00 PM GMT+3,35–44,Female,Ilala,Self-employed,Airtel,More than 5 years,"10,001–20,000",More than 60,121–300,None,Voice Calls,Weekly,Yes,Lower prices,2.0,Yes,Yes,Strongly Agree,3,3,4,4,0,4,3,3,2.6666666666666665,3,3.1499999999999995,3.2
2026/08/21 09:43:00 PM GMT+3,45–54,Prefer not to say,Temeke,Unemployed,TTCL,1–2 years,"More than 50,000",More than 60,30–60,None,Mobile Money,Monthly,Yes,Promotions,4.0,Yes,Yes,Strongly Disagree,4,5,4,2,0,2,2,2,2.0,5,3.25,2.8
2026/08/21 09:45:00 PM GMT+3,55+,Prefer not to say,Ilala,Student,Airtel,3–5 years,"20,001–50,000",31–60,More than 300,None,Internet,Monthly,Yes,Lower prices,2.0,Yes,No,Strongly Disagree,5,4,3,5,0,3,2,2,2.6666666666666665,4,3.45,2.5999999999999996
2026/08/21 09:53:00 PM GMT+3,55+,Male,Ilala,Unemployed,Halotel,More than 5 years,"Less than TZS 5,000",More than 60,121–300,None,Voice Calls,Weekly,No,N/A,3.0,No,No,Neutral,5,1,4,4,0,4,3,3,2.6666666666666665,1,2.45,3.6
2026/08/21 11:27:00 PM GMT+3,35–44,Male,Ilala,Employed,Airtel,3–5 years,"Less than TZS 5,000",None,61–120,11–30,Mobile Money,Monthly,Yes,Better internet,5.0,Yes,No,Agree,3,1,0,3,2,3,2,2,1.6666666666666667,1,1.5,3.8
2026/08/21 11:38:00 PM GMT+3,45–54,Male,Temeke,Student,Airtel,More than 5 years,"20,001–50,000",More than 60,More than 300,11–30,Internet,Weekly,No,N/A,5.0,Yes,Yes,Strongly Agree,4,4,4,5,2,4,3,3,3.6666666666666665,4,3.95,4.4
2026/08/22 01:12:00 AM GMT+3,45–54,Male,Kinondoni,Employed,Vodacom,3–5 years,"Less than TZS 5,000",31–60,121–300,11–30,Mixed Usage,Daily,No,N/A,5.0,Yes,Yes,Neutral,4,1,3,4,2,3,4,4,3.0,1,2.5500000000000003,3.8
2026/08/22 02:10:00 AM GMT+3,Under 18,Male,Ubungo,Business owner,Airtel,More than 5 years,"20,001–50,000",1–10,Less than 30,11–30,Mixed Usage,Monthly,Yes,Promotions,5.0,No,No,Agree,0,4,1,1,2,4,2,2,1.3333333333333333,4,2.25,4.4
2026/08/22 03:37:00 AM GMT+3,45–54,Female,Kigamboni,Business owner,Airtel,3–5 years,"More than 50,000",More than 60,30–60,More than 30,Mixed Usage,Monthly,Yes,N/A,5.0,Yes,No,Neutral,4,5,4,2,3,3,2,2,3.0,5,3.55,3.8
2026/08/22 04:42:00 AM GMT+3,25–34,Male,Ilala,Business owner,Tigo,1–2 years,"10,001–20,000",More than 60,61–120,1–10,Internet,Monthly,Yes,Better internet,2.0,No,No,Neutral,2,3,4,3,1,2,2,2,2.6666666666666665,3,2.9,2.0
2026/08/22 06:40:00 AM GMT+3,35–44,Male,Kinondoni,Student,Vodacom,Less than 1 year,"Less than TZS 5,000",1–10,121–300,None,Mobile Money,Weekly,No,Lower prices,3.0,Yes,No,Neutral,3,1,1,4,0,1,3,3,1.6666666666666667,1,1.85,1.8000000000000003
2026/08/22 08:08:00 AM GMT+3,45–54,Female,Temeke,Unemployed,Tigo,More than 5 years,"5,000–10,000",1–10,30–60,11–30,Mixed Usage,Occasionally,Yes,Better internet,3.0,No,No,Strongly Agree,4,2,1,2,2,4,1,1,1.6666666666666667,2,1.7,3.6
2026/08/22 09:54:00 AM GMT+3,55+,Prefer not to say,Ubungo,Employed,TTCL,More than 5 years,"20,001–50,000",More than 60,30–60,1–10,Internet,Occasionally,No,N/A,2.0,Yes,Yes,Strongly Agree,5,4,4,2,1,4,1,1,2.3333333333333335,4,2.9000000000000004,3.2
2026/08/22 10:09:00 AM GMT+3,35–44,Male,Kinondoni,Unemployed,Tigo,Less than 1 year,"20,001–50,000",1–10,30–60,More than 30,SMS,Monthly,Yes,Other,1.0,Yes,No,Strongly Disagree,3,4,1,2,3,1,2,2,2.0,4,2.6000000000000005,1.0
2026/08/22 10:17:00 AM GMT+3,18–24,Male,Ubungo,Employed,Vodacom,Less than 1 year,"Less than TZS 5,000",None,61–120,11–30,Internet,Monthly,No,Better customer service,3.0,Yes,No,Neutral,1,1,0,3,2,1,2,2,1.6666666666666667,1,1.5,1.8000000000000003
2026/08/22 10:43:00 AM GMT+3,35–44,Female,Ubungo,Unemployed,TTCL,3–5 years,"More than 50,000",31–60,More than 300,11–30,Mobile Money,Monthly,Yes,N/A,2.0,Yes,No,Strongly Disagree,3,5,3,5,2,3,2,2,3.3333333333333335,5,4.0,2.5999999999999996
2026/08/22 11:09:00 AM GMT+3,45–54,Prefer not to say,Ubungo,Employed,Vodacom,Less than 1 year,"10,001–20,000",1–10,61–120,More than 30,Mixed Usage,Daily,No,Promotions,2.0,Yes,Yes,Neutral,4,3,1,3,3,1,4,4,2.3333333333333335,3,2.7,1.4
2026/08/22 11:46:00 AM GMT+3,Under 18,Male,Kigamboni,Employed,Tigo,1–2 years,"5,000–10,000",None,30–60,11–30,Voice Calls,Weekly,Yes,Better customer service,4.0,Yes,No,Neutral,0,2,0,2,2,2,3,3,1.3333333333333333,2,1.7,2.8
2026/08/22 01:19:00 PM GMT+3,55+,Prefer not to say,Ubungo,Business owner,Vodacom,3–5 years,"Less than TZS 5,000",None,30–60,1–10,Voice Calls,Weekly,No,N/A,1.0,Yes,Yes,Neutral,5,1,0,2,1,3,3,3,1.0,1,1.25,2.1999999999999997
2026/08/22 03:13:00 PM GMT+3,Under 18,Prefer not to say,Ilala,Student,Halotel,Less than 1 year,"20,001–50,000",1–10,30–60,More than 30,Mobile Money,Daily,Yes,Better network coverage,5.0,No,No,Agree,0,4,1,2,3,1,4,4,2.0,4,2.8,2.6
2026/08/22 03:36:00 PM GMT+3,35–44,Male,Kigamboni,Business owner,Vodacom,Less than 1 year,"10,001–20,000",More than 60,30–60,More than 30,SMS,Weekly,Yes,Promotions,2.0,No,No,Strongly Agree,3,3,4,2,3,1,3,3,3.0,3,2.9499999999999993,1.4
2026/08/22 03:43:00 PM GMT+3,55+,Male,Temeke,Employed,TTCL,1–2 years,"10,001–20,000",None,Less than 30,1–10,Mobile Money,Monthly,Yes,Better internet,2.0,No,Yes,Strongly Disagree,5,3,0,1,1,2,2,2,0.6666666666666666,3,1.5999999999999999,2.0
2026/08/22 04:09:00 PM GMT+3,35–44,Prefer not to say,Kigamboni,Self-employed,Tigo,1–2 years,"More than 50,000",None,Less than 30,None,SMS,Occasionally,Yes,Lower prices,4.0,No,Yes,Neutral,3,5,0,1,0,2,1,1,0.3333333333333333,5,2.1,2.8
2026/08/22 04:52:00 PM GMT+3,45–54,Male,Kigamboni,Business owner,Vodacom,3–5 years,"More than 50,000",More than 60,121–300,More than 30,Internet,Occasionally,No,Promotions,2.0,No,No,Neutral,4,5,4,4,3,3,1,1,3.6666666666666665,5,3.95,2.5999999999999996
2026/08/22 05:35:00 PM GMT+3,35–44,Male,Ubungo,Business owner,Tigo,More than 5 years,"Less than TZS 5,000",31–60,30–60,1–10,Voice Calls,Weekly,Yes,Better network coverage,2.0,Yes,Yes,Strongly Disagree,3,1,3,2,1,4,3,3,2.0,1,1.8500000000000003,3.2
2026/08/22 06:37:00 PM GMT+3,55+,Female,Temeke,Employed,TTCL,3–5 years,"Less than TZS 5,000",More than 60,121–300,11–30,Mobile Money,Monthly,No,N/A,2.0,Yes,No,Neutral,5,1,4,4,2,3,2,2,3.3333333333333335,1,2.5500000000000007,2.5999999999999996
2026/08/22 07:55:00 PM GMT+3,55+,Prefer not to say,Kigamboni,Unemployed,Tigo,3–5 years,"Less than TZS 5,000",None,More than 300,More than 30,Mobile Money,Monthly,No,Other,2.0,No,No,Neutral,5,1,0,5,3,3,2,2,2.6666666666666665,1,2.1,2.5999999999999996
2026/08/22 09:46:00 PM GMT+3,18–24,Female,Ilala,Student,Airtel,More than 5 years,"5,000–10,000",31–60,61–120,11–30,Voice Calls,Daily,No,N/A,5.0,Yes,Yes,Neutral,1,2,3,3,2,4,4,4,2.6666666666666665,2,2.65,4.4
2026/08/22 10:16:00 PM GMT+3,55+,Female,Ubungo,Unemployed,Halotel,More than 5 years,"5,000–10,000",None,30–60,1–10,SMS,Weekly,Yes,N/A,1.0,Yes,No,Strongly Agree,5,2,0,2,1,4,3,3,1.0,2,1.6,2.8
2026/08/22 10:45:00 PM GMT+3,55+,Male,Temeke,Employed,Tigo,Less than 1 year,"Less than TZS 5,000",1–10,121–300,1–10,Mobile Money,Occasionally,Yes,N/A,2.0,Yes,Yes,Strongly Agree,5,1,1,4,1,1,1,1,2.0,1,1.7500000000000002,1.4
2026/08/23 12:25:00 AM GMT+3,18–24,Prefer not to say,Ubungo,Business owner,Halotel,More than 5 years,"More than 50,000",More than 60,121–300,11–30,SMS,Monthly,Yes,N/A,4.0,No,No,Strongly Agree,1,5,4,4,2,4,2,2,3.3333333333333335,5,3.95,4.0
2026/08/23 12:40:00 AM GMT+3,18–24,Male,Temeke,Business owner,Tigo,More than 5 years,"More than 50,000",11–30,Less than 30,11–30,SMS,Occasionally,Yes,N/A,4.0,No,No,Agree,1,5,2,1,2,4,1,1,1.6666666666666667,5,2.7,4.0
2026/08/23 02:34:00 AM GMT+3,35–44,Male,Kinondoni,Self-employed,Vodacom,1–2 years,"5,000–10,000",11–30,30–60,11–30,Mobile Money,Weekly,Yes,Better customer service,4.0,No,No,Agree,3,2,2,2,2,2,3,3,2.0,2,2.1,2.8
2026/08/23 02:37:00 AM GMT+3,Under 18,Male,Temeke,Employed,Vodacom,3–5 years,"20,001–50,000",None,121–300,1–10,SMS,Monthly,No,N/A,3.0,No,Yes,Neutral,0,4,0,4,1,3,2,2,1.6666666666666667,4,2.7,3.0
2026/08/23 03:21:00 AM GMT+3,45–54,Male,Ubungo,Employed,TTCL,Less than 1 year,"20,001–50,000",More than 60,30–60,None,Mixed Usage,Weekly,No,Better internet,4.0,No,Yes,Neutral,4,4,4,2,0,1,3,3,2.0,4,3.0,2.2
2026/08/23 03:23:00 AM GMT+3,35–44,Male,Kigamboni,Business owner,Airtel,3–5 years,"Less than TZS 5,000",31–60,61–120,11–30,Mobile Money,Occasionally,Yes,Other,4.0,Yes,No,Neutral,3,1,3,3,2,3,1,1,2.6666666666666665,1,2.0000000000000004,3.4
2026/08/23 04:38:00 AM GMT+3,35–44,Female,Ubungo,Student,Vodacom,Less than 1 year,"20,001–50,000",None,30–60,1–10,SMS,Occasionally,No,N/A,4.0,Yes,No,Strongly Agree,3,4,0,2,1,1,1,1,1.0,4,2.1,2.2
2026/08/23 05:49:00 AM GMT+3,35–44,Male,Ubungo,Unemployed,Tigo,More than 5 years,"Less than TZS 5,000",11–30,More than 300,11–30,SMS,Monthly,No,N/A,5.0,Yes,Yes,Agree,3,1,2,5,2,4,2,2,3.0,1,2.4000000000000004,4.4
2026/08/23 06:24:00 AM GMT+3,45–54,Prefer not to say,Kinondoni,Unemployed,Airtel,1–2 years,"5,000–10,000",31–60,61–120,11–30,Voice Calls,Occasionally,No,Other,2.0,Yes,No,Agree,4,2,3,3,2,2,1,1,2.6666666666666665,2,2.35,2.0
2026/08/23 07:27:00 AM GMT+3,35–44,Male,Temeke,Unemployed,TTCL,1–2 years,"20,001–50,000",1–10,30–60,More than 30,Voice Calls,Weekly,Yes,Lower prices,2.0,No,Yes,Agree,3,4,1,2,3,2,3,3,2.0,4,2.7,2.0
2026/08/23 07:37:00 AM GMT+3,25–34,Prefer not to say,Kigamboni,Employed,Halotel,Less than 1 year,"Less than TZS 5,000",31–60,30–60,More than 30,Mobile Money,Monthly,Yes,Better customer service,3.0,No,No,Strongly Agree,2,1,3,2,3,1,2,2,2.6666666666666665,1,1.9500000000000002,1.8000000000000003
2026/08/23 08:37:00 AM GMT+3,35–44,Female,Ilala,Employed,Tigo,1–2 years,"More than 50,000",None,30–60,More than 30,Internet,Daily,Yes,Other,5.0,No,Yes,Strongly Disagree,3,5,0,2,3,2,4,4,1.6666666666666667,5,2.95,3.2
2026/08/23 09:54:00 AM GMT+3,55+,Female,Ilala,Self-employed,Vodacom,More than 5 years,"10,001–20,000",None,Less than 30,1–10,Internet,Daily,No,Better customer service,2.0,Yes,Yes,Agree,5,3,0,1,1,4,4,4,0.6666666666666666,3,1.7999999999999998,3.2
2026/08/23 10:22:00 AM GMT+3,25–34,Male,Temeke,Student,Airtel,3–5 years,"5,000–10,000",11–30,30–60,11–30,Mobile Money,Occasionally,Yes,Other,5.0,No,No,Agree,2,2,2,2,2,3,1,1,2.0,2,1.9000000000000001,3.8
2026/08/23 12:18:00 PM GMT+3,35–44,Female,Kigamboni,Unemployed,Airtel,Less than 1 year,"10,001–20,000",11–30,Less than 30,1–10,SMS,Weekly,Yes,Other,1.0,No,No,Strongly Agree,3,3,2,1,1,1,3,3,1.3333333333333333,3,2.0999999999999996,1.0
2026/08/23 01:52:00 PM GMT+3,Under 18,Male,Ubungo,Self-employed,Halotel,More than 5 years,"10,001–20,000",None,Less than 30,11–30,Mixed Usage,Daily,No,N/A,5.0,No,No,Strongly Disagree,0,3,0,1,2,4,4,4,1.0,3,1.8999999999999997,4.4
2026/08/23 03:04:00 PM GMT+3,45–54,Prefer not to say,Ubungo,Unemployed,Tigo,More than 5 years,"Less than TZS 5,000",More than 60,121–300,11–30,Voice Calls,Weekly,No,N/A,3.0,No,No,Strongly Agree,4,1,4,4,2,4,3,3,3.3333333333333335,1,2.6500000000000004,3.6
2026/08/23 03:52:00 PM GMT+3,25–34,Male,Ubungo,Student,Vodacom,Less than 1 year,"20,001–50,000",None,30–60,None,Mixed Usage,Weekly,Yes,Other,1.0,No,No,Strongly Disagree,2,4,0,2,0,1,3,3,0.6666666666666666,4,2.2,1.0
2026/08/23 04:56:00 PM GMT+3,Under 18,Prefer not to say,Temeke,Employed,TTCL,More than 5 years,"10,001–20,000",31–60,30–60,1–10,Mobile Money,Monthly,No,N/A,4.0,No,Yes,Agree,0,3,3,2,1,4,2,2,2.0,3,2.45,4.0
2026/08/23 05:08:00 PM GMT+3,25–34,Male,Kinondoni,Student,Halotel,More than 5 years,"20,001–50,000",None,121–300,More than 30,SMS,Occasionally,No,N/A,4.0,Yes,No,Strongly Disagree,2,4,0,4,3,4,1,1,2.3333333333333335,4,2.8,4.0
2026/08/23 05:46:00 PM GMT+3,25–34,Male,Kigamboni,Unemployed,Airtel,Less than 1 year,"More than 50,000",31–60,121–300,More than 30,Internet,Occasionally,Yes,Better internet,4.0,Yes,Yes,Strongly Agree,2,5,3,4,3,1,1,1,3.3333333333333335,5,3.75,2.2
2026/08/23 06:32:00 PM GMT+3,55+,Female,Temeke,Employed,Tigo,3–5 years,"20,001–50,000",None,121–300,11–30,Mixed Usage,Monthly,Yes,N/A,4.0,Yes,Yes,Neutral,5,4,0,4,2,3,2,2,2.0,4,2.8000000000000003,3.4
2026/08/23 06:59:00 PM GMT+3,45–54,Male,Temeke,Unemployed,Tigo,3–5 years,"20,001–50,000",More than 60,More than 300,None,Voice Calls,Daily,No,Better internet,4.0,No,Yes,Strongly Disagree,4,4,4,5,0,3,4,4,3.0,4,3.85,3.4
2026/08/23 08:33:00 PM GMT+3,25–34,Prefer not to say,Ilala,Self-employed,Tigo,3–5 years,"More than 50,000",1–10,30–60,1–10,Mobile Money,Weekly,No,Better network coverage,4.0,No,Yes,Strongly Agree,2,5,1,2,1,3,3,3,1.3333333333333333,5,2.85,3.4
2026/08/23 10:29:00 PM GMT+3,25–34,Male,Kigamboni,Employed,Tigo,More than 5 years,"Less than TZS 5,000",11–30,121–300,1–10,SMS,Occasionally,Yes,Promotions,4.0,No,No,Agree,2,1,2,4,1,4,1,1,2.3333333333333335,1,1.9500000000000002,4.0
2026/08/23 11:59:00 PM GMT+3,35–44,Female,Kinondoni,Employed,Vodacom,More than 5 years,"20,001–50,000",More than 60,30–60,More than 30,Voice Calls,Weekly,Yes,Lower prices,1.0,No,No,Strongly Disagree,3,4,4,2,3,4,3,3,3.0,4,3.3,2.8
2026/08/24 12:19:00 AM GMT+3,45–54,Female,Kigamboni,Employed,Airtel,1–2 years,"10,001–20,000",11–30,More than 300,More than 30,Mobile Money,Daily,Yes,N/A,5.0,No,No,Agree,4,3,2,5,3,2,4,4,3.3333333333333335,3,3.3999999999999995,3.2
2026/08/24 12:27:00 AM GMT+3,45–54,Prefer not to say,Temeke,Student,Tigo,3–5 years,"10,001–20,000",None,More than 300,More than 30,Voice Calls,Monthly,No,Lower prices,4.0,Yes,No,Neutral,4,3,0,5,3,3,2,2,2.6666666666666665,3,2.8,3.4
2026/08/24 01:28:00 AM GMT+3,35–44,Male,Temeke,Unemployed,Halotel,More than 5 years,"More than 50,000",31–60,61–120,1–10,Voice Calls,Weekly,Yes,Better internet,2.0,Yes,No,Agree,3,5,3,3,1,4,3,3,2.3333333333333335,5,3.5000000000000004,3.2
2026/08/24 01:40:00 AM GMT+3,45–54,Prefer not to say,Temeke,Unemployed,Vodacom,Less than 1 year,"Less than TZS 5,000",None,30–60,1–10,Voice Calls,Weekly,No,N/A,3.0,Yes,No,Strongly Disagree,4,1,0,2,1,1,3,3,1.0,1,1.25,1.8000000000000003
2026/08/24 02:44:00 AM GMT+3,18–24,Male,Ubungo,Self-employed,TTCL,More than 5 years,"Less than TZS 5,000",None,61–120,None,Voice Calls,Occasionally,Yes,N/A,3.0,No,Yes,Neutral,1,1,0,3,0,4,1,1,1.0,1,1.2000000000000002,3.6
2026/08/24 03:51:00 AM GMT+3,18–24,Male,Ilala,Student,Halotel,Less than 1 year,"10,001–20,000",None,Less than 30,1–10,Mobile Money,Weekly,Yes,Better internet,2.0,Yes,Yes,Neutral,1,3,0,1,1,1,3,3,0.6666666666666666,3,1.7,1.4
2026/08/24 04:50:00 AM GMT+3,25–34,Male,Temeke,Employed,Halotel,Less than 1 year,"More than 50,000",31–60,121–300,None,Mobile Money,Monthly,Yes,Lower prices,4.0,No,No,Neutral,2,5,3,4,0,1,2,2,2.3333333333333335,5,3.5500000000000003,2.2
2026/08/24 06:41:00 AM GMT+3,25–34,Prefer not to say,Temeke,Self-employed,Airtel,Less than 1 year,"Less than TZS 5,000",1–10,121–300,11–30,Mobile Money,Monthly,Yes,Better network coverage,3.0,Yes,Yes,Strongly Agree,2,1,1,4,2,1,2,2,2.3333333333333335,1,1.95,1.8000000000000003
2026/08/24 08:02:00 AM GMT+3,18–24,Female,Temeke,Business owner,Tigo,1–2 years,"Less than TZS 5,000",31–60,Less than 30,1–10,Mobile Money,Occasionally,No,N/A,1.0,No,Yes,Agree,1,1,3,1,1,2,1,1,1.6666666666666667,1,1.4000000000000004,1.6
2026/08/24 08:18:00 AM GMT+3,18–24,Prefer not to say,Ilala,Self-employed,Vodacom,Less than 1 year,"5,000–10,000",31–60,61–120,None,Voice Calls,Daily,Yes,N/A,2.0,Yes,No,Strongly Disagree,1,2,3,3,0,1,4,4,2.0,2,2.4499999999999997,1.4
2026/08/24 09:01:00 AM GMT+3,Under 18,Prefer not to say,Kigamboni,Student,TTCL,1–2 years,"10,001–20,000",More than 60,Less than 30,None,SMS,Occasionally,No,Better customer service,5.0,No,No,Neutral,0,3,4,1,0,2,1,1,1.6666666666666667,3,2.1999999999999997,3.2
2026/08/24 10:18:00 AM GMT+3,55+,Female,Kinondoni,Unemployed,Vodacom,Less than 1 year,"10,001–20,000",None,More than 300,More than 30,SMS,Daily,Yes,Lower prices,3.0,Yes,No,Strongly Disagree,5,3,0,5,3,1,4,4,2.6666666666666665,3,3.0,1.8000000000000003
2026/08/24 10:24:00 AM GMT+3,Under 18,Male,Ilala,Employed,Airtel,3–5 years,"5,000–10,000",None,61–120,None,Internet,Weekly,Yes,Better internet,1.0,No,No,Strongly Disagree,0,2,0,3,0,3,3,3,1.0,2,1.75,2.1999999999999997
2026/08/24 11:32:00 AM GMT+3,35–44,Male,Temeke,Business owner,Vodacom,1–2 years,"10,001–20,000",11–30,121–300,11–30,Internet,Monthly,No,Other,1.0,No,Yes,Strongly Disagree,3,3,2,4,2,2,2,2,2.6666666666666665,3,2.85,1.6
2026/08/24 11:53:00 AM GMT+3,18–24,Prefer not to say,Temeke,Self-employed,Airtel,3–5 years,"5,000–10,000",1–10,More than 300,More than 30,Voice Calls,Daily,Yes,Better customer service,2.0,No,No,Agree,1,2,1,5,3,3,4,4,3.0,2,2.8499999999999996,2.5999999999999996
2026/08/24 12:22:00 PM GMT+3,Under 18,Female,Kigamboni,Business owner,TTCL,1–2 years,"10,001–20,000",31–60,121–300,1–10,Mixed Usage,Daily,Yes,Promotions,2.0,No,No,Neutral,0,3,3,4,1,2,4,4,2.6666666666666665,3,3.15,2.0
2026/08/24 01:31:00 PM GMT+3,18–24,Male,Temeke,Business owner,Airtel,More than 5 years,"5,000–10,000",None,61–120,None,SMS,Daily,No,Lower prices,4.0,No,Yes,Strongly Agree,1,2,0,3,0,4,4,4,1.0,2,1.85,4.0
2026/08/24 03:18:00 PM GMT+3,55+,Female,Temeke,Self-employed,Vodacom,3–5 years,"20,001–50,000",11–30,61–120,11–30,SMS,Monthly,No,Other,4.0,No,Yes,Strongly Disagree,5,4,2,3,2,3,2,2,2.3333333333333335,4,2.95,3.4
2026/08/24 04:11:00 PM GMT+3,35–44,Female,Kigamboni,Employed,TTCL,3–5 years,"More than 50,000",1–10,30–60,1–10,Voice Calls,Occasionally,No,Promotions,4.0,No,Yes,Agree,3,5,1,2,1,3,1,1,1.3333333333333333,5,2.6500000000000004,3.4
2026/08/24 06:00:00 PM GMT+3,45–54,Prefer not to say,Kinondoni,Self-employed,Halotel,1–2 years,"20,001–50,000",11–30,Less than 30,None,Mobile Money,Daily,No,Promotions,5.0,No,No,Strongly Disagree,4,4,2,1,0,2,4,4,1.0,4,2.4499999999999997,3.2
2026/08/24 06:25:00 PM GMT+3,55+,Prefer not to say,Kinondoni,Student,Tigo,1–2 years,"20,001–50,000",None,Less than 30,None,Internet,Occasionally,Yes,Better customer service,2.0,No,Yes,Agree,5,4,0,1,0,2,1,1,0.3333333333333333,4,1.75,2.0
2026/08/24 07:23:00 PM GMT+3,45–54,Prefer not to say,Kinondoni,Business owner,Airtel,3–5 years,"20,001–50,000",11–30,121–300,More than 30,Voice Calls,Weekly,No,Other,1.0,Yes,No,Strongly Agree,4,4,2,4,3,3,3,3,3.0,4,3.3999999999999995,2.1999999999999997
2026/08/24 09:17:00 PM GMT+3,45–54,Prefer not to say,Ubungo,Self-employed,Tigo,3–5 years,"More than 50,000",1–10,More than 300,None,Voice Calls,Monthly,No,Better network coverage,4.0,Yes,No,Strongly Disagree,4,5,1,5,0,3,2,2,2.0,5,3.4000000000000004,3.4
2026/08/24 10:59:00 PM GMT+3,18–24,Male,Ubungo,Business owner,Halotel,More than 5 years,"5,000–10,000",11–30,More than 300,More than 30,Mixed Usage,Weekly,Yes,Better internet,2.0,No,Yes,Agree,1,2,2,5,3,4,3,3,3.3333333333333335,2,2.95,3.2
2026/08/24 11:22:00 PM GMT+3,25–34,Prefer not to say,Ubungo,Employed,Vodacom,More than 5 years,"20,001–50,000",1–10,61–120,1–10,Internet,Weekly,No,N/A,5.0,Yes,Yes,Agree,2,4,1,3,1,4,3,3,1.6666666666666667,4,2.7500000000000004,4.4
2026/08/25 01:22:00 AM GMT+3,35–44,Female,Ilala,Unemployed,Halotel,Less than 1 year,"20,001–50,000",None,More than 300,1–10,Mobile Money,Occasionally,Yes,N/A,1.0,Yes,No,Strongly Agree,3,4,0,5,1,1,1,1,2.0,4,2.85,1.0
2026/08/25 02:01:00 AM GMT+3,Under 18,Female,Ilala,Employed,Tigo,1–2 years,"5,000–10,000",11–30,30–60,1–10,SMS,Weekly,Yes,Better customer service,5.0,No,No,Strongly Agree,0,2,2,2,1,2,3,3,1.6666666666666667,2,2.0,3.2
2026/08/25 03:08:00 AM GMT+3,18–24,Prefer not to say,Kigamboni,Business owner,TTCL,3–5 years,"5,000–10,000",31–60,121–300,None,Internet,Monthly,No,Better customer service,1.0,No,Yes,Strongly Agree,1,2,3,4,0,3,2,2,2.3333333333333335,2,2.5,2.1999999999999997
2026/08/25 03:29:00 AM GMT+3,35–44,Prefer not to say,Ilala,Self-employed,Halotel,Less than 1 year,"More than 50,000",1–10,More than 300,None,Internet,Occasionally,Yes,N/A,2.0,No,No,Agree,3,5,1,5,0,1,1,1,2.0,5,3.3000000000000003,1.4
2026/08/25 04:09:00 AM GMT+3,25–34,Female,Temeke,Student,Vodacom,Less than 1 year,"More than 50,000",31–60,121–300,None,SMS,Daily,No,N/A,4.0,No,Yes,Strongly Agree,2,5,3,4,0,1,4,4,2.3333333333333335,5,3.75,2.2
2026/08/25 05:11:00 AM GMT+3,55+,Male,Temeke,Self-employed,Tigo,More than 5 years,"Less than TZS 5,000",1–10,More than 300,1–10,Internet,Daily,No,Better network coverage,2.0,No,No,Strongly Agree,5,1,1,5,1,4,4,4,2.3333333333333335,1,2.3000000000000003,3.2
2026/08/25 05:15:00 AM GMT+3,55+,Female,Ilala,Business owner,Vodacom,More than 5 years,"5,000–10,000",31–60,More than 300,More than 30,Internet,Weekly,No,N/A,1.0,Yes,No,Strongly Agree,5,2,3,5,3,4,3,3,3.6666666666666665,2,3.1499999999999995,2.8
2026/08/25 05:54:00 AM GMT+3,55+,Female,Ilala,Self-employed,Vodacom,1–2 years,"20,001–50,000",31–60,Less than 30,More than 30,Mixed Usage,Weekly,Yes,Better customer service,5.0,Yes,No,Strongly Disagree,5,4,3,1,3,2,3,3,2.3333333333333335,4,2.8499999999999996,3.2
2026/08/25 07:27:00 AM GMT+3,18–24,Prefer not to say,Temeke,Employed,Airtel,3–5 years,"10,001–20,000",More than 60,Less than 30,1–10,Mixed Usage,Occasionally,No,N/A,3.0,Yes,Yes,Neutral,1,3,4,1,1,3,1,1,2.0,3,2.3,3.0
2026/08/25 08:16:00 AM GMT+3,25–34,Male,Kinondoni,Self-employed,TTCL,1–2 years,"Less than TZS 5,000",More than 60,61–120,More than 30,Voice Calls,Daily,Yes,Better network coverage,5.0,Yes,No,Agree,2,1,4,3,3,2,4,4,3.3333333333333335,1,2.6000000000000005,3.2
2026/08/25 08:48:00 AM GMT+3,Under 18,Male,Kigamboni,Business owner,Vodacom,Less than 1 year,"Less than TZS 5,000",More than 60,30–60,None,Mobile Money,Weekly,Yes,Better internet,5.0,Yes,No,Strongly Disagree,0,1,4,2,0,1,3,3,2.0,1,1.95,2.6
2026/08/25 09:39:00 AM GMT+3,Under 18,Female,Ubungo,Business owner,Tigo,More than 5 years,"20,001–50,000",1–10,Less than 30,1–10,Internet,Monthly,Yes,Lower prices,2.0,Yes,No,Neutral,0,4,1,1,1,4,2,2,1.0,4,2.15,3.2
2026/08/25 09:50:00 AM GMT+3,35–44,Female,Kinondoni,Student,Tigo,Less than 1 year,"10,001–20,000",11–30,121–300,None,Voice Calls,Occasionally,No,N/A,2.0,Yes,Yes,Agree,3,3,2,4,0,1,1,1,2.0,3,2.55,1.4
2026/08/25 11:23:00 AM GMT+3,55+,Prefer not to say,Ubungo,Unemployed,Halotel,Less than 1 year,"20,001–50,000",31–60,61–120,More than 30,Mixed Usage,Occasionally,Yes,Other,5.0,No,No,Agree,5,4,3,3,3,1,1,1,3.0,4,3.1500000000000004,2.6
2026/08/25 12:11:00 PM GMT+3,25–34,Female,Kinondoni,Student,Halotel,Less than 1 year,"5,000–10,000",More than 60,Less than 30,More than 30,Voice Calls,Occasionally,Yes,Better network coverage,3.0,No,Yes,Neutral,2,2,4,1,3,1,1,1,2.6666666666666665,2,2.1500000000000004,1.8000000000000003
2026/08/25 12:50:00 PM GMT+3,55+,Prefer not to say,Ilala,Self-employed,TTCL,1–2 years,"Less than TZS 5,000",More than 60,Less than 30,None,SMS,Weekly,Yes,N/A,1.0,Yes,Yes,Strongly Agree,5,1,4,1,0,2,3,3,1.6666666666666667,1,1.7,1.6
2026/08/25 02:32:00 PM GMT+3,45–54,Male,Ilala,Employed,Tigo,Less than 1 year,"20,001–50,000",1–10,Less than 30,None,SMS,Monthly,No,Better customer service,3.0,No,No,Strongly Agree,4,4,1,1,0,1,2,2,0.6666666666666666,4,2.05,1.8000000000000003
2026/08/25 03:38:00 PM GMT+3,45–54,Male,Kigamboni,Employed,TTCL,More than 5 years,"Less than TZS 5,000",None,30–60,1–10,SMS,Monthly,No,Promotions,4.0,No,Yes,Neutral,4,1,0,2,1,4,2,2,1.0,1,1.1500000000000001,4.0
2026/08/25 04:11:00 PM GMT+3,35–44,Prefer not to say,Kigamboni,Business owner,Tigo,3–5 years,"More than 50,000",None,More than 300,1–10,SMS,Daily,No,Other,3.0,No,No,Neutral,3,5,0,5,1,3,4,4,2.0,5,3.5,3.0
2026/08/25 05:28:00 PM GMT+3,18–24,Female,Ubungo,Unemployed,Vodacom,3–5 years,"20,001–50,000",More than 60,121–300,None,Mixed Usage,Occasionally,Yes,Better customer service,1.0,Yes,Yes,Neutral,1,4,4,4,0,3,1,1,2.6666666666666665,4,3.3000000000000003,2.1999999999999997
2026/08/25 07:00:00 PM GMT+3,18–24,Female,Kinondoni,Self-employed,Vodacom,More than 5 years,"Less than TZS 5,000",1–10,30–60,1–10,Internet,Monthly,Yes,Lower prices,4.0,Yes,No,Neutral,1,1,1,2,1,4,2,2,1.3333333333333333,1,1.35,4.0
2026/08/25 08:14:00 PM GMT+3,Under 18,Male,Ubungo,Business owner,Tigo,More than 5 years,"10,001–20,000",31–60,30–60,11–30,Mobile Money,Weekly,No,N/A,2.0,Yes,No,Strongly Disagree,0,3,3,2,2,4,3,3,2.3333333333333335,3,2.6500000000000004,3.2
2026/08/25 08:40:00 PM GMT+3,55+,Prefer not to say,Ilala,Employed,Halotel,Less than 1 year,"10,001–20,000",11–30,121–300,More than 30,Internet,Monthly,Yes,N/A,3.0,No,No,Agree,5,3,2,4,3,1,2,2,3.0,3,2.95,1.8000000000000003
2026/08/25 09:07:00 PM GMT+3,25–34,Male,Temeke,Business owner,Tigo,More than 5 years,"5,000–10,000",31–60,More than 300,1–10,Mixed Usage,Monthly,No,N/A,5.0,No,No,Strongly Agree,2,2,3,5,1,4,2,2,3.0,2,2.85,4.4
2026/08/25 10:11:00 PM GMT+3,25–34,Male,Kinondoni,Business owner,Tigo,More than 5 years,"20,001–50,000",None,30–60,1–10,Mixed Usage,Daily,Yes,Better customer service,1.0,No,No,Strongly Disagree,2,4,0,2,1,4,4,4,1.0,4,2.4,2.8
2026/08/25 11:03:00 PM GMT+3,45–54,Male,Ubungo,Employed,Airtel,3–5 years,"20,001–50,000",1–10,121–300,None,Mixed Usage,Monthly,No,Better customer service,4.0,Yes,Yes,Agree,4,4,1,4,0,3,2,2,1.6666666666666667,4,2.8000000000000003,3.4
2026/08/25 11:30:00 PM GMT+3,18–24,Male,Ilala,Business owner,Vodacom,More than 5 years,"Less than TZS 5,000",11–30,30–60,1–10,SMS,Daily,No,Lower prices,5.0,No,Yes,Agree,1,1,2,2,1,4,4,4,1.6666666666666667,1,1.75,4.4
2026/08/26 01:01:00 AM GMT+3,55+,Female,Ilala,Self-employed,Vodacom,3–5 years,"5,000–10,000",31–60,121–300,1–10,SMS,Monthly,No,Lower prices,2.0,Yes,Yes,Agree,5,2,3,4,1,3,2,2,2.6666666666666665,2,2.6,2.5999999999999996
2026/08/26 01:05:00 AM GMT+3,45–54,Prefer not to say,Ubungo,Business owner,TTCL,More than 5 years,"10,001–20,000",1–10,121–300,1–10,SMS,Weekly,No,N/A,3.0,No,Yes,Strongly Disagree,4,3,1,4,1,4,3,3,2.0,3,2.65,3.6
2026/08/26 01:30:00 AM GMT+3,35–44,Female,Ilala,Student,Vodacom,Less than 1 year,"More than 50,000",31–60,121–300,More than 30,Mobile Money,Weekly,Yes,N/A,3.0,No,No,Agree,3,5,3,4,3,1,3,3,3.3333333333333335,5,3.95,1.8000000000000003
2026/08/26 01:48:00 AM GMT+3,Under 18,Male,Kinondoni,Business owner,Tigo,More than 5 years,"10,001–20,000",11–30,More than 300,None,Mobile Money,Daily,No,N/A,3.0,Yes,Yes,Neutral,0,3,2,5,0,4,4,4,2.3333333333333335,3,3.0999999999999996,3.6
2026/08/26 02:02:00 AM GMT+3,35–44,Female,Kigamboni,Employed,TTCL,More than 5 years,"10,001–20,000",31–60,61–120,11–30,Voice Calls,Occasionally,No,Better network coverage,3.0,No,No,Strongly Agree,3,3,3,3,2,4,1,1,2.6666666666666665,3,2.7,3.6
2026/08/26 02:44:00 AM GMT+3,18–24,Prefer not to say,Kigamboni,Unemployed,Tigo,1–2 years,"10,001–20,000",More than 60,More than 300,11–30,Voice Calls,Occasionally,Yes,Better customer service,5.0,No,Yes,Strongly Disagree,1,3,4,5,2,2,1,1,3.6666666666666665,3,3.4,3.2
2026/08/26 03:23:00 AM GMT+3,18–24,Male,Kinondoni,Business owner,Airtel,1–2 years,"10,001–20,000",1–10,121–300,1–10,Voice Calls,Weekly,No,Better internet,1.0,Yes,Yes,Agree,1,3,1,4,1,2,3,3,2.0,3,2.65,1.6
2026/08/26 04:29:00 AM GMT+3,Under 18,Prefer not to say,Kinondoni,Unemployed,Airtel,3–5 years,"10,001–20,000",1–10,121–300,1–10,Voice Calls,Daily,Yes,Promotions,2.0,No,No,Strongly Agree,0,3,1,4,1,3,4,4,2.0,3,2.75,2.5999999999999996
2026/08/26 04:59:00 AM GMT+3,18–24,Female,Temeke,Unemployed,TTCL,Less than 1 year,"More than 50,000",31–60,More than 300,None,SMS,Daily,Yes,Lower prices,1.0,Yes,Yes,Strongly Disagree,1,5,3,5,0,1,4,4,2.6666666666666665,5,4.0,1.0
2026/08/26 06:26:00 AM GMT+3,18–24,Prefer not to say,Ubungo,Employed,Airtel,Less than 1 year,"20,001–50,000",1–10,30–60,1–10,Mobile Money,Weekly,Yes,N/A,3.0,No,Yes,Strongly Agree,1,4,1,2,1,1,3,3,1.3333333333333333,4,2.5000000000000004,1.8000000000000003
2026/08/26 07:49:00 AM GMT+3,Under 18,Prefer not to say,Kigamboni,Business owner,Vodacom,3–5 years,"10,001–20,000",None,More than 300,11–30,Voice Calls,Monthly,Yes,Promotions,1.0,No,No,Strongly Disagree,0,3,0,5,2,3,2,2,2.3333333333333335,3,2.7,2.1999999999999997
2026/08/26 08:56:00 AM GMT+3,45–54,Prefer not to say,Temeke,Business owner,Tigo,3–5 years,"More than 50,000",None,61–120,More than 30,Internet,Occasionally,No,N/A,4.0,Yes,Yes,Strongly Agree,4,5,0,3,3,3,1,1,2.0,5,2.9000000000000004,3.4
2026/08/26 09:19:00 AM GMT+3,55+,Prefer not to say,Temeke,Employed,Tigo,1–2 years,"10,001–20,000",None,More than 300,More than 30,Mixed Usage,Monthly,Yes,Better network coverage,4.0,Yes,No,Strongly Agree,5,3,0,5,3,2,2,2,2.6666666666666665,3,2.8,2.8
2026/08/26 11:04:00 AM GMT+3,35–44,Prefer not to say,Ilala,Student,TTCL,More than 5 years,"Less than TZS 5,000",31–60,61–120,More than 30,Voice Calls,Occasionally,No,Better customer service,1.0,No,No,Agree,3,1,3,3,3,4,1,1,3.0,1,2.1000000000000005,2.8
2026/08/26 12:45:00 PM GMT+3,55+,Male,Ilala,Unemployed,TTCL,1–2 years,"5,000–10,000",None,30–60,None,Mobile Money,Daily,Yes,Lower prices,5.0,No,Yes,Strongly Disagree,5,2,0,2,0,2,4,4,0.6666666666666666,2,1.6,3.2
2026/08/26 01:15:00 PM GMT+3,Under 18,Female,Kigamboni,Unemployed,Vodacom,3–5 years,"5,000–10,000",More than 60,More than 300,11–30,Mobile Money,Occasionally,Yes,N/A,2.0,No,No,Strongly Disagree,0,2,4,5,2,3,1,1,3.6666666666666665,2,3.0500000000000003,2.5999999999999996
2026/08/26 02:46:00 PM GMT+3,25–34,Prefer not to say,Ilala,Unemployed,Vodacom,Less than 1 year,"Less than TZS 5,000",31–60,121–300,1–10,Internet,Daily,No,Lower prices,4.0,Yes,Yes,Strongly Agree,2,1,3,4,1,1,4,4,2.6666666666666665,1,2.45,2.2
2026/08/26 03:41:00 PM GMT+3,35–44,Male,Ilala,Employed,Tigo,1–2 years,"5,000–10,000",11–30,61–120,11–30,Internet,Daily,No,Promotions,5.0,Yes,Yes,Agree,3,2,2,3,2,2,4,4,2.3333333333333335,2,2.45,3.2
2026/08/26 05:05:00 PM GMT+3,25–34,Prefer not to say,Ilala,Student,Halotel,1–2 years,"20,001–50,000",31–60,Less than 30,None,Voice Calls,Monthly,Yes,Better customer service,3.0,Yes,No,Neutral,2,4,3,1,0,2,2,2,1.3333333333333333,4,2.45,2.4000000000000004
2026/08/26 06:47:00 PM GMT+3,55+,Female,Ubungo,Business owner,Airtel,Less than 1 year,"5,000–10,000",11–30,30–60,11–30,Internet,Occasionally,Yes,Promotions,4.0,Yes,Yes,Strongly Agree,5,2,2,2,2,1,1,1,2.0,2,1.9000000000000001,2.2
2026/08/26 07:42:00 PM GMT+3,18–24,Prefer not to say,Ubungo,Business owner,Airtel,More than 5 years,"20,001–50,000",31–60,30–60,11–30,Mobile Money,Monthly,No,Other,1.0,Yes,No,Agree,1,4,3,2,2,4,2,2,2.3333333333333335,4,2.9000000000000004,2.8
2026/08/26 09:29:00 PM GMT+3,18–24,Male,Kigamboni,Business owner,Halotel,3–5 years,"20,001–50,000",More than 60,More than 300,1–10,Mobile Money,Weekly,Yes,Lower prices,1.0,No,No,Neutral,1,4,4,5,1,3,3,3,3.3333333333333335,4,3.85,2.1999999999999997
2026/08/26 09:39:00 PM GMT+3,35–44,Prefer not to say,Temeke,Business owner,Vodacom,3–5 years,"More than 50,000",11–30,More than 300,None,SMS,Occasionally,No,Other,4.0,Yes,Yes,Agree,3,5,2,5,0,3,1,1,2.3333333333333335,5,3.5,3.4
2026/08/26 11:14:00 PM GMT+3,Under 18,Prefer not to say,Ubungo,Business owner,Tigo,More than 5 years,"Less than TZS 5,000",31–60,Less than 30,None,Mixed Usage,Occasionally,No,Promotions,2.0,Yes,No,Strongly Agree,0,1,3,1,0,4,1,1,1.3333333333333333,1,1.3000000000000003,3.2
2026/08/26 11:58:00 PM GMT+3,25–34,Prefer not to say,Kinondoni,Employed,Vodacom,3–5 years,"10,001–20,000",None,Less than 30,11–30,Mobile Money,Monthly,Yes,N/A,4.0,No,Yes,Strongly Agree,2,3,0,1,2,3,2,2,1.0,3,1.6999999999999997,3.4
2026/08/27 12:38:00 AM GMT+3,Under 18,Prefer not to say,Kinondoni,Self-employed,Vodacom,1–2 years,"10,001–20,000",None,30–60,11–30,SMS,Weekly,No,Better internet,4.0,Yes,Yes,Neutral,0,3,0,2,2,2,3,3,1.3333333333333333,3,2.05,2.8
2026/08/27 01:07:00 AM GMT+3,45–54,Prefer not to say,Ilala,Self-employed,Halotel,3–5 years,"Less than TZS 5,000",11–30,More than 300,11–30,Voice Calls,Occasionally,No,Promotions,2.0,No,No,Agree,4,1,2,5,2,3,1,1,3.0,1,2.3000000000000003,2.5999999999999996
2026/08/27 02:32:00 AM GMT+3,25–34,Male,Temeke,Self-employed,Tigo,Less than 1 year,"5,000–10,000",1–10,121–300,1–10,SMS,Weekly,No,Better internet,4.0,No,No,Neutral,2,2,1,4,1,1,3,3,2.0,2,2.3000000000000003,2.2
2026/08/27 02:34:00 AM GMT+3,18–24,Male,Ilala,Business owner,Halotel,More than 5 years,"Less than TZS 5,000",31–60,121–300,More than 30,Mobile Money,Occasionally,Yes,Lower prices,5.0,Yes,No,Agree,1,1,3,4,3,4,1,1,3.3333333333333335,1,2.3500000000000005,4.4
2026/08/27 03:34:00 AM GMT+3,18–24,Prefer not to say,Ubungo,Student,Tigo,Less than 1 year,"More than 50,000",More than 60,61–120,1–10,Internet,Monthly,Yes,N/A,2.0,Yes,No,Agree,1,5,4,3,1,1,2,2,2.6666666666666665,5,3.6,1.4
2026/08/27 05:23:00 AM GMT+3,18–24,Male,Kinondoni,Student,Halotel,1–2 years,"More than 50,000",31–60,61–120,None,Voice Calls,Occasionally,Yes,N/A,2.0,No,Yes,Strongly Disagree,1,5,3,3,0,2,1,1,2.0,5,3.2,2.0
2026/08/27 06:55:00 AM GMT+3,25–34,Prefer not to say,Kigamboni,Self-employed,Tigo,More than 5 years,"5,000–10,000",None,121–300,None,Internet,Weekly,No,Better internet,1.0,Yes,Yes,Strongly Disagree,2,2,0,4,0,4,3,3,1.3333333333333333,2,2.0,2.8
2026/08/27 08:37:00 AM GMT+3,35–44,Prefer not to say,Ubungo,Student,Halotel,More than 5 years,"Less than TZS 5,000",More than 60,30–60,None,Voice Calls,Weekly,No,Better network coverage,3.0,No,No,Strongly Agree,3,1,4,2,0,4,3,3,2.0,1,1.95,3.6
2026/08/27 09:16:00 AM GMT+3,25–34,Male,Ubungo,Business owner,Tigo,3–5 years,"5,000–10,000",More than 60,Less than 30,More than 30,Voice Calls,Weekly,Yes,N/A,2.0,No,Yes,Strongly Disagree,2,2,4,1,3,3,3,3,2.6666666666666665,2,2.3499999999999996,2.5999999999999996
2026/08/27 09:18:00 AM GMT+3,18–24,Male,Ubungo,Student,Tigo,1–2 years,"Less than TZS 5,000",1–10,61–120,1–10,Mixed Usage,Weekly,Yes,N/A,2.0,No,No,Strongly Disagree,1,1,1,3,1,2,3,3,1.6666666666666667,1,1.7000000000000002,2.0
2026/08/27 09:53:00 AM GMT+3,Under 18,Male,Temeke,Unemployed,Vodacom,1–2 years,"More than 50,000",None,121–300,1–10,Mobile Money,Monthly,Yes,Other,5.0,No,Yes,Neutral,0,5,0,4,1,2,2,2,1.6666666666666667,5,3.0500000000000003,3.2
2026/08/27 11:02:00 AM GMT+3,18–24,Male,Ubungo,Employed,Airtel,3–5 years,"Less than TZS 5,000",None,Less than 30,1–10,Voice Calls,Monthly,No,Other,1.0,Yes,No,Neutral,1,1,0,1,1,3,2,2,0.6666666666666666,1,0.9,2.1999999999999997
2026/08/27 11:38:00 AM GMT+3,Under 18,Prefer not to say,Ubungo,Business owner,Airtel,3–5 years,"5,000–10,000",1–10,61–120,1–10,Mixed Usage,Weekly,Yes,N/A,4.0,No,No,Agree,0,2,1,3,1,3,3,3,1.6666666666666667,2,2.05,3.4
2026/08/27 11:49:00 AM GMT+3,55+,Female,Temeke,Unemployed,TTCL,More than 5 years,"10,001–20,000",More than 60,30–60,None,Voice Calls,Weekly,No,Better customer service,2.0,No,Yes,Agree,5,3,4,2,0,4,3,3,2.0,3,2.6499999999999995,3.2
2026/08/27 01:31:00 PM GMT+3,55+,Female,Temeke,Employed,Tigo,3–5 years,"5,000–10,000",11–30,More than 300,More than 30,Voice Calls,Weekly,Yes,Better customer service,1.0,Yes,Yes,Neutral,5,2,2,5,3,3,3,3,3.3333333333333335,2,2.95,2.1999999999999997
2026/08/27 03:05:00 PM GMT+3,Under 18,Prefer not to say,Ilala,Business owner,Airtel,Less than 1 year,"20,001–50,000",None,61–120,1–10,Mobile Money,Weekly,Yes,N/A,2.0,Yes,Yes,Strongly Agree,0,4,0,3,1,1,3,3,1.3333333333333333,4,2.5500000000000003,1.4
2026/08/27 04:03:00 PM GMT+3,Under 18,Male,Temeke,Self-employed,TTCL,1–2 years,"More than 50,000",1–10,Less than 30,More than 30,Mixed Usage,Daily,No,N/A,1.0,Yes,Yes,Strongly Disagree,0,5,1,1,3,2,4,4,1.6666666666666667,5,2.9000000000000004,1.6
2026/08/27 05:31:00 PM GMT+3,Under 18,Prefer not to say,Ubungo,Business owner,Tigo,1–2 years,"5,000–10,000",1–10,121–300,None,Mixed Usage,Daily,Yes,Lower prices,4.0,No,No,Neutral,0,2,1,4,0,2,4,4,1.6666666666666667,2,2.3,2.8
2026/08/27 05:54:00 PM GMT+3,25–34,Prefer not to say,Kinondoni,Employed,Halotel,More than 5 years,"Less than TZS 5,000",11–30,121–300,11–30,Mixed Usage,Occasionally,Yes,Better network coverage,5.0,Yes,No,Strongly Disagree,2,1,2,4,2,4,1,1,2.6666666666666665,1,2.0500000000000003,4.4
2026/08/27 06:35:00 PM GMT+3,45–54,Male,Kigamboni,Employed,Halotel,1–2 years,"More than 50,000",31–60,30–60,11–30,Mobile Money,Occasionally,No,N/A,4.0,Yes,Yes,Agree,4,5,3,2,2,2,1,1,2.3333333333333335,5,3.1500000000000004,2.8
2026/08/27 06:40:00 PM GMT+3,18–24,Female,Kigamboni,Student,TTCL,Less than 1 year,"5,000–10,000",1–10,61–120,11–30,Mobile Money,Weekly,No,Better internet,2.0,Yes,No,Neutral,1,2,1,3,2,1,3,3,2.0,2,2.15,1.4
2026/08/27 08:33:00 PM GMT+3,55+,Prefer not to say,Kigamboni,Employed,Airtel,More than 5 years,"5,000–10,000",1–10,61–120,1–10,Mixed Usage,Occasionally,No,N/A,5.0,Yes,No,Neutral,5,2,1,3,1,4,1,1,1.6666666666666667,2,1.85,4.4
2026/08/27 08:48:00 PM GMT+3,45–54,Male,Kigamboni,Self-employed,Tigo,Less than 1 year,"10,001–20,000",1–10,Less than 30,More than 30,Mixed Usage,Monthly,Yes,Promotions,2.0,No,Yes,Strongly Disagree,4,3,1,1,3,1,2,2,1.6666666666666667,3,1.9999999999999998,1.4
2026/08/27 10:22:00 PM GMT+3,18–24,Female,Ilala,Employed,Tigo,3–5 years,"10,001–20,000",31–60,121–300,More than 30,Internet,Occasionally,No,N/A,3.0,Yes,Yes,Agree,1,3,3,4,3,3,1,1,3.3333333333333335,3,3.05,3.0
2026/08/27 10:30:00 PM GMT+3,55+,Prefer not to say,Kigamboni,Employed,Tigo,3–5 years,"Less than TZS 5,000",31–60,30–60,11–30,Mobile Money,Weekly,Yes,N/A,3.0,Yes,No,Strongly Disagree,5,1,3,2,2,3,3,3,2.3333333333333335,1,1.9500000000000002,3.0
2026/08/28 12:14:00 AM GMT+3,45–54,Female,Ubungo,Self-employed,Halotel,More than 5 years,"Less than TZS 5,000",1–10,Less than 30,1–10,Mobile Money,Monthly,Yes,Better customer service,2.0,No,No,Strongly Agree,4,1,1,1,1,4,2,2,1.0,1,1.1,3.2
2026/08/28 01:33:00 AM GMT+3,Under 18,Male,Kinondoni,Unemployed,TTCL,1–2 years,"More than 50,000",1–10,Less than 30,None,Mixed Usage,Occasionally,No,N/A,1.0,Yes,Yes,Strongly Disagree,0,5,1,1,0,2,1,1,0.6666666666666666,5,2.3000000000000003,1.6
2026/08/28 02:05:00 AM GMT+3,55+,Male,Kinondoni,Employed,Halotel,Less than 1 year,"10,001–20,000",11–30,30–60,More than 30,Internet,Weekly,Yes,Better network coverage,3.0,Yes,No,Agree,5,3,2,2,3,1,3,3,2.3333333333333335,3,2.55,1.8000000000000003
2026/08/28 03:12:00 AM GMT+3,25–34,Female,Kinondoni,Business owner,Airtel,1–2 years,"10,001–20,000",11–30,121–300,None,Internet,Monthly,Yes,N/A,5.0,Yes,Yes,Strongly Disagree,2,3,2,4,0,2,2,2,2.0,3,2.65,3.2
2026/08/28 04:13:00 AM GMT+3,Under 18,Female,Kigamboni,Business owner,TTCL,3–5 years,"10,001–20,000",11–30,Less than 30,11–30,Voice Calls,Occasionally,Yes,Better internet,1.0,No,Yes,Neutral,0,3,2,1,2,3,1,1,1.6666666666666667,3,1.9999999999999998,2.1999999999999997
2026/08/28 05:25:00 AM GMT+3,45–54,Female,Kigamboni,Business owner,TTCL,3–5 years,"20,001–50,000",1–10,30–60,None,SMS,Monthly,No,N/A,1.0,Yes,Yes,Neutral,4,4,1,2,0,3,2,2,1.0,4,2.3000000000000003,2.1999999999999997
2026/08/28 05:28:00 AM GMT+3,55+,Female,Ubungo,Self-employed,Tigo,1–2 years,"5,000–10,000",More than 60,More than 300,1–10,Voice Calls,Daily,No,N/A,5.0,No,Yes,Agree,5,2,4,5,1,2,4,4,3.3333333333333335,2,3.25,3.2
2026/08/28 06:35:00 AM GMT+3,35–44,Female,Kinondoni,Self-employed,Vodacom,More than 5 years,"5,000–10,000",11–30,30–60,None,Internet,Monthly,No,Other,2.0,No,No,Agree,3,2,2,2,0,4,2,2,1.3333333333333333,2,1.8,3.2
2026/08/28 06:55:00 AM GMT+3,45–54,Female,Ubungo,Self-employed,TTCL,Less than 1 year,"10,001–20,000",11–30,Less than 30,More than 30,Voice Calls,Weekly,Yes,N/A,4.0,No,Yes,Neutral,4,3,2,1,3,1,3,3,2.0,3,2.3,2.2
2026/08/28 08:55:00 AM GMT+3,55+,Male,Ubungo,Business owner,TTCL,More than 5 years,"More than 50,000",More than 60,121–300,11–30,SMS,Occasionally,No,Other,1.0,Yes,No,Strongly Agree,5,5,4,4,2,4,1,1,3.3333333333333335,5,3.85,2.8
2026/08/28 10:34:00 AM GMT+3,25–34,Female,Kinondoni,Student,Halotel,Less than 1 year,"More than 50,000",None,121–300,1–10,Mobile Money,Weekly,Yes,Better network coverage,5.0,Yes,Yes,Agree,2,5,0,4,1,1,3,3,1.6666666666666667,5,3.15,2.6
2026/08/28 10:38:00 AM GMT+3,45–54,Prefer not to say,Ilala,Student,Tigo,3–5 years,"More than 50,000",31–60,More than 300,More than 30,SMS,Monthly,Yes,Better network coverage,1.0,No,Yes,Strongly Disagree,4,5,3,5,3,3,2,2,3.6666666666666665,5,4.1000000000000005,2.1999999999999997
2026/08/28 12:27:00 PM GMT+3,45–54,Male,Ilala,Unemployed,Halotel,3–5 years,"More than 50,000",31–60,More than 300,None,SMS,Weekly,No,N/A,2.0,Yes,No,Strongly Agree,4,5,3,5,0,3,3,3,2.6666666666666665,5,3.9000000000000004,2.5999999999999996
2026/08/28 01:39:00 PM GMT+3,45–54,Male,Temeke,Unemployed,Airtel,3–5 years,"20,001–50,000",31–60,More than 300,1–10,Internet,Monthly,No,N/A,2.0,Yes,No,Agree,4,4,3,5,1,3,2,2,3.0,4,3.5500000000000003,2.5999999999999996
2026/08/28 01:43:00 PM GMT+3,18–24,Prefer not to say,Ilala,Self-employed,Halotel,More than 5 years,"5,000–10,000",More than 60,Less than 30,1–10,Voice Calls,Occasionally,No,Better internet,2.0,No,Yes,Agree,1,2,4,1,1,4,1,1,2.0,2,1.9500000000000002,3.2
2026/08/28 03:43:00 PM GMT+3,55+,Prefer not to say,Kigamboni,Unemployed,Vodacom,Less than 1 year,"5,000–10,000",None,More than 300,11–30,Voice Calls,Monthly,Yes,Lower prices,2.0,No,No,Strongly Disagree,5,2,0,5,2,1,2,2,2.3333333333333335,2,2.35,1.4
2026/08/28 03:52:00 PM GMT+3,35–44,Prefer not to say,Ubungo,Employed,TTCL,3–5 years,"5,000–10,000",1–10,More than 300,None,Mobile Money,Occasionally,No,N/A,2.0,Yes,Yes,Agree,3,2,1,5,0,3,1,1,2.0,2,2.25,2.5999999999999996
2026/08/28 04:32:00 PM GMT+3,55+,Female,Temeke,Student,Vodacom,More than 5 years,"More than 50,000",1–10,30–60,None,Mixed Usage,Weekly,No,Better customer service,4.0,No,Yes,Neutral,5,5,1,2,0,4,3,3,1.0,5,2.75,4.0
2026/08/28 06:23:00 PM GMT+3,35–44,Female,Ubungo,Student,Tigo,More than 5 years,"More than 50,000",1–10,30–60,None,SMS,Daily,No,N/A,5.0,No,No,Strongly Disagree,3,5,1,2,0,4,4,4,1.0,5,2.85,4.4
2026/08/28 07:28:00 PM GMT+3,Under 18,Prefer not to say,Ubungo,Student,Halotel,Less than 1 year,"5,000–10,000",None,More than 300,11–30,Voice Calls,Monthly,Yes,Better network coverage,4.0,Yes,No,Neutral,0,2,0,5,2,1,2,2,2.3333333333333335,2,2.35,2.2
2026/08/28 07:42:00 PM GMT+3,55+,Prefer not to say,Kinondoni,Employed,TTCL,Less than 1 year,"5,000–10,000",31–60,Less than 30,None,Mobile Money,Occasionally,Yes,Better internet,2.0,Yes,Yes,Strongly Agree,5,2,3,1,0,1,1,1,1.3333333333333333,2,1.6500000000000001,1.4
2026/08/28 09:21:00 PM GMT+3,18–24,Prefer not to say,Kigamboni,Business owner,Airtel,Less than 1 year,"20,001–50,000",31–60,61–120,11–30,Voice Calls,Weekly,No,Better internet,2.0,No,Yes,Neutral,1,4,3,3,2,1,3,3,2.6666666666666665,4,3.25,1.4
2026/08/28 10:27:00 PM GMT+3,45–54,Female,Ubungo,Unemployed,TTCL,3–5 years,"Less than TZS 5,000",1–10,Less than 30,More than 30,Mobile Money,Daily,Yes,N/A,3.0,Yes,Yes,Strongly Disagree,4,1,1,1,3,3,4,4,1.6666666666666667,1,1.5000000000000002,3.0
2026/08/29 12:04:00 AM GMT+3,Under 18,Female,Kigamboni,Unemployed,Vodacom,1–2 years,"More than 50,000",More than 60,61–120,11–30,Internet,Occasionally,Yes,Other,1.0,No,Yes,Agree,0,5,4,3,2,2,1,1,3.0,5,3.6,1.6
2026/08/29 02:00:00 AM GMT+3,18–24,Male,Kigamboni,Student,Airtel,Less than 1 year,"10,001–20,000",1–10,30–60,1–10,Internet,Daily,No,N/A,5.0,No,No,Neutral,1,3,1,2,1,1,4,4,1.3333333333333333,3,2.25,2.6
2026/08/29 02:40:00 AM GMT+3,35–44,Prefer not to say,Kigamboni,Self-employed,Halotel,1–2 years,"5,000–10,000",1–10,30–60,1–10,SMS,Daily,Yes,Better internet,5.0,Yes,Yes,Strongly Agree,3,2,1,2,1,2,4,4,1.3333333333333333,2,1.9,3.2
2026/08/29 02:53:00 AM GMT+3,18–24,Male,Temeke,Student,Tigo,More than 5 years,"20,001–50,000",11–30,121–300,11–30,Mixed Usage,Daily,No,N/A,2.0,Yes,No,Strongly Disagree,1,4,2,4,2,4,4,4,2.6666666666666665,4,3.4,3.2
2026/08/29 03:13:00 AM GMT+3,18–24,Female,Temeke,Self-employed,Airtel,3–5 years,"5,000–10,000",11–30,61–120,11–30,Voice Calls,Weekly,No,Better network coverage,1.0,No,Yes,Agree,1,2,2,3,2,3,3,3,2.3333333333333335,2,2.3500000000000005,2.1999999999999997
2026/08/29 03:50:00 AM GMT+3,25–34,Prefer not to say,Kigamboni,Unemployed,Halotel,Less than 1 year,"More than 50,000",31–60,121–300,11–30,Mobile Money,Monthly,Yes,N/A,3.0,Yes,No,Strongly Agree,2,5,3,4,2,1,2,2,3.0,5,3.7500000000000004,1.8000000000000003
2026/08/29 05:04:00 AM GMT+3,25–34,Male,Kigamboni,Unemployed,Vodacom,Less than 1 year,"More than 50,000",None,Less than 30,1–10,Voice Calls,Daily,No,N/A,1.0,No,Yes,Strongly Agree,2,5,0,1,1,1,4,4,0.6666666666666666,5,2.5,1.0
2026/08/29 06:51:00 AM GMT+3,18–24,Prefer not to say,Kinondoni,Student,Tigo,Less than 1 year,"10,001–20,000",More than 60,61–120,More than 30,Internet,Monthly,Yes,N/A,1.0,No,Yes,Neutral,1,3,4,3,3,1,2,2,3.3333333333333335,3,3.0999999999999996,1.0
2026/08/29 08:08:00 AM GMT+3,25–34,Prefer not to say,Temeke,Unemployed,TTCL,1–2 years,"Less than TZS 5,000",More than 60,30–60,1–10,SMS,Monthly,No,N/A,2.0,No,Yes,Strongly Disagree,2,1,4,2,1,2,2,2,2.3333333333333335,1,1.95,2.0
2026/08/29 09:56:00 AM GMT+3,35–44,Female,Kigamboni,Employed,Vodacom,1–2 years,"More than 50,000",11–30,30–60,None,Mixed Usage,Daily,Yes,Better customer service,2.0,Yes,No,Neutral,3,5,2,2,0,2,4,4,1.3333333333333333,5,3.05,2.0
2026/08/29 11:16:00 AM GMT+3,25–34,Male,Ilala,Self-employed,Tigo,3–5 years,"5,000–10,000",More than 60,121–300,1–10,Mixed Usage,Weekly,Yes,Better internet,5.0,No,No,Strongly Agree,2,2,4,4,1,3,3,3,3.0,2,2.9,3.8
2026/08/29 12:24:00 PM GMT+3,45–54,Male,Kigamboni,Self-employed,TTCL,1–2 years,"More than 50,000",More than 60,121–300,More than 30,Internet,Daily,No,Lower prices,5.0,No,No,Strongly Agree,4,5,4,4,3,2,4,4,3.6666666666666665,5,4.25,3.2
2026/08/29 02:01:00 PM GMT+3,55+,Male,Kigamboni,Business owner,Vodacom,Less than 1 year,"5,000–10,000",31–60,61–120,11–30,SMS,Daily,No,N/A,4.0,Yes,Yes,Strongly Disagree,5,2,3,3,2,1,4,4,2.6666666666666665,2,2.65,2.2
2026/08/29 03:55:00 PM GMT+3,Under 18,Female,Ilala,Student,Halotel,More than 5 years,"More than 50,000",None,61–120,1–10,Internet,Weekly,No,N/A,1.0,No,No,Neutral,0,5,0,3,1,4,3,3,1.3333333333333333,5,2.9,2.8
2026/08/29 05:42:00 PM GMT+3,Under 18,Male,Kinondoni,Unemployed,Halotel,Less than 1 year,"5,000–10,000",31–60,More than 300,1–10,Mobile Money,Weekly,No,N/A,3.0,No,No,Neutral,0,2,3,5,1,1,3,3,3.0,2,2.9499999999999997,1.8000000000000003
2026/08/29 06:00:00 PM GMT+3,55+,Prefer not to say,Temeke,Unemployed,TTCL,3–5 years,"10,001–20,000",31–60,30–60,11–30,Internet,Occasionally,Yes,N/A,1.0,Yes,Yes,Agree,5,3,3,2,2,3,1,1,2.3333333333333335,3,2.45,2.1999999999999997
2026/08/29 07:11:00 PM GMT+3,45–54,Female,Kigamboni,Business owner,Tigo,1–2 years,"More than 50,000",1–10,121–300,More than 30,Mixed Usage,Monthly,No,Promotions,5.0,No,No,Neutral,4,5,1,4,3,2,2,2,2.6666666666666665,5,3.45,3.2
2026/08/29 08:23:00 PM GMT+3,55+,Male,Kinondoni,Student,Tigo,1–2 years,"10,001–20,000",11–30,121–300,None,Voice Calls,Daily,Yes,Better customer service,5.0,Yes,Yes,Neutral,5,3,2,4,0,2,4,4,2.0,3,2.8499999999999996,3.2
2026/08/29 10:18:00 PM GMT+3,25–34,Prefer not to say,Kinondoni,Business owner,Vodacom,1–2 years,"20,001–50,000",None,More than 300,None,Internet,Daily,No,N/A,2.0,No,No,Neutral,2,4,0,5,0,2,4,4,1.6666666666666667,4,3.05,2.0
2026/08/29 11:53:00 PM GMT+3,55+,Female,Ubungo,Student,Vodacom,3–5 years,"More than 50,000",None,30–60,None,Voice Calls,Occasionally,No,Other,5.0,No,No,Strongly Disagree,5,5,0,2,0,3,1,1,0.6666666666666666,5,2.35,3.8
2026/08/30 12:51:00 AM GMT+3,18–24,Prefer not to say,Kigamboni,Employed,Vodacom,3–5 years,"20,001–50,000",11–30,More than 300,None,Mobile Money,Daily,No,Better internet,1.0,Yes,No,Strongly Disagree,1,4,2,5,0,3,4,4,2.3333333333333335,4,3.4499999999999997,2.1999999999999997
2026/08/30 01:54:00 AM GMT+3,25–34,Prefer not to say,Kigamboni,Self-employed,TTCL,3–5 years,"Less than TZS 5,000",More than 60,Less than 30,11–30,Voice Calls,Occasionally,No,N/A,4.0,No,No,Strongly Agree,2,1,4,1,2,3,1,1,2.3333333333333335,1,1.7,3.4
2026/08/30 03:01:00 AM GMT+3,25–34,Female,Kinondoni,Business owner,Airtel,3–5 years,"20,001–50,000",None,Less than 30,11–30,Mobile Money,Weekly,Yes,N/A,1.0,Yes,No,Strongly Agree,2,4,0,1,2,3,3,3,1.0,4,2.15,2.1999999999999997
2026/08/30 04:54:00 AM GMT+3,55+,Female,Kigamboni,Unemployed,Airtel,More than 5 years,"10,001–20,000",None,30–60,11–30,Mobile Money,Monthly,Yes,Other,2.0,Yes,Yes,Neutral,5,3,0,2,2,4,2,2,1.3333333333333333,3,1.9499999999999997,3.2
2026/08/30 06:18:00 AM GMT+3,18–24,Male,Ilala,Employed,Tigo,Less than 1 year,"20,001–50,000",11–30,Less than 30,None,SMS,Daily,Yes,Better customer service,4.0,Yes,No,Agree,1,4,2,1,0,1,4,4,1.0,4,2.4499999999999997,2.2
2026/08/30 08:14:00 AM GMT+3,Under 18,Female,Kinondoni,Business owner,Halotel,More than 5 years,"Less than TZS 5,000",More than 60,More than 300,11–30,Voice Calls,Occasionally,No,Better network coverage,3.0,No,Yes,Strongly Agree,0,1,4,5,2,4,1,1,3.6666666666666665,1,2.7000000000000006,3.6
2026/08/30 09:39:00 AM GMT+3,Under 18,Female,Temeke,Unemployed,Vodacom,3–5 years,"5,000–10,000",More than 60,Less than 30,None,SMS,Monthly,No,Other,3.0,Yes,Yes,Strongly Agree,0,2,4,1,0,3,2,2,1.6666666666666667,2,1.95,3.0
2026/08/30 10:36:00 AM GMT+3,18–24,Female,Kinondoni,Student,TTCL,3–5 years,"More than 50,000",31–60,More than 300,More than 30,Mixed Usage,Monthly,No,Better customer service,2.0,No,Yes,Strongly Agree,1,5,3,5,3,3,2,2,3.6666666666666665,5,4.1000000000000005,2.5999999999999996
2026/08/30 12:32:00 PM GMT+3,35–44,Female,Kigamboni,Employed,Airtel,1–2 years,"20,001–50,000",31–60,30–60,None,Mixed Usage,Weekly,No,Better internet,2.0,No,Yes,Agree,3,4,3,2,0,2,3,3,1.6666666666666667,4,2.8,2.0
2026/08/30 02:12:00 PM GMT+3,45–54,Male,Kigamboni,Employed,Vodacom,3–5 years,"More than 50,000",31–60,Less than 30,More than 30,Mobile Money,Occasionally,No,N/A,4.0,Yes,No,Neutral,4,5,3,1,3,3,1,1,2.3333333333333335,5,3.0,3.4
2026/08/30 03:09:00 PM GMT+3,35–44,Female,Kinondoni,Student,Halotel,More than 5 years,"10,001–20,000",More than 60,61–120,None,Mixed Usage,Occasionally,No,Lower prices,2.0,No,Yes,Agree,3,3,4,3,0,4,1,1,2.3333333333333335,3,2.6999999999999997,3.2
2026/08/30 04:44:00 PM GMT+3,35–44,Female,Kigamboni,Self-employed,Tigo,Less than 1 year,"More than 50,000",1–10,121–300,More than 30,Internet,Monthly,Yes,Better internet,3.0,No,Yes,Strongly Disagree,3,5,1,4,3,1,2,2,2.6666666666666665,5,3.45,1.8000000000000003
2026/08/30 05:10:00 PM GMT+3,35–44,Male,Ilala,Employed,TTCL,1–2 years,"5,000–10,000",31–60,Less than 30,More than 30,Internet,Occasionally,No,N/A,4.0,Yes,Yes,Strongly Disagree,3,2,3,1,3,2,1,1,2.3333333333333335,2,1.9500000000000002,2.8
2026/08/30 05:58:00 PM GMT+3,25–34,Prefer not to say,Kigamboni,Employed,Tigo,1–2 years,"More than 50,000",None,61–120,None,Mobile Money,Daily,Yes,Promotions,2.0,Yes,Yes,Agree,2,5,0,3,0,2,4,4,1.0,5,2.9,2.0
2026/08/30 07:05:00 PM GMT+3,25–34,Female,Ilala,Student,TTCL,More than 5 years,"20,001–50,000",11–30,More than 300,More than 30,Internet,Weekly,Yes,Better network coverage,2.0,No,Yes,Strongly Disagree,2,4,2,5,3,4,3,3,3.3333333333333335,4,3.6499999999999995,3.2
2026/08/30 08:49:00 PM GMT+3,25–34,Female,Kinondoni,Unemployed,Airtel,3–5 years,"Less than TZS 5,000",11–30,Less than 30,More than 30,Mixed Usage,Occasionally,No,Lower prices,4.0,Yes,No,Neutral,2,1,2,1,3,3,1,1,2.0,1,1.4000000000000001,3.4
2026/08/30 09:11:00 PM GMT+3,35–44,Female,Ubungo,Self-employed,Halotel,1–2 years,"Less than TZS 5,000",None,30–60,None,Voice Calls,Monthly,No,N/A,4.0,No,Yes,Strongly Agree,3,1,0,2,0,2,2,2,0.6666666666666666,1,1.05,2.8
2026/08/30 10:46:00 PM GMT+3,55+,Female,Kigamboni,Student,TTCL,3–5 years,"Less than TZS 5,000",11–30,More than 300,None,SMS,Weekly,Yes,Promotions,2.0,Yes,Yes,Strongly Agree,5,1,2,5,0,3,3,3,2.3333333333333335,1,2.3,2.5999999999999996
2026/08/31 12:28:00 AM GMT+3,45–54,Prefer not to say,Kigamboni,Employed,Halotel,1–2 years,"10,001–20,000",31–60,30–60,11–30,Mobile Money,Weekly,No,Better network coverage,5.0,No,No,Strongly Disagree,4,3,3,2,2,2,3,3,2.3333333333333335,3,2.6500000000000004,3.2
2026/08/31 01:06:00 AM GMT+3,45–54,Prefer not to say,Ilala,Unemployed,Halotel,3–5 years,"5,000–10,000",None,61–120,None,Mobile Money,Monthly,Yes,N/A,5.0,Yes,Yes,Agree,4,2,0,3,0,3,2,2,1.0,2,1.65,3.8
2026/08/31 02:16:00 AM GMT+3,35–44,Prefer not to say,Temeke,Student,Tigo,Less than 1 year,"5,000–10,000",None,30–60,More than 30,SMS,Occasionally,No,N/A,5.0,No,No,Strongly Disagree,3,2,0,2,3,1,1,1,1.6666666666666667,2,1.6,2.6
2026/08/31 03:18:00 AM GMT+3,55+,Male,Ilala,Self-employed,Tigo,More than 5 years,"20,001–50,000",More than 60,61–120,11–30,Mobile Money,Daily,No,N/A,1.0,No,No,Neutral,5,4,4,3,2,4,4,4,3.0,4,3.5500000000000003,2.8
2026/08/31 04:18:00 AM GMT+3,55+,Female,Ilala,Employed,TTCL,Less than 1 year,"Less than TZS 5,000",1–10,121–300,11–30,SMS,Weekly,Yes,Better internet,5.0,Yes,No,Strongly Disagree,5,1,1,4,2,1,3,3,2.3333333333333335,1,2.0500000000000003,2.6
2026/08/31 05:48:00 AM GMT+3,45–54,Female,Ubungo,Unemployed,TTCL,1–2 years,"Less than TZS 5,000",1–10,61–120,More than 30,Mobile Money,Daily,No,Better customer service,3.0,Yes,No,Strongly Disagree,4,1,1,3,3,2,4,4,2.3333333333333335,1,2.0,2.4000000000000004
2026/08/31 07:29:00 AM GMT+3,45–54,Female,Ilala,Student,TTCL,Less than 1 year,"20,001–50,000",More than 60,Less than 30,11–30,Mixed Usage,Daily,No,N/A,5.0,No,Yes,Agree,4,4,4,1,2,1,4,4,2.3333333333333335,4,3.0500000000000003,2.6
2026/08/31 08:38:00 AM GMT+3,55+,Prefer not to say,Kinondoni,Unemployed,Airtel,1–2 years,"20,001–50,000",11–30,Less than 30,11–30,Mobile Money,Monthly,No,N/A,4.0,Yes,No,Agree,5,4,2,1,2,2,2,2,1.6666666666666667,4,2.45,2.8
2026/08/31 09:39:00 AM GMT+3,45–54,Prefer not to say,Ilala,Student,Vodacom,More than 5 years,"5,000–10,000",31–60,More than 300,11–30,Internet,Monthly,Yes,Promotions,1.0,No,No,Agree,4,2,3,5,2,4,2,2,3.3333333333333335,2,2.95,2.8
2026/08/31 10:41:00 AM GMT+3,35–44,Prefer not to say,Ubungo,Business owner,Vodacom,3–5 years,"More than 50,000",1–10,Less than 30,1–10,Internet,Daily,Yes,Lower prices,2.0,No,No,Agree,3,5,1,1,1,3,4,4,1.0,5,2.7,2.5999999999999996
2026/08/31 12:01:00 PM GMT+3,Under 18,Male,Temeke,Employed,Airtel,Less than 1 year,"Less than TZS 5,000",None,Less than 30,None,Mobile Money,Occasionally,No,N/A,5.0,Yes,Yes,Strongly Agree,0,1,0,1,0,1,1,1,0.3333333333333333,1,0.7,2.6
2026/08/31 01:38:00 PM GMT+3,25–34,Male,Ilala,Employed,Tigo,1–2 years,"5,000–10,000",11–30,61–120,1–10,Mixed Usage,Daily,Yes,Better network coverage,1.0,Yes,No,Agree,2,2,2,3,1,2,4,4,2.0,2,2.35,1.6
2026/08/31 02:27:00 PM GMT+3,35–44,Female,Temeke,Business owner,Halotel,Less than 1 year,"5,000–10,000",1–10,30–60,1–10,Internet,Weekly,Yes,Promotions,5.0,No,Yes,Agree,3,2,1,2,1,1,3,3,1.3333333333333333,2,1.8,2.6
2026/08/31 02:56:00 PM GMT+3,55+,Prefer not to say,Kigamboni,Business owner,Airtel,More than 5 years,"10,001–20,000",11–30,More than 300,11–30,Mobile Money,Weekly,Yes,N/A,2.0,No,No,Neutral,5,3,2,5,2,4,3,3,3.0,3,3.2,3.2
2026/08/31 03:02:00 PM GMT+3,35–44,Male,Ubungo,Student,TTCL,3–5 years,"10,001–20,000",None,More than 300,None,Mixed Usage,Occasionally,No,N/A,3.0,No,Yes,Strongly Agree,3,3,0,5,0,3,1,1,1.6666666666666667,3,2.4,3.0
2026/08/31 03:24:00 PM GMT+3,55+,Female,Kinondoni,Student,Vodacom,Less than 1 year,"10,001–20,000",None,More than 300,11–30,Mixed Usage,Occasionally,Yes,N/A,3.0,No,Yes,Agree,5,3,0,5,2,1,1,1,2.3333333333333335,3,2.6,1.8000000000000003
2026/08/31 04:32:00 PM GMT+3,Under 18,Male,Ubungo,Employed,Airtel,Less than 1 year,"Less than TZS 5,000",More than 60,Less than 30,1–10,Mobile Money,Monthly,Yes,Lower prices,5.0,Yes,Yes,Agree,0,1,4,1,1,1,2,2,2.0,1,1.7,2.6
2026/08/31 04:41:00 PM GMT+3,35–44,Male,Ilala,Business owner,Tigo,1–2 years,"More than 50,000",11–30,121–300,More than 30,Mixed Usage,Monthly,No,N/A,3.0,Yes,Yes,Strongly Agree,3,5,2,4,3,2,2,2,3.0,5,3.6500000000000004,2.4000000000000004
2026/08/31 04:43:00 PM GMT+3,Under 18,Female,Kigamboni,Unemployed,Airtel,Less than 1 year,"More than 50,000",31–60,More than 300,None,Mixed Usage,Monthly,No,Promotions,1.0,No,Yes,Neutral,0,5,3,5,0,1,2,2,2.6666666666666665,5,3.8000000000000003,1.0
2026/08/31 05:16:00 PM GMT+3,18–24,Prefer not to say,Temeke,Business owner,Tigo,1–2 years,"5,000–10,000",1–10,Less than 30,More than 30,Voice Calls,Weekly,No,N/A,4.0,Yes,No,Strongly Agree,1,2,1,1,3,2,3,3,1.6666666666666667,2,1.75,2.8
2026/08/31 07:11:00 PM GMT+3,18–24,Male,Ubungo,Employed,Tigo,1–2 years,"5,000–10,000",31–60,61–120,11–30,SMS,Daily,Yes,Other,2.0,No,No,Neutral,1,2,3,3,2,2,4,4,2.6666666666666665,2,2.65,2.0
2026/08/31 07:41:00 PM GMT+3,25–34,Prefer not to say,Kinondoni,Self-employed,TTCL,Less than 1 year,"10,001–20,000",1–10,61–120,More than 30,SMS,Occasionally,Yes,Better internet,4.0,Yes,Yes,Strongly Disagree,2,3,1,3,3,1,1,1,2.3333333333333335,3,2.3999999999999995,2.2
2026/08/31 07:51:00 PM GMT+3,18–24,Male,Kigamboni,Student,Airtel,1–2 years,"More than 50,000",More than 60,More than 300,11–30,Internet,Daily,No,Better network coverage,5.0,Yes,No,Neutral,1,5,4,5,2,2,4,4,3.6666666666666665,5,4.4,3.2
2026/08/31 08:39:00 PM GMT+3,45–54,Prefer not to say,Kigamboni,Unemployed,TTCL,1–2 years,"Less than TZS 5,000",1–10,Less than 30,11–30,Internet,Daily,No,N/A,5.0,No,Yes,Strongly Agree,4,1,1,1,2,2,4,4,1.3333333333333333,1,1.4000000000000001,3.2
2026/08/31 09:26:00 PM GMT+3,25–34,Male,Ubungo,Business owner,Halotel,Less than 1 year,"5,000–10,000",1–10,Less than 30,More than 30,Voice Calls,Occasionally,No,Better network coverage,5.0,Yes,Yes,Agree,2,2,1,1,3,1,1,1,1.6666666666666667,2,1.55,2.6
2026/08/31 10:36:00 PM GMT+3,25–34,Prefer not to say,Ubungo,Business owner,Halotel,More than 5 years,"More than 50,000",1–10,121–300,None,Mobile Money,Occasionally,Yes,Better customer service,3.0,Yes,No,Strongly Disagree,2,5,1,4,0,4,1,1,1.6666666666666667,5,3.0500000000000003,3.6
2026/09/01 12:15:00 AM GMT+3,55+,Male,Ilala,Student,TTCL,More than 5 years,"More than 50,000",11–30,121–300,None,Mixed Usage,Daily,Yes,Better internet,1.0,No,No,Agree,5,5,2,4,0,4,4,4,2.0,5,3.55,2.8
2026/09/01 01:17:00 AM GMT+3,25–34,Prefer not to say,Temeke,Employed,Airtel,3–5 years,"10,001–20,000",11–30,More than 300,11–30,Mobile Money,Weekly,No,Better customer service,1.0,No,Yes,Strongly Agree,2,3,2,5,2,3,3,3,3.0,3,3.2,2.1999999999999997
2026/09/01 02:07:00 AM GMT+3,18–24,Female,Ilala,Student,Halotel,1–2 years,"20,001–50,000",More than 60,121–300,None,SMS,Daily,Yes,N/A,5.0,Yes,Yes,Strongly Agree,1,4,4,4,0,2,4,4,2.6666666666666665,4,3.6,3.2
2026/09/01 02:13:00 AM GMT+3,45–54,Female,Temeke,Student,TTCL,3–5 years,"10,001–20,000",1–10,Less than 30,11–30,Voice Calls,Occasionally,No,N/A,5.0,No,No,Strongly Disagree,4,3,1,1,2,3,1,1,1.3333333333333333,3,1.7999999999999998,3.8
2026/09/01 02:24:00 AM GMT+3,55+,Prefer not to say,Kigamboni,Business owner,TTCL,Less than 1 year,"5,000–10,000",11–30,30–60,11–30,SMS,Monthly,Yes,Better customer service,1.0,No,No,Neutral,5,2,2,2,2,1,2,2,2.0,2,2.0,1.0
2026/09/01 02:39:00 AM GMT+3,Under 18,Female,Kigamboni,Employed,Tigo,3–5 years,"20,001–50,000",More than 60,More than 300,1–10,Internet,Occasionally,No,N/A,4.0,No,No,Strongly Agree,0,4,4,5,1,3,1,1,3.3333333333333335,4,3.6500000000000004,3.4
2026/09/01 03:45:00 AM GMT+3,35–44,Female,Ilala,Business owner,Airtel,1–2 years,"10,001–20,000",More than 60,30–60,More than 30,SMS,Weekly,Yes,N/A,2.0,No,No,Strongly Agree,3,3,4,2,3,2,3,3,3.0,3,2.9499999999999993,2.0
2026/09/01 05:22:00 AM GMT+3,18–24,Prefer not to say,Ubungo,Student,TTCL,3–5 years,"10,001–20,000",More than 60,61–120,None,SMS,Daily,Yes,N/A,4.0,No,No,Neutral,1,3,4,3,0,3,4,4,2.3333333333333335,3,2.9999999999999996,3.4
2026/09/01 05:27:00 AM GMT+3,18–24,Male,Kigamboni,Business owner,Airtel,More than 5 years,"20,001–50,000",1–10,121–300,None,Mixed Usage,Daily,Yes,Lower prices,1.0,No,No,Strongly Disagree,1,4,1,4,0,4,4,4,1.6666666666666667,4,3.0,2.8
2026/09/01 07:20:00 AM GMT+3,Under 18,Prefer not to say,Ubungo,Self-employed,Airtel,Less than 1 year,"Less than TZS 5,000",11–30,121–300,None,Voice Calls,Weekly,No,Better customer service,3.0,No,Yes,Neutral,0,1,2,4,0,1,3,3,2.0,1,2.05,1.8000000000000003
2026/09/01 08:03:00 AM GMT+3,18–24,Male,Ubungo,Unemployed,Airtel,1–2 years,"5,000–10,000",31–60,121–300,None,SMS,Daily,No,Lower prices,2.0,Yes,No,Neutral,1,2,3,4,0,2,4,4,2.3333333333333335,2,2.6999999999999997,2.0
2026/09/01 08:39:00 AM GMT+3,Under 18,Female,Kigamboni,Unemployed,Tigo,Less than 1 year,"10,001–20,000",1–10,61–120,1–10,Mixed Usage,Daily,No,Better internet,5.0,No,No,Strongly Disagree,0,3,1,3,1,1,4,4,1.6666666666666667,3,2.5,2.6
2026/09/01 10:12:00 AM GMT+3,25–34,Male,Ilala,Student,Airtel,More than 5 years,"More than 50,000",More than 60,Less than 30,More than 30,SMS,Monthly,No,Better customer service,1.0,Yes,No,Neutral,2,5,4,1,3,4,2,2,2.6666666666666665,5,3.3,2.8
2026/09/01 12:08:00 PM GMT+3,35–44,Male,Ilala,Unemployed,TTCL,1–2 years,"20,001–50,000",11–30,61–120,None,Internet,Occasionally,No,Better network coverage,5.0,No,No,Strongly Disagree,3,4,2,3,0,2,1,1,1.6666666666666667,4,2.65,3.2
2026/09/01 12:10:00 PM GMT+3,55+,Male,Ubungo,Student,Airtel,1–2 years,"Less than TZS 5,000",None,More than 300,More than 30,SMS,Daily,Yes,Better network coverage,4.0,Yes,No,Strongly Agree,5,1,0,5,3,2,4,4,2.6666666666666665,1,2.3,2.8
2026/09/01 01:08:00 PM GMT+3,18–24,Male,Temeke,Business owner,Tigo,1–2 years,"10,001–20,000",More than 60,61–120,None,Mobile Money,Occasionally,Yes,N/A,1.0,Yes,Yes,Strongly Agree,1,3,4,3,0,2,1,1,2.3333333333333335,3,2.6999999999999997,1.6
2026/09/01 01:11:00 PM GMT+3,35–44,Female,Kigamboni,Employed,Vodacom,1–2 years,"20,001–50,000",More than 60,61–120,More than 30,Mobile Money,Occasionally,No,N/A,4.0,Yes,No,Neutral,3,4,4,3,3,2,1,1,3.3333333333333335,4,3.3500000000000005,2.8
2026/09/01 02:56:00 PM GMT+3,55+,Female,Temeke,Self-employed,Airtel,1–2 years,"20,001–50,000",31–60,121–300,None,Voice Calls,Occasionally,No,N/A,2.0,Yes,No,Agree,5,4,3,4,0,2,1,1,2.3333333333333335,4,3.1,2.0
2026/09/01 03:04:00 PM GMT+3,45–54,Female,Kinondoni,Student,Halotel,3–5 years,"10,001–20,000",1–10,More than 300,11–30,Internet,Monthly,Yes,N/A,5.0,Yes,Yes,Strongly Agree,4,3,1,5,2,3,2,2,2.6666666666666665,3,2.9000000000000004,3.8
2026/09/01 04:26:00 PM GMT+3,45–54,Female,Kigamboni,Unemployed,TTCL,Less than 1 year,"More than 50,000",1–10,121–300,11–30,Voice Calls,Monthly,No,N/A,1.0,Yes,Yes,Neutral,4,5,1,4,2,1,2,2,2.3333333333333335,5,3.3500000000000005,1.0
2026/09/01 04:32:00 PM GMT+3,18–24,Male,Temeke,Self-employed,TTCL,1–2 years,"20,001–50,000",11–30,Less than 30,None,Mixed Usage,Weekly,Yes,Promotions,1.0,No,Yes,Strongly Disagree,1,4,2,1,0,2,3,3,1.0,4,2.3499999999999996,1.6
2026/09/01 04:34:00 PM GMT+3,18–24,Female,Kinondoni,Self-employed,Tigo,Less than 1 year,"10,001–20,000",1–10,More than 300,None,Voice Calls,Weekly,Yes,Lower prices,1.0,No,Yes,Agree,1,3,1,5,0,1,3,3,2.0,3,2.8,1.0
2026/09/01 04:59:00 PM GMT+3,35–44,Prefer not to say,Ilala,Business owner,Tigo,More than 5 years,"Less than TZS 5,000",None,121–300,More than 30,Voice Calls,Occasionally,Yes,Other,5.0,Yes,Yes,Agree,3,1,0,4,3,4,1,1,2.3333333333333335,1,1.7500000000000002,4.4
2026/09/01 05:10:00 PM GMT+3,45–54,Female,Ilala,Student,Halotel,3–5 years,"10,001–20,000",None,Less than 30,None,Voice Calls,Monthly,Yes,N/A,4.0,No,No,Strongly Agree,4,3,0,1,0,3,2,2,0.3333333333333333,3,1.4999999999999998,3.4
2026/09/01 05:57:00 PM GMT+3,55+,Male,Ilala,Self-employed,Vodacom,3–5 years,"More than 50,000",1–10,61–120,More than 30,SMS,Monthly,Yes,N/A,2.0,Yes,Yes,Strongly Disagree,5,5,1,3,3,3,2,2,2.3333333333333335,5,3.2,2.5999999999999996
2026/09/01 06:10:00 PM GMT+3,Under 18,Male,Ilala,Business owner,Tigo,Less than 1 year,"More than 50,000",1–10,More than 300,None,SMS,Monthly,Yes,Other,3.0,Yes,No,Agree,0,5,1,5,0,1,2,2,2.0,5,3.4000000000000004,1.8000000000000003
2026/09/01 06:57:00 PM GMT+3,55+,Female,Ubungo,Employed,Vodacom,More than 5 years,"5,000–10,000",More than 60,More than 300,More than 30,Voice Calls,Daily,No,N/A,2.0,Yes,Yes,Strongly Agree,5,2,4,5,3,4,4,4,4.0,2,3.45,3.2
2026/09/01 08:40:00 PM GMT+3,Under 18,Prefer not to say,Ilala,Unemployed,Vodacom,3–5 years,"More than 50,000",11–30,121–300,11–30,Mixed Usage,Daily,No,Better internet,2.0,Yes,Yes,Strongly Agree,0,5,2,4,2,3,4,4,2.6666666666666665,5,3.75,2.5999999999999996
2026/09/01 09:53:00 PM GMT+3,18–24,Male,Temeke,Unemployed,Halotel,Less than 1 year,"10,001–20,000",11–30,More than 300,1–10,Mixed Usage,Monthly,No,Better customer service,3.0,No,Yes,Strongly Disagree,1,3,2,5,1,1,2,2,2.6666666666666665,3,3.0,1.8000000000000003
2026/09/01 10:00:00 PM GMT+3,Under 18,Female,Kinondoni,Student,TTCL,3–5 years,"5,000–10,000",More than 60,More than 300,None,Internet,Occasionally,No,N/A,2.0,No,Yes,Strongly Disagree,0,2,4,5,0,3,1,1,3.0,2,2.85,2.5999999999999996
2026/09/01 10:55:00 PM GMT+3,35–44,Male,Ubungo,Business owner,TTCL,Less than 1 year,"20,001–50,000",More than 60,61–120,None,Mobile Money,Daily,No,N/A,4.0,No,Yes,Agree,3,4,4,3,0,1,4,4,2.3333333333333335,4,3.35,2.2
2026/09/01 11:00:00 PM GMT+3,18–24,Male,Temeke,Self-employed,Airtel,More than 5 years,"5,000–10,000",11–30,30–60,None,Mixed Usage,Weekly,No,N/A,5.0,Yes,No,Agree,1,2,2,2,0,4,3,3,1.3333333333333333,2,1.9000000000000001,4.4
2026/09/02 12:05:00 AM GMT+3,35–44,Female,Temeke,Business owner,Halotel,Less than 1 year,"More than 50,000",31–60,61–120,None,Mobile Money,Occasionally,Yes,N/A,2.0,No,Yes,Strongly Disagree,3,5,3,3,0,1,1,1,2.0,5,3.2,1.4
2026/09/02 12:25:00 AM GMT+3,55+,Prefer not to say,Kinondoni,Business owner,Airtel,3–5 years,"5,000–10,000",1–10,61–120,More than 30,Internet,Daily,Yes,Lower prices,1.0,Yes,No,Strongly Agree,5,2,1,3,3,3,4,4,2.3333333333333335,2,2.3499999999999996,2.1999999999999997
2026/09/02 01:34:00 AM GMT+3,25–34,Prefer not to say,Kinondoni,Business owner,Tigo,1–2 years,"5,000–10,000",More than 60,30–60,1–10,SMS,Occasionally,Yes,Better customer service,1.0,No,No,Strongly Agree,2,2,4,2,1,2,1,1,2.3333333333333335,2,2.2,1.6
2026/09/02 02:59:00 AM GMT+3,Under 18,Female,Kigamboni,Unemployed,TTCL,Less than 1 year,"5,000–10,000",None,121–300,1–10,SMS,Occasionally,Yes,Better customer service,2.0,No,No,Strongly Agree,0,2,0,4,1,1,1,1,1.6666666666666667,2,1.9000000000000001,1.4
2026/09/02 04:50:00 AM GMT+3,35–44,Female,Temeke,Unemployed,Halotel,More than 5 years,"5,000–10,000",31–60,Less than 30,1–10,SMS,Occasionally,Yes,N/A,1.0,No,No,Neutral,3,2,3,1,1,4,1,1,1.6666666666666667,2,1.7500000000000002,2.8
2026/09/02 05:18:00 AM GMT+3,55+,Prefer not to say,Temeke,Student,TTCL,More than 5 years,"5,000–10,000",31–60,More than 300,More than 30,Internet,Occasionally,No,N/A,5.0,Yes,Yes,Neutral,5,2,3,5,3,4,1,1,3.6666666666666665,2,2.95,4.4
2026/09/02 07:17:00 AM GMT+3,35–44,Prefer not to say,Ubungo,Self-employed,Tigo,Less than 1 year,"20,001–50,000",More than 60,30–60,1–10,SMS,Monthly,Yes,N/A,1.0,Yes,No,Neutral,3,4,4,2,1,1,2,2,2.3333333333333335,4,3.0000000000000004,1.0
2026/09/02 07:53:00 AM GMT+3,18–24,Prefer not to say,Kigamboni,Student,Airtel,1–2 years,"More than 50,000",1–10,More than 300,11–30,Voice Calls,Daily,No,Promotions,2.0,Yes,No,Strongly Disagree,1,5,1,5,2,2,4,4,2.6666666666666665,5,3.8000000000000003,2.0
2026/09/02 08:16:00 AM GMT+3,25–34,Male,Kigamboni,Employed,TTCL,3–5 years,"10,001–20,000",31–60,More than 300,11–30,Mobile Money,Daily,Yes,Other,4.0,No,No,Strongly Disagree,2,3,3,5,2,3,4,4,3.3333333333333335,3,3.5,3.4
2026/09/02 09:50:00 AM GMT+3,Under 18,Prefer not to say,Kinondoni,Business owner,Vodacom,Less than 1 year,"More than 50,000",More than 60,Less than 30,More than 30,SMS,Monthly,Yes,Lower prices,5.0,Yes,No,Neutral,0,5,4,1,3,1,2,2,2.6666666666666665,5,3.3,2.6
2026/09/02 11:50:00 AM GMT+3,Under 18,Male,Kigamboni,Self-employed,Vodacom,3–5 years,"More than 50,000",More than 60,61–120,1–10,Internet,Weekly,No,Lower prices,5.0,Yes,Yes,Strongly Agree,0,5,4,3,1,3,3,3,2.6666666666666665,5,3.6999999999999997,3.8
2026/09/02 12:46:00 PM GMT+3,35–44,Male,Ubungo,Unemployed,Tigo,More than 5 years,"More than 50,000",11–30,More than 300,1–10,Internet,Daily,Yes,Other,3.0,Yes,No,Neutral,3,5,2,5,1,4,4,4,2.6666666666666665,5,3.9,3.6
2026/09/02 02:41:00 PM GMT+3,55+,Female,Kigamboni,Business owner,Halotel,1–2 years,"20,001–50,000",1–10,30–60,More than 30,Mobile Money,Monthly,Yes,N/A,4.0,Yes,No,Strongly Disagree,5,4,1,2,3,2,2,2,2.0,4,2.6000000000000005,2.8
2026/09/02 03:06:00 PM GMT+3,45–54,Male,Ubungo,Business owner,Halotel,More than 5 years,"20,001–50,000",None,121–300,11–30,Mobile Money,Weekly,No,Other,4.0,Yes,Yes,Strongly Agree,4,4,0,4,2,4,3,3,2.0,4,2.9000000000000004,4.0
2026/09/02 04:19:00 PM GMT+3,Under 18,Male,Ubungo,Employed,TTCL,1–2 years,"More than 50,000",31–60,30–60,11–30,Internet,Weekly,Yes,N/A,3.0,Yes,Yes,Strongly Disagree,0,5,3,2,2,2,3,3,2.3333333333333335,5,3.3500000000000005,2.4000000000000004
2026/09/02 05:02:00 PM GMT+3,Under 18,Female,Ubungo,Unemployed,Tigo,1–2 years,"5,000–10,000",None,61–120,11–30,Mobile Money,Daily,No,Better network coverage,4.0,No,Yes,Strongly Agree,0,2,0,3,2,2,4,4,1.6666666666666667,2,2.0500000000000003,2.8
2026/09/02 05:35:00 PM GMT+3,Under 18,Male,Kinondoni,Student,Airtel,More than 5 years,"20,001–50,000",1–10,30–60,11–30,Mixed Usage,Occasionally,Yes,N/A,4.0,Yes,No,Neutral,0,4,1,2,2,4,1,1,1.6666666666666667,4,2.4000000000000004,4.0
2026/09/02 06:06:00 PM GMT+3,35–44,Prefer not to say,Temeke,Unemployed,Tigo,More than 5 years,"5,000–10,000",11–30,61–120,11–30,Mixed Usage,Daily,No,Better customer service,1.0,Yes,No,Strongly Disagree,3,2,2,3,2,4,4,4,2.3333333333333335,2,2.45,2.8
2026/09/02 07:26:00 PM GMT+3,45–54,Male,Kinondoni,Unemployed,Halotel,3–5 years,"5,000–10,000",31–60,Less than 30,More than 30,Voice Calls,Occasionally,Yes,N/A,3.0,Yes,No,Strongly Disagree,4,2,3,1,3,3,1,1,2.3333333333333335,2,1.9500000000000002,3.0
2026/09/02 08:08:00 PM GMT+3,55+,Prefer not to say,Kinondoni,Self-employed,TTCL,3–5 years,"20,001–50,000",11–30,121–300,11–30,Mobile Money,Weekly,No,Other,1.0,No,No,Neutral,5,4,2,4,2,3,3,3,2.6666666666666665,4,3.3,2.1999999999999997
2026/09/02 08:18:00 PM GMT+3,Under 18,Female,Kigamboni,Student,TTCL,1–2 years,"More than 50,000",11–30,More than 300,More than 30,SMS,Weekly,No,N/A,1.0,No,No,Strongly Disagree,0,5,2,5,3,2,3,3,3.3333333333333335,5,4.0,1.6
2026/09/02 08:48:00 PM GMT+3,55+,Prefer not to say,Ubungo,Employed,Tigo,Less than 1 year,"20,001–50,000",1–10,Less than 30,11–30,Internet,Monthly,No,N/A,2.0,No,No,Strongly Agree,5,4,1,1,2,1,2,2,1.3333333333333333,4,2.25,1.4
2026/09/02 08:59:00 PM GMT+3,25–34,Male,Kigamboni,Unemployed,TTCL,More than 5 years,"20,001–50,000",More than 60,121–300,More than 30,Mobile Money,Weekly,Yes,Promotions,2.0,Yes,Yes,Strongly Agree,2,4,4,4,3,4,3,3,3.6666666666666665,4,3.8,3.2
2026/09/02 10:18:00 PM GMT+3,25–34,Female,Kinondoni,Business owner,Tigo,More than 5 years,"Less than TZS 5,000",More than 60,121–300,None,Mixed Usage,Monthly,Yes,N/A,2.0,Yes,No,Agree,2,1,4,4,0,4,2,2,2.6666666666666665,1,2.3500000000000005,3.2
2026/09/02 11:07:00 PM GMT+3,18–24,Prefer not to say,Temeke,Employed,Airtel,More than 5 years,"More than 50,000",More than 60,61–120,1–10,Voice Calls,Monthly,No,Other,2.0,Yes,Yes,Strongly Disagree,1,5,4,3,1,4,2,2,2.6666666666666665,5,3.6,3.2
2026/09/02 11:26:00 PM GMT+3,25–34,Male,Kigamboni,Unemployed,Airtel,Less than 1 year,"5,000–10,000",31–60,More than 300,None,Mixed Usage,Daily,No,Better network coverage,2.0,Yes,No,Strongly Agree,2,2,3,5,0,1,4,4,2.6666666666666665,2,2.9499999999999997,1.4
2026/09/02 11:49:00 PM GMT+3,25–34,Prefer not to say,Kigamboni,Unemployed,Tigo,Less than 1 year,"More than 50,000",More than 60,121–300,1–10,Mobile Money,Monthly,Yes,Better customer service,1.0,No,Yes,Neutral,2,5,4,4,1,1,2,2,3.0,5,3.85,1.0
2026/09/03 01:42:00 AM GMT+3,18–24,Female,Kigamboni,Self-employed,Tigo,3–5 years,"Less than TZS 5,000",More than 60,121–300,More than 30,Mixed Usage,Occasionally,Yes,Better customer service,2.0,Yes,Yes,Strongly Disagree,1,1,4,4,3,3,1,1,3.6666666666666665,1,2.5500000000000007,2.5999999999999996
2026/09/03 03:03:00 AM GMT+3,35–44,Female,Ilala,Student,Airtel,3–5 years,"20,001–50,000",More than 60,61–120,None,Voice Calls,Monthly,No,Better network coverage,3.0,No,Yes,Strongly Agree,3,4,4,3,0,3,2,2,2.3333333333333335,4,3.1500000000000004,3.0
2026/09/03 04:31:00 AM GMT+3,55+,Male,Kigamboni,Employed,Vodacom,3–5 years,"More than 50,000",31–60,More than 300,11–30,SMS,Monthly,No,Better internet,4.0,No,Yes,Neutral,5,5,3,5,2,3,2,2,3.3333333333333335,5,4.0,3.4
2026/09/03 05:46:00 AM GMT+3,55+,Prefer not to say,Ilala,Employed,Tigo,3–5 years,"20,001–50,000",31–60,More than 300,11–30,Mobile Money,Monthly,Yes,N/A,2.0,No,Yes,Strongly Agree,5,4,3,5,2,3,2,2,3.3333333333333335,4,3.6500000000000004,2.5999999999999996
2026/09/03 06:41:00 AM GMT+3,45–54,Female,Kigamboni,Unemployed,TTCL,3–5 years,"Less than TZS 5,000",11–30,Less than 30,1–10,Mobile Money,Weekly,No,N/A,2.0,Yes,No,Strongly Agree,4,1,2,1,1,3,3,3,1.3333333333333333,1,1.4000000000000001,2.5999999999999996
2026/09/03 08:39:00 AM GMT+3,18–24,Prefer not to say,Kigamboni,Business owner,TTCL,More than 5 years,"More than 50,000",1–10,61–120,More than 30,Internet,Monthly,Yes,Better network coverage,1.0,No,No,Neutral,1,5,1,3,3,4,2,2,2.3333333333333335,5,3.2,2.8
2026/09/03 09:14:00 AM GMT+3,55+,Prefer not to say,Ilala,Unemployed,Airtel,3–5 years,"10,001–20,000",None,Less than 30,None,Mobile Money,Daily,Yes,N/A,5.0,No,No,Neutral,5,3,0,1,0,3,4,4,0.3333333333333333,3,1.6999999999999997,3.8
2026/09/03 10:12:00 AM GMT+3,45–54,Female,Kigamboni,Self-employed,TTCL,3–5 years,"5,000–10,000",More than 60,Less than 30,11–30,Mixed Usage,Monthly,No,N/A,3.0,No,Yes,Strongly Disagree,4,2,4,1,2,3,2,2,2.3333333333333335,2,2.15,3.0
2026/09/03 10:47:00 AM GMT+3,Under 18,Prefer not to say,Ubungo,Business owner,Tigo,Less than 1 year,"Less than TZS 5,000",11–30,Less than 30,More than 30,Voice Calls,Monthly,No,N/A,2.0,Yes,Yes,Strongly Disagree,0,1,2,1,3,1,2,2,2.0,1,1.5,1.4
2026/09/03 11:55:00 AM GMT+3,45–54,Prefer not to say,Ilala,Unemployed,Tigo,Less than 1 year,"5,000–10,000",11–30,61–120,More than 30,Internet,Weekly,Yes,Better internet,5.0,No,Yes,Strongly Agree,4,2,2,3,3,1,3,3,2.6666666666666665,2,2.45,2.6
2026/09/03 12:01:00 PM GMT+3,35–44,Female,Ubungo,Self-employed,Airtel,Less than 1 year,"5,000–10,000",11–30,121–300,None,Mixed Usage,Monthly,No,N/A,4.0,Yes,Yes,Neutral,3,2,2,4,0,1,2,2,2.0,2,2.3000000000000003,2.2
2026/09/03 01:33:00 PM GMT+3,45–54,Male,Kinondoni,Unemployed,Airtel,1–2 years,"5,000–10,000",11–30,Less than 30,None,Internet,Daily,Yes,Promotions,1.0,Yes,No,Strongly Agree,4,2,2,1,0,2,4,4,1.0,2,1.75,1.6
2026/09/03 03:05:00 PM GMT+3,25–34,Prefer not to say,Temeke,Employed,TTCL,1–2 years,"10,001–20,000",More than 60,61–120,11–30,Mixed Usage,Weekly,No,Other,4.0,No,Yes,Strongly Agree,2,3,4,3,2,2,3,3,3.0,3,3.0999999999999996,2.8
2026/09/03 04:43:00 PM GMT+3,35–44,Female,Kinondoni,Employed,Vodacom,3–5 years,"Less than TZS 5,000",More than 60,30–60,11–30,SMS,Monthly,Yes,Promotions,2.0,Yes,Yes,Strongly Disagree,3,1,4,2,2,3,2,2,2.6666666666666665,1,2.05,2.5999999999999996
2026/09/03 05:55:00 PM GMT+3,Under 18,Female,Temeke,Self-employed,Tigo,1–2 years,"More than 50,000",None,121–300,11–30,Mobile Money,Daily,No,Lower prices,2.0,No,Yes,Strongly Agree,0,5,0,4,2,2,4,4,2.0,5,3.35,2.0
2026/09/03 07:30:00 PM GMT+3,45–54,Prefer not to say,Ubungo,Self-employed,Tigo,More than 5 years,"20,001–50,000",11–30,Less than 30,More than 30,Mixed Usage,Occasionally,No,N/A,2.0,No,No,Strongly Disagree,4,4,2,1,3,4,1,1,2.0,4,2.45,3.2
2026/09/03 07:48:00 PM GMT+3,18–24,Male,Kigamboni,Business owner,TTCL,1–2 years,"5,000–10,000",More than 60,61–120,1–10,Mixed Usage,Occasionally,No,Other,2.0,No,No,Neutral,1,2,4,3,1,2,1,1,2.6666666666666665,2,2.45,2.0
2026/09/03 08:17:00 PM GMT+3,25–34,Male,Ilala,Self-employed,Tigo,More than 5 years,"More than 50,000",31–60,61–120,None,Mobile Money,Occasionally,Yes,N/A,5.0,Yes,No,Agree,2,5,3,3,0,4,1,1,2.0,5,3.2,4.4
2026/09/03 09:17:00 PM GMT+3,Under 18,Prefer not to say,Kigamboni,Unemployed,Tigo,More than 5 years,"20,001–50,000",31–60,121–300,11–30,SMS,Daily,No,Better customer service,5.0,No,Yes,Agree,0,4,3,4,2,4,4,4,3.0,4,3.6,4.4
2026/09/03 10:19:00 PM GMT+3,35–44,Female,Ilala,Student,Vodacom,3–5 years,"Less than TZS 5,000",11–30,61–120,11–30,Internet,Monthly,Yes,Other,2.0,No,No,Neutral,3,1,2,3,2,3,2,2,2.3333333333333335,1,1.9,2.5999999999999996
2026/09/03 10:56:00 PM GMT+3,18–24,Prefer not to say,Kigamboni,Self-employed,Halotel,Less than 1 year,"Less than TZS 5,000",1–10,More than 300,11–30,SMS,Monthly,Yes,N/A,2.0,Yes,Yes,Neutral,1,1,1,5,2,1,2,2,2.6666666666666665,1,2.2,1.4
2026/09/03 11:36:00 PM GMT+3,35–44,Female,Kinondoni,Employed,Halotel,3–5 years,"20,001–50,000",31–60,121–300,11–30,SMS,Daily,Yes,Promotions,2.0,No,No,Strongly Disagree,3,4,3,4,2,3,4,4,3.0,4,3.6,2.5999999999999996
2026/09/04 01:16:00 AM GMT+3,55+,Female,Ilala,Business owner,TTCL,3–5 years,"10,001–20,000",More than 60,Less than 30,11–30,Voice Calls,Weekly,Yes,N/A,4.0,Yes,No,Strongly Agree,5,3,4,1,2,3,3,3,2.3333333333333335,3,2.5999999999999996,3.4
2026/09/04 01:36:00 AM GMT+3,55+,Female,Temeke,Employed,Vodacom,Less than 1 year,"More than 50,000",None,61–120,1–10,Mixed Usage,Weekly,Yes,N/A,2.0,No,Yes,Neutral,5,5,0,3,1,1,3,3,1.3333333333333333,5,2.9,1.4
2026/09/04 03:27:00 AM GMT+3,18–24,Male,Kinondoni,Self-employed,Tigo,More than 5 years,"20,001–50,000",None,More than 300,None,Mobile Money,Daily,Yes,Better customer service,4.0,No,Yes,Neutral,1,4,0,5,0,4,4,4,1.6666666666666667,4,3.05,4.0
2026/09/04 04:16:00 AM GMT+3,25–34,Female,Temeke,Unemployed,Airtel,3–5 years,"More than 50,000",None,121–300,11–30,SMS,Monthly,No,N/A,4.0,No,No,Strongly Agree,2,5,0,4,2,3,2,2,2.0,5,3.1500000000000004,3.4
2026/09/04 06:02:00 AM GMT+3,55+,Male,Kigamboni,Business owner,Vodacom,3–5 years,"Less than TZS 5,000",1–10,61–120,1–10,Mixed Usage,Occasionally,Yes,Promotions,1.0,Yes,Yes,Strongly Agree,5,1,1,3,1,3,1,1,1.6666666666666667,1,1.5000000000000002,2.1999999999999997
2026/09/04 06:29:00 AM GMT+3,45–54,Male,Kinondoni,Business owner,Airtel,3–5 years,"5,000–10,000",None,More than 300,1–10,Mobile Money,Monthly,No,Other,2.0,Yes,Yes,Neutral,4,2,0,5,1,3,2,2,2.0,2,2.25,2.5999999999999996
2026/09/04 07:53:00 AM GMT+3,55+,Prefer not to say,Temeke,Self-employed,Halotel,More than 5 years,"More than 50,000",31–60,Less than 30,1–10,Mobile Money,Occasionally,Yes,Promotions,3.0,No,No,Strongly Disagree,5,5,3,1,1,4,1,1,1.6666666666666667,5,2.8000000000000003,3.6
2026/09/04 09:06:00 AM GMT+3,Under 18,Male,Kigamboni,Student,TTCL,More than 5 years,"More than 50,000",1–10,More than 300,More than 30,SMS,Occasionally,No,Better internet,2.0,No,Yes,Strongly Disagree,0,5,1,5,3,4,1,1,3.0,5,3.6000000000000005,3.2
2026/09/04 09:44:00 AM GMT+3,25–34,Female,Kinondoni,Student,Vodacom,More than 5 years,"5,000–10,000",1–10,121–300,11–30,SMS,Occasionally,Yes,Better internet,1.0,No,Yes,Agree,2,2,1,4,2,4,1,1,2.3333333333333335,2,2.2,2.8
2026/09/04 10:43:00 AM GMT+3,Under 18,Female,Kigamboni,Self-employed,TTCL,More than 5 years,"Less than TZS 5,000",31–60,61–120,More than 30,Mixed Usage,Daily,No,Lower prices,1.0,Yes,No,Agree,0,1,3,3,3,4,4,4,3.0,1,2.4000000000000004,2.8
2026/09/04 12:23:00 PM GMT+3,18–24,Male,Kinondoni,Employed,TTCL,3–5 years,"20,001–50,000",None,30–60,More than 30,Internet,Monthly,Yes,N/A,5.0,Yes,Yes,Neutral,1,4,0,2,3,3,2,2,1.6666666666666667,4,2.4000000000000004,3.8
2026/09/04 01:58:00 PM GMT+3,55+,Male,Temeke,Employed,Halotel,3–5 years,"20,001–50,000",31–60,More than 300,More than 30,Mixed Usage,Monthly,Yes,Promotions,2.0,No,Yes,Neutral,5,4,3,5,3,3,2,2,3.6666666666666665,4,3.75,2.5999999999999996
2026/09/04 03:55:00 PM GMT+3,18–24,Prefer not to say,Temeke,Self-employed,TTCL,1–2 years,"5,000–10,000",More than 60,30–60,More than 30,Voice Calls,Daily,No,Other,4.0,Yes,No,Agree,1,2,4,2,3,2,4,4,3.0,2,2.7,2.8
2026/09/04 05:37:00 PM GMT+3,18–24,Female,Kinondoni,Employed,Vodacom,1–2 years,"5,000–10,000",More than 60,Less than 30,None,Mixed Usage,Occasionally,No,Other,2.0,Yes,No,Strongly Agree,1,2,4,1,0,2,1,1,1.6666666666666667,2,1.85,2.0
2026/09/04 06:05:00 PM GMT+3,45–54,Male,Kinondoni,Self-employed,Halotel,Less than 1 year,"More than 50,000",More than 60,121–300,More than 30,Mixed Usage,Daily,No,Better network coverage,2.0,No,Yes,Agree,4,5,4,4,3,1,4,4,3.6666666666666665,5,4.25,1.4
2026/09/04 06:42:00 PM GMT+3,18–24,Male,Ubungo,Business owner,Airtel,Less than 1 year,"More than 50,000",11–30,61–120,1–10,Mobile Money,Occasionally,Yes,Better network coverage,4.0,Yes,Yes,Agree,1,5,2,3,1,1,1,1,2.0,5,3.1,2.2
2026/09/04 07:07:00 PM GMT+3,18–24,Female,Ilala,Business owner,Airtel,More than 5 years,"More than 50,000",31–60,More than 300,None,Internet,Weekly,No,Better internet,3.0,No,No,Strongly Agree,1,5,3,5,0,4,3,3,2.6666666666666665,5,3.9000000000000004,3.6
2026/09/04 07:30:00 PM GMT+3,45–54,Male,Ubungo,Business owner,Tigo,More than 5 years,"10,001–20,000",11–30,More than 300,None,Mixed Usage,Occasionally,No,N/A,3.0,Yes,Yes,Strongly Agree,4,3,2,5,0,4,1,1,2.3333333333333335,3,2.8,3.6
2026/09/04 09:28:00 PM GMT+3,25–34,Female,Ilala,Self-employed,Tigo,3–5 years,"20,001–50,000",31–60,121–300,More than 30,Voice Calls,Occasionally,No,Better customer service,3.0,No,Yes,Neutral,2,4,3,4,3,3,1,1,3.3333333333333335,4,3.4000000000000004,3.0
2026/09/04 10:26:00 PM GMT+3,18–24,Female,Kigamboni,Self-employed,Halotel,1–2 years,"More than 50,000",More than 60,61–120,More than 30,SMS,Daily,No,Better internet,3.0,No,No,Agree,1,5,4,3,3,2,4,4,3.3333333333333335,5,4.0,2.4000000000000004
2026/09/04 10:47:00 PM GMT+3,18–24,Female,Ubungo,Student,TTCL,1–2 years,"Less than TZS 5,000",31–60,121–300,1–10,SMS,Monthly,Yes,N/A,5.0,No,Yes,Agree,1,1,3,4,1,2,2,2,2.6666666666666665,1,2.2500000000000004,3.2
2026/09/05 12:42:00 AM GMT+3,55+,Male,Temeke,Student,Airtel,More than 5 years,"20,001–50,000",11–30,More than 300,None,Mobile Money,Monthly,No,N/A,2.0,Yes,Yes,Neutral,5,4,2,5,0,4,2,2,2.3333333333333335,4,3.25,3.2
2026/09/05 01:01:00 AM GMT+3,18–24,Female,Kinondoni,Unemployed,Airtel,3–5 years,"20,001–50,000",1–10,121–300,More than 30,SMS,Monthly,Yes,N/A,4.0,Yes,Yes,Strongly Disagree,1,4,1,4,3,3,2,2,2.6666666666666665,4,3.1000000000000005,3.4
2026/09/05 02:46:00 AM GMT+3,55+,Male,Kinondoni,Student,Halotel,More than 5 years,"More than 50,000",None,61–120,None,Mobile Money,Occasionally,No,Better network coverage,1.0,Yes,No,Neutral,5,5,0,3,0,4,1,1,1.0,5,2.6,2.8
2026/09/05 04:45:00 AM GMT+3,35–44,Female,Kigamboni,Unemployed,Tigo,More than 5 years,"5,000–10,000",1–10,More than 300,1–10,SMS,Weekly,Yes,N/A,4.0,Yes,Yes,Neutral,3,2,1,5,1,4,3,3,2.3333333333333335,2,2.5500000000000003,4.0
2026/09/05 05:35:00 AM GMT+3,18–24,Prefer not to say,Ubungo,Unemployed,Vodacom,Less than 1 year,"More than 50,000",1–10,Less than 30,11–30,SMS,Occasionally,Yes,Lower prices,1.0,No,No,Agree,1,5,1,1,2,1,1,1,1.3333333333333333,5,2.5000000000000004,1.0
2026/09/05 05:44:00 AM GMT+3,55+,Male,Kinondoni,Unemployed,TTCL,Less than 1 year,"20,001–50,000",1–10,61–120,More than 30,Voice Calls,Monthly,Yes,Better internet,4.0,No,Yes,Neutral,5,4,1,3,3,1,2,2,2.3333333333333335,4,2.8500000000000005,2.2
2026/09/05 05:56:00 AM GMT+3,25–34,Prefer not to say,Kigamboni,Business owner,Halotel,More than 5 years,"10,001–20,000",None,More than 300,None,Mixed Usage,Daily,No,Better internet,2.0,Yes,No,Strongly Disagree,2,3,0,5,0,4,4,4,1.6666666666666667,3,2.6999999999999997,3.2
2026/09/05 07:45:00 AM GMT+3,35–44,Female,Ubungo,Employed,TTCL,More than 5 years,"5,000–10,000",1–10,More than 300,11–30,Internet,Daily,No,N/A,4.0,Yes,Yes,Agree,3,2,1,5,2,4,4,4,2.6666666666666665,2,2.75,4.0
2026/09/05 08:13:00 AM GMT+3,45–54,Male,Kigamboni,Employed,Halotel,1–2 years,"20,001–50,000",More than 60,30–60,1–10,SMS,Occasionally,Yes,Better network coverage,5.0,Yes,No,Strongly Agree,4,4,4,2,1,2,1,1,2.3333333333333335,4,2.9000000000000004,3.2
2026/09/05 08:40:00 AM GMT+3,55+,Male,Kinondoni,Unemployed,Halotel,Less than 1 year,"More than 50,000",More than 60,121–300,11–30,Mixed Usage,Monthly,Yes,N/A,2.0,No,Yes,Strongly Disagree,5,5,4,4,2,1,2,2,3.3333333333333335,5,3.95,1.4
2026/09/05 08:46:00 AM GMT+3,Under 18,Prefer not to say,Temeke,Unemployed,Vodacom,Less than 1 year,"5,000–10,000",1–10,30–60,None,Voice Calls,Monthly,No,Better network coverage,4.0,No,Yes,Neutral,0,2,1,2,0,1,2,2,1.0,2,1.5999999999999999,2.2
2026/09/05 10:02:00 AM GMT+3,45–54,Male,Kinondoni,Self-employed,Vodacom,Less than 1 year,"More than 50,000",None,30–60,More than 30,Mobile Money,Weekly,No,Better customer service,1.0,No,No,Strongly Agree,4,5,0,2,3,1,3,3,1.6666666666666667,5,2.8499999999999996,1.0
2026/09/05 11:39:00 AM GMT+3,Under 18,Female,Kinondoni,Student,Vodacom,1–2 years,"Less than TZS 5,000",None,Less than 30,More than 30,Mixed Usage,Occasionally,No,N/A,4.0,Yes,No,Strongly Agree,0,1,0,1,3,2,1,1,1.3333333333333333,1,1.0,2.8
2026/09/05 12:46:00 PM GMT+3,18–24,Female,Kigamboni,Self-employed,TTCL,1–2 years,"10,001–20,000",None,More than 300,None,Mobile Money,Occasionally,No,Better network coverage,5.0,No,No,Strongly Agree,1,3,0,5,0,2,1,1,1.6666666666666667,3,2.4,3.2
2026/09/05 02:33:00 PM GMT+3,45–54,Male,Temeke,Business owner,TTCL,More than 5 years,"More than 50,000",1–10,30–60,More than 30,SMS,Weekly,No,N/A,3.0,No,No,Neutral,4,5,1,2,3,4,3,3,2.0,5,3.05,3.6
2026/09/05 04:30:00 PM GMT+3,35–44,Female,Kigamboni,Business owner,Tigo,More than 5 years,"5,000–10,000",None,30–60,More than 30,Voice Calls,Daily,Yes,N/A,1.0,No,Yes,Strongly Agree,3,2,0,2,3,4,4,4,1.6666666666666667,2,1.9000000000000001,2.8
2026/09/05 06:02:00 PM GMT+3,Under 18,Prefer not to say,Temeke,Unemployed,Halotel,Less than 1 year,"Less than TZS 5,000",None,30–60,1–10,Mobile Money,Monthly,No,Better network coverage,2.0,Yes,No,Strongly Agree,0,1,0,2,1,1,2,2,1.0,1,1.1500000000000001,1.4
2026/09/05 07:49:00 PM GMT+3,35–44,Female,Kinondoni,Employed,TTCL,More than 5 years,"20,001–50,000",11–30,Less than 30,More than 30,Mobile Money,Occasionally,Yes,Promotions,1.0,Yes,No,Agree,3,4,2,1,3,4,1,1,2.0,4,2.45,2.8
2026/09/05 08:30:00 PM GMT+3,35–44,Male,Temeke,Student,Airtel,1–2 years,"5,000–10,000",31–60,61–120,More than 30,Mobile Money,Daily,No,Lower prices,4.0,No,No,Agree,3,2,3,3,3,2,4,4,3.0,2,2.75,2.8
2026/09/05 09:15:00 PM GMT+3,18–24,Male,Temeke,Self-employed,TTCL,3–5 years,"5,000–10,000",1–10,More than 300,More than 30,Mixed Usage,Weekly,No,N/A,3.0,No,Yes,Agree,1,2,1,5,3,3,3,3,3.0,2,2.75,3.0
2026/09/05 10:59:00 PM GMT+3,25–34,Male,Ubungo,Unemployed,Vodacom,1–2 years,"More than 50,000",31–60,121–300,1–10,Mixed Usage,Occasionally,Yes,Better network coverage,2.0,No,No,Strongly Agree,2,5,3,4,1,2,1,1,2.6666666666666665,5,3.5500000000000003,2.0
2026/09/05 11:32:00 PM GMT+3,55+,Male,Ilala,Business owner,Halotel,3–5 years,"5,000–10,000",11–30,Less than 30,More than 30,Voice Calls,Daily,Yes,Lower prices,1.0,Yes,No,Neutral,5,2,2,1,3,3,4,4,2.0,2,2.05,2.1999999999999997
2026/09/05 11:50:00 PM GMT+3,45–54,Prefer not to say,Kigamboni,Employed,Vodacom,More than 5 years,"10,001–20,000",1–10,30–60,None,Internet,Weekly,No,N/A,5.0,Yes,Yes,Neutral,4,3,1,2,0,4,3,3,1.0,3,2.05,4.4
2026/09/06 12:20:00 AM GMT+3,55+,Male,Temeke,Unemployed,Vodacom,More than 5 years,"5,000–10,000",1–10,Less than 30,11–30,Internet,Occasionally,Yes,Promotions,1.0,No,No,Neutral,5,2,1,1,2,4,1,1,1.3333333333333333,2,1.45,2.8
2026/09/06 01:16:00 AM GMT+3,55+,Male,Temeke,Unemployed,TTCL,Less than 1 year,"10,001–20,000",31–60,30–60,None,SMS,Occasionally,Yes,Better internet,5.0,No,No,Strongly Disagree,5,3,3,2,0,1,1,1,1.6666666666666667,3,2.25,2.6
2026/09/06 02:36:00 AM GMT+3,25–34,Female,Ilala,Student,Halotel,1–2 years,"5,000–10,000",31–60,61–120,More than 30,Internet,Daily,No,Better internet,5.0,No,No,Strongly Disagree,2,2,3,3,3,2,4,4,3.0,2,2.75,3.2
2026/09/06 03:41:00 AM GMT+3,55+,Male,Ilala,Self-employed,Halotel,Less than 1 year,"5,000–10,000",1–10,121–300,More than 30,Mixed Usage,Daily,No,Better network coverage,4.0,Yes,No,Agree,5,2,1,4,3,1,4,4,2.6666666666666665,2,2.5999999999999996,2.2
2026/09/06 04:07:00 AM GMT+3,25–34,Female,Kinondoni,Business owner,Halotel,1–2 years,"5,000–10,000",More than 60,More than 300,1–10,Internet,Daily,No,Better network coverage,5.0,No,No,Neutral,2,2,4,5,1,2,4,4,3.3333333333333335,2,3.25,3.2
2026/09/06 05:33:00 AM GMT+3,Under 18,Prefer not to say,Kigamboni,Self-employed,Airtel,More than 5 years,"5,000–10,000",More than 60,61–120,1–10,Mixed Usage,Weekly,Yes,Better customer service,2.0,No,Yes,Strongly Disagree,0,2,4,3,1,4,3,3,2.6666666666666665,2,2.65,3.2
2026/09/06 05:39:00 AM GMT+3,18–24,Male,Temeke,Unemployed,TTCL,3–5 years,"Less than TZS 5,000",More than 60,Less than 30,1–10,Mixed Usage,Occasionally,No,Other,2.0,Yes,No,Strongly Disagree,1,1,4,1,1,3,1,1,2.0,1,1.6,2.5999999999999996
2026/09/06 06:57:00 AM GMT+3,18–24,Female,Kigamboni,Unemployed,Airtel,1–2 years,"20,001–50,000",31–60,Less than 30,11–30,Voice Calls,Monthly,Yes,Better customer service,3.0,Yes,Yes,Strongly Disagree,1,4,3,1,2,2,2,2,2.0,4,2.6500000000000004,2.4000000000000004
2026/09/06 07:11:00 AM GMT+3,Under 18,Prefer not to say,Temeke,Student,Halotel,More than 5 years,"More than 50,000",More than 60,121–300,None,Internet,Daily,Yes,Better network coverage,4.0,No,No,Agree,0,5,4,4,0,4,4,4,2.6666666666666665,5,3.9499999999999997,4.0
2026/09/06 08:21:00 AM GMT+3,Under 18,Male,Ilala,Employed,TTCL,3–5 years,"More than 50,000",More than 60,Less than 30,11–30,Internet,Occasionally,No,N/A,3.0,No,No,Neutral,0,5,4,1,2,3,1,1,2.3333333333333335,5,3.1,3.0
2026/09/06 10:00:00 AM GMT+3,25–34,Prefer not to say,Ubungo,Self-employed,TTCL,3–5 years,"More than 50,000",None,Less than 30,11–30,Mixed Usage,Monthly,No,Better customer service,1.0,No,No,Strongly Disagree,2,5,0,1,2,3,2,2,1.0,5,2.4000000000000004,2.1999999999999997
2026/09/06 11:54:00 AM GMT+3,Under 18,Male,Kinondoni,Student,Halotel,1–2 years,"10,001–20,000",11–30,Less than 30,None,Voice Calls,Occasionally,Yes,N/A,1.0,No,Yes,Neutral,0,3,2,1,0,2,1,1,1.0,3,1.7999999999999998,1.6
2026/09/06 01:22:00 PM GMT+3,18–24,Female,Temeke,Unemployed,Vodacom,Less than 1 year,"10,001–20,000",11–30,30–60,None,SMS,Occasionally,Yes,N/A,1.0,Yes,No,Strongly Agree,1,3,2,2,0,1,1,1,1.3333333333333333,3,2.05,1.0
2026/09/06 01:34:00 PM GMT+3,18–24,Male,Ubungo,Self-employed,Tigo,More than 5 years,"Less than TZS 5,000",11–30,More than 300,More than 30,Mixed Usage,Occasionally,Yes,Better network coverage,3.0,No,Yes,Neutral,1,1,2,5,3,4,1,1,3.3333333333333335,1,2.4000000000000004,3.6
2026/09/06 02:21:00 PM GMT+3,Under 18,Female,Temeke,Unemployed,Vodacom,3–5 years,"More than 50,000",1–10,30–60,None,Internet,Occasionally,No,N/A,2.0,Yes,No,Agree,0,5,1,2,0,3,1,1,1.0,5,2.5500000000000003,2.5999999999999996
2026/09/06 02:32:00 PM GMT+3,Under 18,Male,Kigamboni,Student,Airtel,1–2 years,"Less than TZS 5,000",1–10,Less than 30,11–30,Voice Calls,Occasionally,No,N/A,5.0,No,No,Strongly Agree,0,1,1,1,2,2,1,1,1.3333333333333333,1,1.1,3.2
2026/09/06 03:51:00 PM GMT+3,55+,Prefer not to say,Ubungo,Employed,TTCL,Less than 1 year,"20,001–50,000",1–10,30–60,More than 30,Mobile Money,Daily,No,N/A,1.0,Yes,No,Neutral,5,4,1,2,3,1,4,4,2.0,4,2.8,1.0
2026/09/06 05:12:00 PM GMT+3,55+,Prefer not to say,Kigamboni,Business owner,Vodacom,More than 5 years,"20,001–50,000",None,121–300,11–30,Internet,Occasionally,No,N/A,2.0,No,Yes,Neutral,5,4,0,4,2,4,1,1,2.0,4,2.7,3.2
2026/09/06 06:20:00 PM GMT+3,55+,Prefer not to say,Ilala,Unemployed,TTCL,1–2 years,"10,001–20,000",1–10,More than 300,More than 30,Mixed Usage,Daily,No,N/A,1.0,No,Yes,Strongly Disagree,5,3,1,5,3,2,4,4,3.0,3,3.2,1.6
2026/09/06 06:54:00 PM GMT+3,Under 18,Female,Temeke,Student,Airtel,More than 5 years,"20,001–50,000",11–30,Less than 30,1–10,Voice Calls,Weekly,Yes,N/A,5.0,No,Yes,Agree,0,4,2,1,1,4,3,3,1.3333333333333333,4,2.4499999999999997,4.4
2026/09/06 08:27:00 PM GMT+3,55+,Prefer not to say,Kigamboni,Unemployed,Airtel,Less than 1 year,"20,001–50,000",11–30,61–120,11–30,Mixed Usage,Weekly,Yes,Other,4.0,No,No,Strongly Agree,5,4,2,3,2,1,3,3,2.3333333333333335,4,3.05,2.2
2026/09/06 10:22:00 PM GMT+3,35–44,Male,Ilala,Business owner,Airtel,3–5 years,"More than 50,000",1–10,30–60,None,Mixed Usage,Daily,Yes,Better internet,4.0,Yes,No,Agree,3,5,1,2,0,3,4,4,1.0,5,2.85,3.4
2026/09/07 12:15:00 AM GMT+3,55+,Male,Kinondoni,Employed,TTCL,More than 5 years,"20,001–50,000",11–30,121–300,More than 30,Voice Calls,Occasionally,Yes,N/A,5.0,Yes,Yes,Agree,5,4,2,4,3,4,1,1,3.0,4,3.2,4.4
2026/09/07 01:10:00 AM GMT+3,45–54,Male,Temeke,Unemployed,Vodacom,1–2 years,"5,000–10,000",None,61–120,More than 30,Internet,Weekly,No,Promotions,5.0,No,Yes,Neutral,4,2,0,3,3,2,3,3,2.0,2,2.05,3.2
2026/09/07 02:49:00 AM GMT+3,Under 18,Prefer not to say,Ubungo,Self-employed,Halotel,3–5 years,"20,001–50,000",11–30,Less than 30,None,Internet,Monthly,Yes,Better customer service,3.0,No,No,Strongly Disagree,0,4,2,1,0,3,2,2,1.0,4,2.25,3.0
2026/09/07 03:36:00 AM GMT+3,35–44,Female,Temeke,Student,Tigo,3–5 years,"5,000–10,000",More than 60,More than 300,1–10,Mobile Money,Occasionally,Yes,N/A,1.0,Yes,No,Strongly Disagree,3,2,4,5,1,3,1,1,3.3333333333333335,2,2.95,2.1999999999999997
2026/09/07 04:04:00 AM GMT+3,Under 18,Male,Ilala,Student,Airtel,More than 5 years,"5,000–10,000",1–10,121–300,None,Mixed Usage,Daily,Yes,Promotions,4.0,Yes,Yes,Neutral,0,2,1,4,0,4,4,4,1.6666666666666667,2,2.3,4.0
2026/09/07 05:08:00 AM GMT+3,18–24,Prefer not to say,Ilala,Student,Tigo,1–2 years,"10,001–20,000",11–30,61–120,More than 30,Mixed Usage,Weekly,Yes,N/A,2.0,No,Yes,Agree,1,3,2,3,3,2,3,3,2.6666666666666665,3,2.8,2.0
2026/09/07 06:19:00 AM GMT+3,25–34,Male,Temeke,Student,Airtel,3–5 years,"10,001–20,000",1–10,More than 300,1–10,Mixed Usage,Daily,Yes,N/A,2.0,Yes,No,Agree,2,3,1,5,1,3,4,4,2.3333333333333335,3,3.0,2.5999999999999996
2026/09/07 06:33:00 AM GMT+3,25–34,Male,Kinondoni,Unemployed,Tigo,Less than 1 year,"10,001–20,000",More than 60,Less than 30,1–10,Mixed Usage,Daily,Yes,Better customer service,1.0,Yes,Yes,Strongly Agree,2,3,4,1,1,1,4,4,2.0,3,2.5999999999999996,1.0
2026/09/07 07:38:00 AM GMT+3,18–24,Female,Temeke,Business owner,Airtel,Less than 1 year,"Less than TZS 5,000",31–60,30–60,More than 30,Mobile Money,Weekly,No,N/A,4.0,Yes,Yes,Strongly Disagree,1,1,3,2,3,1,3,3,2.6666666666666665,1,2.0500000000000003,2.2
2026/09/07 07:42:00 AM GMT+3,35–44,Male,Temeke,Self-employed,Vodacom,More than 5 years,"Less than TZS 5,000",31–60,61–120,None,Voice Calls,Daily,No,N/A,5.0,Yes,No,Agree,3,1,3,3,0,4,4,4,2.0,1,2.1,4.4
2026/09/07 08:49:00 AM GMT+3,18–24,Male,Ubungo,Self-employed,Vodacom,3–5 years,"More than 50,000",11–30,Less than 30,More than 30,Mobile Money,Occasionally,Yes,N/A,5.0,No,No,Strongly Agree,1,5,2,1,3,3,1,1,2.0,5,2.8,3.8
2026/09/07 10:18:00 AM GMT+3,25–34,Female,Kinondoni,Business owner,Airtel,1–2 years,"10,001–20,000",More than 60,61–120,11–30,Mobile Money,Monthly,No,N/A,4.0,Yes,Yes,Strongly Agree,2,3,4,3,2,2,2,2,3.0,3,3.0,2.8
2026/09/07 11:32:00 AM GMT+3,55+,Male,Kigamboni,Student,Tigo,1–2 years,"5,000–10,000",More than 60,121–300,11–30,Internet,Occasionally,No,N/A,5.0,No,Yes,Strongly Agree,5,2,4,4,2,2,1,1,3.3333333333333335,2,2.8000000000000003,3.2
2026/09/07 11:57:00 AM GMT+3,18–24,Prefer not to say,Kigamboni,Self-employed,Halotel,3–5 years,"5,000–10,000",11–30,61–120,More than 30,Mobile Money,Daily,Yes,Better internet,1.0,No,Yes,Agree,1,2,2,3,3,3,4,4,2.6666666666666665,2,2.55,2.1999999999999997
2026/09/07 12:41:00 PM GMT+3,Under 18,Prefer not to say,Ubungo,Self-employed,TTCL,1–2 years,"10,001–20,000",More than 60,121–300,More than 30,Mobile Money,Occasionally,No,Other,2.0,No,No,Strongly Agree,0,3,4,4,3,2,1,1,3.6666666666666665,3,3.25,2.0
2026/09/07 01:28:00 PM GMT+3,55+,Female,Temeke,Unemployed,Vodacom,Less than 1 year,"Less than TZS 5,000",11–30,61–120,11–30,Mobile Money,Weekly,No,N/A,4.0,No,Yes,Strongly Agree,5,1,2,3,2,1,3,3,2.3333333333333335,1,2.0,2.2
2026/09/07 01:31:00 PM GMT+3,45–54,Male,Temeke,Employed,Halotel,More than 5 years,"5,000–10,000",31–60,More than 300,None,SMS,Daily,Yes,Better network coverage,2.0,Yes,No,Neutral,4,2,3,5,0,4,4,4,2.6666666666666665,2,2.9499999999999997,3.2
2026/09/07 03:19:00 PM GMT+3,25–34,Female,Kigamboni,Self-employed,Halotel,Less than 1 year,"10,001–20,000",None,More than 300,11–30,SMS,Occasionally,Yes,N/A,5.0,No,No,Neutral,2,3,0,5,2,1,1,1,2.3333333333333335,3,2.6,2.6
2026/09/07 04:33:00 PM GMT+3,Under 18,Female,Kigamboni,Business owner,Halotel,3–5 years,"5,000–10,000",1–10,More than 300,More than 30,Voice Calls,Occasionally,Yes,N/A,2.0,Yes,Yes,Strongly Agree,0,2,1,5,3,3,1,1,3.0,2,2.55,2.5999999999999996
2026/09/07 05:16:00 PM GMT+3,35–44,Prefer not to say,Kinondoni,Unemployed,Airtel,More than 5 years,"20,001–50,000",1–10,30–60,11–30,Mobile Money,Monthly,No,N/A,1.0,No,No,Strongly Disagree,3,4,1,2,2,4,2,2,1.6666666666666667,4,2.5000000000000004,2.8
2026/09/07 06:19:00 PM GMT+3,55+,Female,Ilala,Business owner,Tigo,More than 5 years,"Less than TZS 5,000",None,More than 300,1–10,Internet,Daily,No,N/A,2.0,No,No,Neutral,5,1,0,5,1,4,4,4,2.0,1,2.1,3.2
2026/09/07 07:48:00 PM GMT+3,55+,Male,Ilala,Unemployed,TTCL,More than 5 years,"20,001–50,000",None,121–300,11–30,Internet,Daily,No,N/A,3.0,Yes,Yes,Agree,5,4,0,4,2,4,4,4,2.0,4,3.0,3.6
2026/09/07 09:36:00 PM GMT+3,45–54,Female,Kinondoni,Employed,TTCL,More than 5 years,"20,001–50,000",More than 60,Less than 30,11–30,Internet,Daily,No,N/A,5.0,Yes,No,Strongly Agree,4,4,4,1,2,4,4,4,2.3333333333333335,4,3.0500000000000003,4.4
2026/09/07 09:55:00 PM GMT+3,45–54,Male,Temeke,Business owner,TTCL,More than 5 years,"20,001–50,000",1–10,61–120,1–10,Mobile Money,Occasionally,No,Lower prices,4.0,Yes,Yes,Agree,4,4,1,3,1,4,1,1,1.6666666666666667,4,2.5500000000000003,4.0
2026/09/07 10:54:00 PM GMT+3,Under 18,Prefer not to say,Temeke,Business owner,Vodacom,3–5 years,"Less than TZS 5,000",More than 60,Less than 30,11–30,Internet,Weekly,No,N/A,1.0,No,Yes,Strongly Agree,0,1,4,1,2,3,3,3,2.3333333333333335,1,1.9,2.1999999999999997
2026/09/08 12:43:00 AM GMT+3,45–54,Male,Kinondoni,Student,TTCL,1–2 years,"10,001–20,000",1–10,61–120,None,Mixed Usage,Occasionally,No,Lower prices,4.0,Yes,Yes,Agree,4,3,1,3,0,2,1,1,1.3333333333333333,3,2.0999999999999996,2.8
2026/09/08 02:14:00 AM GMT+3,25–34,Prefer not to say,Ubungo,Employed,Airtel,3–5 years,"Less than TZS 5,000",31–60,Less than 30,None,Internet,Occasionally,No,N/A,1.0,Yes,Yes,Strongly Disagree,2,1,3,1,0,3,1,1,1.3333333333333333,1,1.3000000000000003,2.1999999999999997
2026/09/08 02:45:00 AM GMT+3,Under 18,Male,Temeke,Student,TTCL,1–2 years,"More than 50,000",11–30,61–120,None,Voice Calls,Occasionally,No,Promotions,5.0,Yes,Yes,Agree,0,5,2,3,0,2,1,1,1.6666666666666667,5,3.0,3.2
2026/09/08 04:17:00 AM GMT+3,Under 18,Male,Ubungo,Self-employed,Tigo,1–2 years,"10,001–20,000",More than 60,Less than 30,More than 30,Mobile Money,Monthly,Yes,Better internet,5.0,No,No,Neutral,0,3,4,1,3,2,2,2,2.6666666666666665,3,2.5999999999999996,3.2
2026/09/08 06:14:00 AM GMT+3,45–54,Prefer not to say,Temeke,Employed,Tigo,Less than 1 year,"Less than TZS 5,000",More than 60,More than 300,More than 30,Mobile Money,Weekly,Yes,N/A,5.0,Yes,Yes,Agree,4,1,4,5,3,1,3,3,4.0,1,3.0,2.6
2026/09/08 07:14:00 AM GMT+3,55+,Female,Temeke,Student,Tigo,1–2 years,"Less than TZS 5,000",1–10,30–60,1–10,SMS,Occasionally,Yes,Better internet,5.0,Yes,No,Strongly Agree,5,1,1,2,1,2,1,1,1.3333333333333333,1,1.2500000000000002,3.2
2026/09/08 07:44:00 AM GMT+3,35–44,Female,Temeke,Unemployed,TTCL,1–2 years,"5,000–10,000",31–60,More than 300,More than 30,Voice Calls,Daily,No,N/A,2.0,No,Yes,Agree,3,2,3,5,3,2,4,4,3.6666666666666665,2,3.25,2.0
2026/09/08 08:09:00 AM GMT+3,55+,Prefer not to say,Ubungo,Self-employed,Vodacom,1–2 years,"More than 50,000",More than 60,Less than 30,11–30,SMS,Monthly,Yes,Better network coverage,3.0,Yes,Yes,Strongly Agree,5,5,4,1,2,2,2,2,2.3333333333333335,5,3.2,2.4000000000000004
2026/09/08 09:35:00 AM GMT+3,Under 18,Prefer not to say,Ilala,Student,Tigo,More than 5 years,"20,001–50,000",More than 60,Less than 30,More than 30,Mixed Usage,Occasionally,No,Better network coverage,3.0,Yes,Yes,Strongly Agree,0,4,4,1,3,4,1,1,2.6666666666666665,4,2.8500000000000005,3.6
2026/09/08 11:24:00 AM GMT+3,Under 18,Female,Kigamboni,Employed,Vodacom,3–5 years,"20,001–50,000",11–30,121–300,1–10,Voice Calls,Monthly,No,Other,1.0,No,No,Strongly Agree,0,4,2,4,1,3,2,2,2.3333333333333335,4,3.1,2.1999999999999997
2026/09/08 12:02:00 PM GMT+3,55+,Prefer not to say,Kigamboni,Business owner,Vodacom,Less than 1 year,"5,000–10,000",1–10,61–120,None,Mixed Usage,Monthly,No,N/A,5.0,No,Yes,Neutral,5,2,1,3,0,1,2,2,1.3333333333333333,2,1.8499999999999999,2.6
2026/09/08 01:37:00 PM GMT+3,18–24,Prefer not to say,Temeke,Self-employed,Airtel,Less than 1 year,"More than 50,000",11–30,Less than 30,1–10,Internet,Occasionally,Yes,N/A,4.0,Yes,No,Agree,1,5,2,1,1,1,1,1,1.3333333333333333,5,2.6,2.2
2026/09/08 02:48:00 PM GMT+3,25–34,Female,Kinondoni,Employed,TTCL,More than 5 years,"10,001–20,000",31–60,30–60,None,Internet,Daily,No,Better network coverage,5.0,Yes,No,Strongly Disagree,2,3,3,2,0,4,4,4,1.6666666666666667,3,2.55,4.4
2026/09/08 03:11:00 PM GMT+3,18–24,Female,Temeke,Self-employed,Airtel,More than 5 years,"10,001–20,000",31–60,Less than 30,None,Mobile Money,Daily,Yes,Promotions,5.0,No,Yes,Neutral,1,3,3,1,0,4,4,4,1.3333333333333333,3,2.3,4.4
2026/09/08 04:05:00 PM GMT+3,18–24,Male,Temeke,Student,Airtel,3–5 years,"10,001–20,000",More than 60,61–120,None,Mobile Money,Daily,No,N/A,3.0,Yes,No,Neutral,1,3,4,3,0,3,4,4,2.3333333333333335,3,2.9999999999999996,3.0
2026/09/08 06:03:00 PM GMT+3,35–44,Male,Ilala,Unemployed,Tigo,More than 5 years,"Less than TZS 5,000",11–30,30–60,1–10,Voice Calls,Occasionally,Yes,N/A,5.0,No,No,Strongly Disagree,3,1,2,2,1,4,1,1,1.6666666666666667,1,1.4500000000000002,4.4
2026/09/08 06:35:00 PM GMT+3,25–34,Female,Ilala,Self-employed,Halotel,1–2 years,"Less than TZS 5,000",31–60,More than 300,None,Voice Calls,Monthly,No,N/A,2.0,Yes,No,Strongly Agree,2,1,3,5,0,2,2,2,2.6666666666666665,1,2.4000000000000004,2.0
2026/09/08 06:54:00 PM GMT+3,35–44,Prefer not to say,Ilala,Student,Halotel,3–5 years,"5,000–10,000",None,Less than 30,1–10,Mixed Usage,Monthly,No,Better customer service,1.0,No,No,Strongly Agree,3,2,0,1,1,3,2,2,0.6666666666666666,2,1.25,2.1999999999999997
2026/09/08 07:09:00 PM GMT+3,25–34,Male,Kigamboni,Employed,Airtel,Less than 1 year,"10,001–20,000",None,121–300,11–30,Mixed Usage,Monthly,No,N/A,4.0,Yes,Yes,Strongly Disagree,2,3,0,4,2,1,2,2,2.0,3,2.45,2.2
2026/09/08 08:58:00 PM GMT+3,55+,Male,Kinondoni,Business owner,Airtel,3–5 years,"20,001–50,000",More than 60,30–60,More than 30,Internet,Weekly,No,Other,3.0,Yes,Yes,Strongly Agree,5,4,4,2,3,3,3,3,3.0,4,3.3,3.0
2026/09/08 09:05:00 PM GMT+3,35–44,Male,Temeke,Unemployed,Halotel,More than 5 years,"5,000–10,000",31–60,30–60,1–10,Voice Calls,Weekly,Yes,N/A,2.0,No,No,Strongly Agree,3,2,3,2,1,4,3,3,2.0,2,2.2,3.2
2026/09/08 09:41:00 PM GMT+3,45–54,Prefer not to say,Kinondoni,Employed,Airtel,3–5 years,"10,001–20,000",More than 60,Less than 30,More than 30,Voice Calls,Occasionally,No,Better internet,4.0,No,No,Agree,4,3,4,1,3,3,1,1,2.6666666666666665,3,2.5,3.4
2026/09/08 11:33:00 PM GMT+3,35–44,Female,Ilala,Unemployed,TTCL,Less than 1 year,"More than 50,000",11–30,More than 300,None,Mobile Money,Occasionally,No,N/A,3.0,Yes,Yes,Neutral,3,5,2,5,0,1,1,1,2.3333333333333335,5,3.5,1.8000000000000003
2026/09/09 01:22:00 AM GMT+3,55+,Prefer not to say,Ilala,Employed,Tigo,3–5 years,"10,001–20,000",1–10,30–60,None,Mixed Usage,Monthly,Yes,Promotions,5.0,Yes,Yes,Strongly Agree,5,3,1,2,0,3,2,2,1.0,3,1.9499999999999997,3.8
2026/09/09 02:38:00 AM GMT+3,18–24,Female,Kinondoni,Self-employed,Airtel,3–5 years,"20,001–50,000",11–30,Less than 30,11–30,Mobile Money,Daily,No,N/A,3.0,No,No,Strongly Disagree,1,4,2,1,2,3,4,4,1.6666666666666667,4,2.65,3.0
2026/09/09 03:22:00 AM GMT+3,Under 18,Male,Ubungo,Student,Airtel,3–5 years,"5,000–10,000",31–60,30–60,1–10,Mobile Money,Monthly,Yes,N/A,4.0,Yes,Yes,Strongly Agree,0,2,3,2,1,3,2,2,2.0,2,2.1,3.4
2026/09/09 04:11:00 AM GMT+3,18–24,Prefer not to say,Ilala,Unemployed,Halotel,3–5 years,"20,001–50,000",1–10,61–120,1–10,Internet,Occasionally,No,N/A,1.0,Yes,No,Strongly Disagree,1,4,1,3,1,3,1,1,1.6666666666666667,4,2.5500000000000003,2.1999999999999997
2026/09/09 05:30:00 AM GMT+3,Under 18,Female,Temeke,Unemployed,Tigo,Less than 1 year,"10,001–20,000",More than 60,61–120,11–30,Mobile Money,Monthly,Yes,N/A,4.0,No,Yes,Strongly Disagree,0,3,4,3,2,1,2,2,3.0,3,3.0,2.2
2026/09/09 07:06:00 AM GMT+3,45–54,Prefer not to say,Temeke,Unemployed,Airtel,1–2 years,"5,000–10,000",None,30–60,11–30,Mixed Usage,Occasionally,Yes,N/A,3.0,Yes,Yes,Strongly Disagree,4,2,0,2,2,2,1,1,1.3333333333333333,2,1.5,2.4000000000000004
2026/09/09 08:43:00 AM GMT+3,Under 18,Prefer not to say,Kigamboni,Self-employed,Vodacom,1–2 years,"Less than TZS 5,000",11–30,Less than 30,1–10,Internet,Weekly,Yes,Better customer service,1.0,Yes,No,Strongly Disagree,0,1,2,1,1,2,3,3,1.3333333333333333,1,1.4000000000000001,1.6
2026/09/09 10:41:00 AM GMT+3,55+,Prefer not to say,Ilala,Business owner,Halotel,Less than 1 year,"10,001–20,000",1–10,121–300,More than 30,SMS,Daily,No,N/A,2.0,No,No,Neutral,5,3,1,4,3,1,4,4,2.6666666666666665,3,2.95,1.4
2026/09/09 11:29:00 AM GMT+3,25–34,Prefer not to say,Ilala,Employed,Airtel,3–5 years,"Less than TZS 5,000",31–60,More than 300,None,Internet,Weekly,Yes,N/A,4.0,Yes,No,Agree,2,1,3,5,0,3,3,3,2.6666666666666665,1,2.5,3.4
2026/09/09 01:24:00 PM GMT+3,45–54,Prefer not to say,Ubungo,Self-employed,Halotel,More than 5 years,"10,001–20,000",1–10,More than 300,11–30,Voice Calls,Occasionally,Yes,Other,2.0,Yes,Yes,Strongly Agree,4,3,1,5,2,4,1,1,2.6666666666666665,3,2.8000000000000003,3.2
2026/09/09 02:13:00 PM GMT+3,18–24,Male,Kinondoni,Unemployed,Tigo,1–2 years,"10,001–20,000",None,121–300,More than 30,Voice Calls,Weekly,No,N/A,3.0,Yes,No,Strongly Agree,1,3,0,4,3,2,3,3,2.3333333333333335,3,2.6499999999999995,2.4000000000000004
2026/09/09 02:25:00 PM GMT+3,Under 18,Prefer not to say,Ilala,Employed,TTCL,Less than 1 year,"Less than TZS 5,000",1–10,61–120,More than 30,Mixed Usage,Daily,No,Better network coverage,4.0,No,Yes,Strongly Disagree,0,1,1,3,3,1,4,4,2.3333333333333335,1,2.0,2.2
2026/09/09 03:41:00 PM GMT+3,Under 18,Female,Kigamboni,Unemployed,Airtel,More than 5 years,"20,001–50,000",More than 60,More than 300,11–30,Mobile Money,Daily,No,N/A,3.0,No,No,Neutral,0,4,4,5,2,4,4,4,3.6666666666666665,4,4.05,3.6
2026/09/09 03:43:00 PM GMT+3,25–34,Prefer not to say,Ubungo,Student,TTCL,1–2 years,"More than 50,000",More than 60,61–120,More than 30,Internet,Daily,No,Lower prices,5.0,Yes,Yes,Neutral,2,5,4,3,3,2,4,4,3.3333333333333335,5,4.0,3.2
2026/09/09 04:06:00 PM GMT+3,45–54,Prefer not to say,Ilala,Employed,Tigo,3–5 years,"20,001–50,000",None,61–120,1–10,Internet,Weekly,Yes,Lower prices,1.0,Yes,No,Strongly Agree,4,4,0,3,1,3,3,3,1.3333333333333333,4,2.5500000000000003,2.1999999999999997
2026/09/09 05:11:00 PM GMT+3,18–24,Male,Kinondoni,Self-employed,Airtel,More than 5 years,"20,001–50,000",11–30,121–300,1–10,Voice Calls,Daily,Yes,Promotions,4.0,No,No,Agree,1,4,2,4,1,4,4,4,2.3333333333333335,4,3.3,4.0
2026/09/09 05:25:00 PM GMT+3,18–24,Male,Kinondoni,Student,TTCL,3–5 years,"5,000–10,000",More than 60,Less than 30,1–10,Voice Calls,Weekly,No,N/A,1.0,No,No,Agree,1,2,4,1,1,3,3,3,2.0,2,2.15,2.1999999999999997
